"Item ID","Item Name","Category Name","Category ID","Unit (UOM)","Unit ID","Opening Quantity","Opening Stock (Text)","Min Quantity","Model","Grade","Height","Width","Length","Thickness","Type","Classification","Placement / Warehouse","Composition","Outer Diameter","Inner Diameter","No of Coil","Is Deleted","Created At","Updated At"
"2","BEARING 608 ZZ","Raw Material","1","NOS","0","0","NA","0","","C","0","0","0","0","","SEMI_FINISH","Store MHEL","","","","0","No","0000-00-00 00:00:00","0000-00-00 00:00:00"
"3","BEARING 2216","Raw Material","1","NOS","0","0","2","0","","A","0","0","0","0","","FINISH","Store MHEL","","","","0","No","0000-00-00 00:00:00","0000-00-00 00:00:00"
"4","BEARING 6014","Raw Material","1","NOS","0","0","NA","0","","A","0","0","0","0","","","Store MHEL","","","","0","No","0000-00-00 00:00:00","0000-00-00 00:00:00"
"5","BEARING 6019","Raw Material","1","NOS","0","0","NA","0","","A","0","0","0","0","","","Store MHEL","","","","0","No","0000-00-00 00:00:00","0000-00-00 00:00:00"
"6","BEARING 6200","Raw Material","1","NOS","0","0","NA","0","","A","0","0","0","0","","","Store MHEL","","","","0","No","0000-00-00 00:00:00","0000-00-00 00:00:00"
"7","BEARING 6201","Raw Material","1","NOS","0","0","NA","0","","B","0","0","0","0","","","Store MHEL","","","","0","No","0000-00-00 00:00:00","0000-00-00 00:00:00"
"8","BEARING 6202","Raw Material","1","NOS","0","0","NA","0","","B","0","0","0","0","","","Store MHEL","","","","0","No","0000-00-00 00:00:00","0000-00-00 00:00:00"
"9","BEARING 6206","Raw Material","1","NOS","0","0","NA","0","","B","0","0","0","0","","","Store MHEL","","","","0","No","0000-00-00 00:00:00","0000-00-00 00:00:00"
"10","BEARING 6205","Raw Material","1","NOS","0","0","NA","0","","B","0","0","0","0","","","Store MHEL","","","","0","No","0000-00-00 00:00:00","0000-00-00 00:00:00"
"11","BEARING 6208","Raw Material","1","NOS","0","0","NA","0","","B","0","0","0","0","","","Store MHEL","","","","0","No","0000-00-00 00:00:00","0000-00-00 00:00:00"
"12","BEARING 6209","Raw Material","1","NOS","0","0","NA","0","","B","0","0","0","0","","","Store MHEL","","","","0","No","0000-00-00 00:00:00","0000-00-00 00:00:00"
"13","BEARING 6210","Raw Material","1","NOS","0","0","NA","0","","A","0","0","0","0","","","Store MHEL","","","","0","No","0000-00-00 00:00:00","0000-00-00 00:00:00"
"14","BEARING 6218","Raw Material","1","NOS","0","0","16","0","","C","0","0","0","0","","","Store MHEL","","","","0","No","0000-00-00 00:00:00","0000-00-00 00:00:00"
"15","BEARING 6303","Raw Material","1","NOS","0","0","10","0","","C","0","0","0","0","","","Store MHEL","","","","0","No","0000-00-00 00:00:00","0000-00-00 00:00:00"
"16","BEARING 6305","Raw Material","1","NOS","0","0","NA","0","","C","0","0","0","0","","","Store MHEL","","","","0","No","0000-00-00 00:00:00","0000-00-00 00:00:00"
"17","BEARING 6306","Raw Material","1","NOS","0","0","NA","0","","C","0","0","0","0","","","Store MHEL","","","","0","No","0000-00-00 00:00:00","0000-00-00 00:00:00"
"18","BEARING 6308","Raw Material","1","NOS","0","0","NA","0","","C","0","0","0","0","","","Store MHEL","","","","0","No","0000-00-00 00:00:00","0000-00-00 00:00:00"
"19","BEARING 6309","Raw Material","1","NOS","0","0","NA","0","","C","0","0","0","0","","","Store MHEL","","","","0","No","0000-00-00 00:00:00","0000-00-00 00:00:00"
"20","BEARING 6322","Raw Material","1","NOS","0","0","NA","0","","B","0","0","0","0","","","Store MHEL","","","","0","No","0000-00-00 00:00:00","0000-00-00 00:00:00"
"21","BEARING 6312","Raw Material","1","NOS","0","0","NA","0","","B","0","0","0","0","","","Store MHEL","","","","0","No","0000-00-00 00:00:00","0000-00-00 00:00:00"
"22","BEARING 6320 C3","Raw Material","1","NOS","0","0","2","0","","B","0","0","0","0","","","Store MHEL","","","","0","No","0000-00-00 00:00:00","0000-00-00 00:00:00"
"23","BEARING 7221","Raw Material","1","NOS","0","0","13","0","","A","0","0","0","0","","","Store MHEL","","","","0","No","0000-00-00 00:00:00","0000-00-00 00:00:00"
"24","BEARING 6215","Raw Material","1","NOS","0","0","4","0","","B","0","0","0","0","","","Store MHEL","","","","0","No","0000-00-00 00:00:00","0000-00-00 00:00:00"
"25","BEARING 6301","Raw Material","1","NOS","0","0","NA","0","","B","0","0","0","0","","","Store MHEL","","","","0","No","0000-00-00 00:00:00","0000-00-00 00:00:00"
"26","BEARING 6304","Raw Material","1","NOS","0","0","NA","0","","B","0","0","0","0","","","Store MHEL","","","","0","No","0000-00-00 00:00:00","0000-00-00 00:00:00"
"27","BEARING 6203","Raw Material","1","NOS","0","0","NA","0","","B","0","0","0","0","","","Store MHEL","","","","0","No","0000-00-00 00:00:00","0000-00-00 00:00:00"
"28","BEARING 6212","Raw Material","1","NOS","0","0","NA","0","","B","0","0","0","0","","","Store MHEL","","","","0","No","0000-00-00 00:00:00","0000-00-00 00:00:00"
"29","BEARING 30308","Raw Material","1","NOS","0","0","NA","0","","A","0","0","0","0","","","Store MHEL","","","","0","No","0000-00-00 00:00:00","0000-00-00 00:00:00"
"30","BEARING 32211","Raw Material","1","NOS","0","0","NA","0","","A","0","0","0","0","","","Store MHEL","","","","0","No","0000-00-00 00:00:00","0000-00-00 00:00:00"
"31","BEARING 32021","Raw Material","1","NOS","0","0","2","0","","A","0","0","0","0","","","Store MHEL","","","","0","No","0000-00-00 00:00:00","0000-00-00 00:00:00"
"32","BEARING 22220 C3","Raw Material","1","NOS","0","0","NA","0","","A","0","0","0","0","","","Store MHEL","","","","0","No","0000-00-00 00:00:00","0000-00-00 00:00:00"
"33","BEARING 22220 K","Raw Material","1","NOS","0","0","NA","0","","A","0","0","0","0","","","Store MHEL","","","","0","No","0000-00-00 00:00:00","0000-00-00 00:00:00"
"34","BEARING 22226 C3","Raw Material","1","NOS","0","0","1","0","","A","0","0","0","0","","","Store MHEL","","","","0","No","0000-00-00 00:00:00","0000-00-00 00:00:00"
"35","BEARING 22324 C3","Raw Material","1","NOS","0","0","2","0","","A","0","0","0","0","","","Store MHEL","","","","0","No","0000-00-00 00:00:00","0000-00-00 00:00:00"
"36","BEARING 30212","Raw Material","1","NOS","0","0","NA","0","","A","0","0","0","0","","","Store MHEL","","","","0","No","0000-00-00 00:00:00","0000-00-00 00:00:00"
"37","BEARING 30310","Raw Material","1","NOS","0","0","NA","0","","A","0","0","0","0","","","Store MHEL","","","","0","No","0000-00-00 00:00:00","0000-00-00 00:00:00"
"38","BEARING 32209","Raw Material","1","NOS","0","0","1","0","","A","0","0","0","0","","","Store MHEL","","","","0","No","0000-00-00 00:00:00","0000-00-00 00:00:00"
"39","BEARING 30208","Raw Material","1","NOS","0","0","NA","0","","A","0","0","0","0","","","Store MHEL","","","","0","No","0000-00-00 00:00:00","0000-00-00 00:00:00"
"40","BEARING 30306","Raw Material","1","NOS","0","0","NA","0","","A","0","0","0","0","","","Store MHEL","","","","0","No","0000-00-00 00:00:00","0000-00-00 00:00:00"
"41","BEARING 30207","Raw Material","1","NOS","0","0","NA","0","","A","0","0","0","0","","","Store MHEL","","","","0","No","0000-00-00 00:00:00","0000-00-00 00:00:00"
"42","BEARING 30209","Raw Material","1","NOS","0","0","NA","0","","A","0","0","0","0","","","Store MHEL","","","","0","No","0000-00-00 00:00:00","0000-00-00 00:00:00"
"43","BEARING 32012X","Raw Material","1","NOS","0","0","NA","0","","A","0","0","0","0","","","Store MHEL","","","","0","No","0000-00-00 00:00:00","0000-00-00 00:00:00"
"44","BEARING 32015","Raw Material","1","NOS","0","0","7","0","","A","0","0","0","0","","","Store MHEL","","","","0","No","0000-00-00 00:00:00","0000-00-00 00:00:00"
"45","BEARING 32308","Raw Material","1","NOS","0","0","NA","0","","A","0","0","0","0","","","Store MHEL","","","","0","No","0000-00-00 00:00:00","0000-00-00 00:00:00"
"46","BEARING 32215","Raw Material","1","NOS","0","0","1","0","","A","0","0","0","0","","","Store MHEL","","","","0","No","0000-00-00 00:00:00","0000-00-00 00:00:00"
"47","BEARING 32310","Raw Material","1","NOS","0","0","1","0","","A","0","0","0","0","","","Store MHEL","","","","0","No","0000-00-00 00:00:00","0000-00-00 00:00:00"
"48","BEARING 23230 C3","Raw Material","1","NOS","0","0","NA","0","","A","0","0","0","0","","","Store MHEL","","","","0","No","0000-00-00 00:00:00","0000-00-00 00:00:00"
"49","BEARING 22340 C3","Raw Material","1","NOS","0","0","NA","0","","A","0","0","0","0","","","Store MHEL","","","","0","No","0000-00-00 00:00:00","0000-00-00 00:00:00"
"50","BEARING 22322 C3","Raw Material","1","NOS","0","0","NA","0","","A","0","0","0","0","","","Store MHEL","","","","0","No","0000-00-00 00:00:00","0000-00-00 00:00:00"
"51","BEARING 22322 C4","Raw Material","1","NOS","0","0","NA","0","","A","0","0","0","0","","","Store MHEL","","","","0","No","0000-00-00 00:00:00","0000-00-00 00:00:00"
"52","BEARING 22240 C3","Raw Material","1","NOS","0","0","2","0","","A","0","0","0","0","","","Store MHEL","","","","0","No","0000-00-00 00:00:00","0000-00-00 00:00:00"
"53","BEARING 22222 C3","Raw Material","1","NOS","0","0","NA","0","","A","0","0","0","0","","","Store MHEL","","","","0","No","0000-00-00 00:00:00","0000-00-00 00:00:00"
"54","BEARING 22222 K","Raw Material","1","NOS","0","0","3","0","","A","0","0","0","0","","","Store MHEL","","","","0","No","0000-00-00 00:00:00","0000-00-00 00:00:00"
"55","BEARING 23040 C3","Raw Material","1","NOS","0","0","2","0","","A","0","0","0","0","","","Store MHEL","","","","0","No","0000-00-00 00:00:00","0000-00-00 00:00:00"
"56","Sleeve H-322","Raw Material","1","NOS","0","0","3","0","","A","0","0","0","0","","","Store MHEL","","","","0","No","0000-00-00 00:00:00","0000-00-00 00:00:00"
"57","Plummer Block SN-522","Raw Material","1","NOS","0","0","3","0","","A","0","0","0","0","","","Store MHEL","","","","0","No","0000-00-00 00:00:00","0000-00-00 00:00:00"
"58","BEARING 22219","Raw Material","1","NOS","0","0","NA","0","","A","0","0","0","0","","","Store MHEL","","","","0","No","0000-00-00 00:00:00","0000-00-00 00:00:00"
"59","Bearing 22313 ","Raw Material","1","NOS","0","0","NA","0","","A","0","0","0","0","","","Store MHEL","","","","0","No","0000-00-00 00:00:00","0000-00-00 00:00:00"
"60","Bearing 22316 C3","Raw Material","1","NOS","0","0","NA","0","","A","0","0","0","0","","","Store MHEL","","","","0","No","0000-00-00 00:00:00","0000-00-00 00:00:00"
"61","BEARING 22319","Raw Material","1","NOS","0","0","NA","0","","A","0","0","0","0","","","Store MHEL","","","","0","No","0000-00-00 00:00:00","0000-00-00 00:00:00"
"62","BEARING 22230 C3","Raw Material","1","NOS","0","0","NA","0","","A","0","0","0","0","","","Store MHEL","","","","0","No","0000-00-00 00:00:00","0000-00-00 00:00:00"
"63","BEARING 22332 C3","Raw Material","1","NOS","0","0","NA","0","","A","0","0","0","0","","","Store MHEL","","","","0","No","0000-00-00 00:00:00","0000-00-00 00:00:00"
"64","BEARING 22319 C4","Raw Material","1","NOS","0","0","NA","0","","A","0","0","0","0","","","Store MHEL","","","","0","No","0000-00-00 00:00:00","0000-00-00 00:00:00"
"65","BEARING 22320 C3","Raw Material","1","NOS","0","0","1","0","","A","0","0","0","0","","","Store MHEL","","","","0","No","0000-00-00 00:00:00","0000-00-00 00:00:00"
"66","BEARING 22317 C4","Raw Material","1","NOS","0","0","NA","0","","A","0","0","0","0","","","Store MHEL","","","","0","No","0000-00-00 00:00:00","0000-00-00 00:00:00"
"67","BEARING 22326 C3","Raw Material","1","NOS","0","0","1","0","","A","0","0","0","0","","","Store MHEL","","","","0","No","0000-00-00 00:00:00","0000-00-00 00:00:00"
"68","BEARING 23136 C3","Raw Material","1","NOS","0","0","2","0","","A","0","0","0","0","","","Store MHEL","","","","0","No","0000-00-00 00:00:00","0000-00-00 00:00:00"
"69","BEARING 23140 C3","Raw Material","1","NOS","0","0","NA","0","","A","0","0","0","0","","","Store MHEL","","","","0","No","0000-00-00 00:00:00","0000-00-00 00:00:00"
"70","BEARING 22224 C3","Raw Material","1","NOS","0","0","NA","0","","A","0","0","0","0","","","Store MHEL","","","","0","No","0000-00-00 00:00:00","0000-00-00 00:00:00"
"71","BEARING 22328 C3","Raw Material","1","NOS","0","0","2","0","","A","0","0","0","0","","","Store MHEL","","","","0","No","0000-00-00 00:00:00","0000-00-00 00:00:00"
"72","BEARING 22328 C4","Raw Material","1","NOS","0","0","NA","0","","A","0","0","0","0","","","Store MHEL","","","","0","No","0000-00-00 00:00:00","0000-00-00 00:00:00"
"73","BEARING 23236 C3","Raw Material","1","NOS","0","0","NA","0","","A","0","0","0","0","","","Store MHEL","","","","0","No","0000-00-00 00:00:00","0000-00-00 00:00:00"
"74","BEARING 23144 C3","Raw Material","1","NOS","0","0","NA","0","","A","0","0","0","0","","","Store MHEL","","","","0","No","0000-00-00 00:00:00","0000-00-00 00:00:00"
"75","BEARING 22336 C3","Raw Material","1","NOS","0","0","NA","0","","A","0","0","0","0","","","Store MHEL","","","","0","No","0000-00-00 00:00:00","0000-00-00 00:00:00"
"76","BEARING 24060 C3","Raw Material","1","NOS","0","0","NA","0","","A","0","0","0","0","","","Store MHEL","","","","0","No","0000-00-00 00:00:00","0000-00-00 00:00:00"
"77","BEARING 23156 C3","Raw Material","1","NOS","0","0","NA","0","","A","0","0","0","0","","","Store MHEL","","","","0","No","0000-00-00 00:00:00","0000-00-00 00:00:00"
"78","BEARING 23156 K","Raw Material","1","NOS","0","0","NA","0","","A","0","0","0","0","","","Store MHEL","","","","0","No","0000-00-00 00:00:00","0000-00-00 00:00:00"
"79","BEARING 22244 C3","Raw Material","1","NOS","0","0","NA","0","","A","0","0","0","0","","","Store MHEL","","","","0","No","0000-00-00 00:00:00","0000-00-00 00:00:00"
"80","BEARING 22348 K","Raw Material","1","NOS","0","0","NA","0","","A","0","0","0","0","","","Store MHEL","","","","0","No","0000-00-00 00:00:00","0000-00-00 00:00:00"
"81","BEARING 24128 C3","Raw Material","1","NOS","0","0","NA","0","","A","0","0","0","0","","","Store MHEL","","","","0","No","0000-00-00 00:00:00","0000-00-00 00:00:00"
"82","BEARING 32208","Raw Material","1","NOS","0","0","NA","0","","A","0","0","0","0","","","Store MHEL","","","","0","No","0000-00-00 00:00:00","0000-00-00 00:00:00"
"83","BEARING 32026","Raw Material","1","NOS","0","0","NA","0","","A","0","0","0","0","","","Store MHEL","","","","0","No","0000-00-00 00:00:00","0000-00-00 00:00:00"
"84","BEARING 30212","Raw Material","1","NOS","0","0","NA","0","","A","0","0","0","0","","","Store MHEL","","","","0","No","0000-00-00 00:00:00","0000-00-00 00:00:00"
"85","BEARING 30204","Raw Material","1","NOS","0","0","3","0","","A","0","0","0","0","","","Store MHEL","","","","0","No","0000-00-00 00:00:00","0000-00-00 00:00:00"
"86","BEARING 30205","Raw Material","1","NOS","0","0","NA","0","","A","0","0","0","0","","","Store MHEL","","","","0","No","0000-00-00 00:00:00","0000-00-00 00:00:00"
"87","BEARING 30206","Raw Material","1","NOS","0","0","NA","0","","A","0","0","0","0","","","Store MHEL","","","","0","No","0000-00-00 00:00:00","0000-00-00 00:00:00"
"88","BEARING 30207","Raw Material","1","NOS","0","0","NA","0","","A","0","0","0","0","","","Store MHEL","","","","0","No","0000-00-00 00:00:00","0000-00-00 00:00:00"
"89","BEARING 30318","Raw Material","1","NOS","0","0","4","0","","A","0","0","0","0","","","Store MHEL","","","","0","No","0000-00-00 00:00:00","0000-00-00 00:00:00"
"90","BEARING 30317","Raw Material","1","NOS","0","0","2","0","","A","0","0","0","0","","","Store MHEL","","","","0","No","0000-00-00 00:00:00","0000-00-00 00:00:00"
"91","BEARING 33021","Raw Material","1","NOS","0","0","1","0","","A","0","0","0","0","","","Store MHEL","","","","0","No","0000-00-00 00:00:00","0000-00-00 00:00:00"
"92","BEARING 30216","Raw Material","1","NOS","0","0","0","0","","A","0","0","0","0","","","Store MHEL","","","","0","No","0000-00-00 00:00:00","0000-00-00 00:00:00"
"93","BEARING LS-9","Raw Material","1","NOS","0","0","0","0","","A","0","0","0","0","","","Store MHEL","","","","0","No","0000-00-00 00:00:00","0000-00-00 00:00:00"
"94","Bearing 23124 C3","Raw Material","1","NOS","0","0","0","0","","A","0","0","0","0","","","Store MHEL","","","","0","No","0000-00-00 00:00:00","0000-00-00 00:00:00"
"95","BEARING NJ-2311","Raw Material","1","NOS","0","0","12","0","","A","0","0","0","0","","","Store MHEL","","","","0","No","0000-00-00 00:00:00","0000-00-00 00:00:00"
"96","BEARING NJ-409","Raw Material","1","NOS","0","0","NA","0","","A","0","0","0","0","","","Store MHEL","","","","0","No","0000-00-00 00:00:00","0000-00-00 00:00:00"
"97","BEARING NJ-2315","Raw Material","1","NOS","0","0","10","0","","A","0","0","0","0","","","Store MHEL","","","","0","No","0000-00-00 00:00:00","0000-00-00 00:00:00"
"98","BEARING NJ-2316","Raw Material","1","NOS","0","0","2","0","","A","0","0","0","0","","","Store MHEL","","","","0","No","0000-00-00 00:00:00","0000-00-00 00:00:00"
"99","BEARING NJ-2308","Raw Material","1","NOS","0","0","10","0","","A","0","0","0","0","","","Store MHEL","","","","0","No","0000-00-00 00:00:00","0000-00-00 00:00:00"
"100","BEARING NJ-310","Raw Material","1","NOS","0","0","4","0","","A","0","0","0","0","","","Store MHEL","","","","0","No","0000-00-00 00:00:00","0000-00-00 00:00:00"
"101","BEARING NU-216","Raw Material","1","NOS","0","0","2","0","","A","0","0","0","0","","","Store MHEL","","","","0","No","0000-00-00 00:00:00","0000-00-00 00:00:00"
"102","BEARING NU-318","Raw Material","1","NOS","0","0","3","0","","A","0","0","0","0","","","Store MHEL","","","","0","No","0000-00-00 00:00:00","0000-00-00 00:00:00"
"103","BEARING NU-320","Raw Material","1","NOS","0","0","2","0","","A","0","0","0","0","","","Store MHEL","","","","0","No","0000-00-00 00:00:00","0000-00-00 00:00:00"
"104","BEARING 30320","Raw Material","1","NOS","0","0","2","0","","A","0","0","0","0","","","Store MHEL","","","","0","No","0000-00-00 00:00:00","0000-00-00 00:00:00"
"105","BEARING 22224 K","Raw Material","1","NOS","0","0","NA","0","","A","0","0","0","0","","","Store MHEL","","","","0","No","0000-00-00 00:00:00","0000-00-00 00:00:00"
"106","BEARING 51307","Raw Material","1","NOS","0","0","NA","0","","A","0","0","0","0","","","Store MHEL","","","","0","No","0000-00-00 00:00:00","0000-00-00 00:00:00"
"107","BEARING 51210","Raw Material","1","NOS","0","0","NA","0","","A","0","0","0","0","","","Store MHEL","","","","0","No","0000-00-00 00:00:00","0000-00-00 00:00:00"
"108","BEARING 51212","Raw Material","1","NOS","0","0","NA","0","","A","0","0","0","0","","","Store MHEL","","","","0","No","0000-00-00 00:00:00","0000-00-00 00:00:00"
"109","BEARING 51215","Raw Material","1","NOS","0","0","NA","0","","A","0","0","0","0","","","Store MHEL","","","","0","No","0000-00-00 00:00:00","0000-00-00 00:00:00"
"110","BEARING 51211","Raw Material","1","NOS","0","0","NA","0","","A","0","0","0","0","","","Store MHEL","","","","0","No","0000-00-00 00:00:00","0000-00-00 00:00:00"
"111","BEARING UCF-205","Raw Material","1","NOS","0","0","2","0","","A","0","0","0","0","","","Store MHEL","","","","0","No","0000-00-00 00:00:00","0000-00-00 00:00:00"
"112","BEARING 6204","Raw Material","1","NOS","0","0","2000","0","","A","0","0","0","0","","","Store MHEL","","","","0","No","0000-00-00 00:00:00","0000-00-00 00:00:00"
"113","BEARING 23252 C3","Raw Material","1","NOS","0","0","NA","0","","A","0","0","0","0","","","Store MHEL","","","","0","No","0000-00-00 00:00:00","0000-00-00 00:00:00"
"114","BEARING 22228 C3","Raw Material","1","NOS","0","0","2","0","","A","0","0","0","0","","","Store MHEL","","","","0","No","0000-00-00 00:00:00","0000-00-00 00:00:00"
"115","BEARING 22330 C3","Raw Material","1","NOS","0","0","2","0","","A","0","0","0","0","","","Store MHEL","","","","0","No","0000-00-00 00:00:00","0000-00-00 00:00:00"
"116","BEARING 22330 C4","Raw Material","1","NOS","0","0","NA","0","","A","0","0","0","0","","","Store MHEL","","","","0","No","0000-00-00 00:00:00","0000-00-00 00:00:00"
"117","BEARING 22338 K","Raw Material","1","NOS","0","0","NA","0","","A","0","0","0","0","","","Store MHEL","","","","0","No","0000-00-00 00:00:00","0000-00-00 00:00:00"
"118","BEARING 23138 C3","Raw Material","1","NOS","0","0","5","0","","A","0","0","0","0","","","Store MHEL","","","","0","No","0000-00-00 00:00:00","0000-00-00 00:00:00"
"119","BEARING 23148 C3","Raw Material","1","NOS","0","0","NA","0","","A","0","0","0","0","","","Store MHEL","","","","0","No","0000-00-00 00:00:00","0000-00-00 00:00:00"
"120","BEARING 23238 C3","Raw Material","1","NOS","0","0","NA","0","","A","0","0","0","0","","","Store MHEL","","","","0","No","0000-00-00 00:00:00","0000-00-00 00:00:00"
"121","BEARING 23238 K","Raw Material","1","NOS","0","0","2","0","","A","0","0","0","0","","","Store MHEL","","","","0","No","0000-00-00 00:00:00","0000-00-00 00:00:00"
"122","BEARING 23248 C3","Raw Material","1","NOS","0","0","NA","0","","A","0","0","0","0","","","Store MHEL","","","","0","No","0000-00-00 00:00:00","0000-00-00 00:00:00"
"123","BEARING 22344 C3","Raw Material","1","NOS","0","0","NA","0","","A","0","0","0","0","","","Store MHEL","","","","0","No","0000-00-00 00:00:00","0000-00-00 00:00:00"
"124","BEARING 24152","Raw Material","1","NOS","0","0","NA","0","","A","0","0","0","0","","","Store MHEL","","","","0","No","0000-00-00 00:00:00","0000-00-00 00:00:00"
"125","BEARING GE-200","Raw Material","1","NOS","0","0","NA","0","","A","0","0","0","0","","","Store MHEL","","","","0","No","0000-00-00 00:00:00","0000-00-00 00:00:00"
"126","BEARING GE-260","Raw Material","1","NOS","0","0","NA","0","","A","0","0","0","0","","","Store MHEL","","","","0","No","0000-00-00 00:00:00","0000-00-00 00:00:00"
"127","BEARING UCP 206","Raw Material","1","NOS","0","0","NA","0","","A","0","0","0","0","","","Store MHEL","","","","0","No","0000-00-00 00:00:00","0000-00-00 00:00:00"
"128","BEARING UCP 207","Raw Material","1","NOS","0","0","NA","0","","A","0","0","0","0","","","Store MHEL","","","","0","No","0000-00-00 00:00:00","0000-00-00 00:00:00"
"129","BEARING UCP 208","Raw Material","1","NOS","0","0","NA","0","","A","0","0","0","0","","","Store MHEL","","","","0","No","0000-00-00 00:00:00","0000-00-00 00:00:00"
"130","BEARING UCP 209","Raw Material","1","NOS","0","0","NA","0","","A","0","0","0","0","","","Store MHEL","","","","0","No","0000-00-00 00:00:00","0000-00-00 00:00:00"
"131","BEARING UCP 210","Raw Material","1","NOS","0","0","2","0","","A","0","0","0","0","","","Store MHEL","","","","0","No","0000-00-00 00:00:00","0000-00-00 00:00:00"
"132","BEARING UCP 211","Raw Material","1","NOS","0","0","4","0","","A","0","0","0","0","","","Store MHEL","","","","0","No","0000-00-00 00:00:00","0000-00-00 00:00:00"
"133","BEARING UCP 212","Raw Material","1","NOS","0","0","18","0","","A","0","0","0","0","","","Store MHEL","","","","0","No","0000-00-00 00:00:00","0000-00-00 00:00:00"
"134","BEARING UCP 213","Raw Material","1","NOS","0","0","2","0","","A","0","0","0","0","","","Store MHEL","","","","0","No","0000-00-00 00:00:00","0000-00-00 00:00:00"
"135","BEARING UCP 214","Raw Material","1","NOS","0","0","4","0","","A","0","0","0","0","","","Store MHEL","","","","0","No","0000-00-00 00:00:00","0000-00-00 00:00:00"
"136","BEARING UCP 216","Raw Material","1","NOS","0","0","NA","0","","A","0","0","0","0","","","Store MHEL","","","","0","No","0000-00-00 00:00:00","0000-00-00 00:00:00"
"137","Sleeve H-3136 R/H","Raw Material","1","NOS","0","0","NA","0","","A","0","0","0","0","","","Store MHEL","","","","0","No","0000-00-00 00:00:00","0000-00-00 00:00:00"
"138","Sleeve H-3136 L/H","Raw Material","1","NOS","0","0","NA","0","","A","0","0","0","0","","","Store MHEL","","","","0","No","0000-00-00 00:00:00","0000-00-00 00:00:00"
"139","Sleeve H-3156 R/H  ","Raw Material","1","NOS","0","0","NA","0","","A","0","0","0","0","","","Store MHEL","","","","0","No","0000-00-00 00:00:00","0000-00-00 00:00:00"
"140","Sleeve H-3156 L/H  ","Raw Material","1","NOS","0","0","NA","0","","A","0","0","0","0","","","Store MHEL","","","","0","No","0000-00-00 00:00:00","0000-00-00 00:00:00"
"141","V Belt B-74","Raw Material","1","NOS","0","0","2","0","","A","0","0","0","0","","","Store MHEL","","","","0","No","0000-00-00 00:00:00","0000-00-00 00:00:00"
"142","V Belt C-305","Raw Material","1","NOS","0","0","3","0","","A","0","0","0","0","","","Store MHEL","","","","0","No","0000-00-00 00:00:00","0000-00-00 00:00:00"
"143","V Belt C-110","Raw Material","1","NOS","0","0","6","0","","A","0","0","0","0","","","Store MHEL","","","","0","No","0000-00-00 00:00:00","0000-00-00 00:00:00"
"144","V Belt D-88","Raw Material","1","NOS","0","0","5","0","","A","0","0","0","0","","","Store MHEL","","","","0","No","0000-00-00 00:00:00","0000-00-00 00:00:00"
"145","V Belt D-165","Raw Material","1","NOS","0","0","NA","0","","A","0","0","0","0","","","Store MHEL","","","","0","No","0000-00-00 00:00:00","0000-00-00 00:00:00"
"146","V Belt D-250","Raw Material","1","NOS","0","0","2","0","","A","0","0","0","0","","","Store MHEL","","","","0","No","0000-00-00 00:00:00","0000-00-00 00:00:00"
"147","V Belt D-260","Raw Material","1","NOS","0","0","NA","0","","A","0","0","0","0","","","Store MHEL","","","","0","No","0000-00-00 00:00:00","0000-00-00 00:00:00"
"148","V Belt D-275","Raw Material","1","NOS","0","0","NA","0","","A","0","0","0","0","","","Store MHEL","","","","0","No","0000-00-00 00:00:00","0000-00-00 00:00:00"
"149","V Belt C-75","Raw Material","1","NOS","0","0","1","0","","A","0","0","0","0","","","Store MHEL","","","","0","No","0000-00-00 00:00:00","0000-00-00 00:00:00"
"150","V Belt C-92","Raw Material","1","NOS","0","0","8","0","","A","0","0","0","0","","","Store MHEL","","","","0","No","0000-00-00 00:00:00","0000-00-00 00:00:00"
"151","V Belt C-182","Raw Material","1","NOS","0","0","4","0","","A","0","0","0","0","","","Store MHEL","","","","0","No","0000-00-00 00:00:00","0000-00-00 00:00:00"
"152","V Belt C-156","Raw Material","1","NOS","0","0","NA","0","","A","0","0","0","0","","","Store MHEL","","","","0","No","0000-00-00 00:00:00","0000-00-00 00:00:00"
"153","V Belt C-295","Raw Material","1","NOS","0","0","NA","0","","A","0","0","0","0","","","Store MHEL","","","","0","No","0000-00-00 00:00:00","0000-00-00 00:00:00"
"154","V Belt SPC-5300","Raw Material","1","NOS","0","0","4","0","","A","0","0","0","0","","","Store MHEL","","","","0","No","0000-00-00 00:00:00","0000-00-00 00:00:00"
"155","V Belt SPC-4300","Raw Material","1","NOS","0","0","NA","0","","A","0","0","0","0","","","Store MHEL","","","","0","No","0000-00-00 00:00:00","0000-00-00 00:00:00"
"156","V Belt SPC-4500","Raw Material","1","NOS","0","0","1","0","","A","0","0","0","0","","","Store MHEL","","","","0","No","0000-00-00 00:00:00","0000-00-00 00:00:00"
"157","V Belt D-238","Raw Material","1","NOS","0","0","4","0","","A","0","0","0","0","","","Store MHEL","","","","0","No","0000-00-00 00:00:00","0000-00-00 00:00:00"
"158","V Belt SPC-6300","Raw Material","1","NOS","0","0","4","0","","A","0","0","0","0","","","Store MHEL","","","","0","No","0000-00-00 00:00:00","0000-00-00 00:00:00"
"159","V Belt D-275","Raw Material","1","NOS","0","0","4","0","","A","0","0","0","0","","","Store MHEL","","","","0","No","0000-00-00 00:00:00","0000-00-00 00:00:00"
"160","V Belt C-280","Raw Material","1","NOS","0","0","2","0","","A","0","0","0","0","","","Store MHEL","","","","0","No","0000-00-00 00:00:00","0000-00-00 00:00:00"
"161","V Belt D-245","Raw Material","1","NOS","0","0","4","0","","A","0","0","0","0","","","Store MHEL","","","","0","No","0000-00-00 00:00:00","0000-00-00 00:00:00"
"162","V Belt SPC-4350","Raw Material","1","NOS","0","0","2","0","","A","0","0","0","0","","","Store MHEL","","","","0","No","0000-00-00 00:00:00","0000-00-00 00:00:00"
"163","V Belt D-285","Raw Material","1","NOS","0","0","3","0","","A","0","0","0","0","","","Store MHEL","","","","0","No","0000-00-00 00:00:00","0000-00-00 00:00:00"
"164","V Belt D-230","Raw Material","1","NOS","0","0","NA","0","","A","0","0","0","0","","","Store MHEL","","","","0","No","0000-00-00 00:00:00","0000-00-00 00:00:00"
"165","V Belt C-220","Raw Material","1","NOS","0","0","4","0","","A","0","0","0","0","","","Store MHEL","","","","0","No","0000-00-00 00:00:00","0000-00-00 00:00:00"
"166","V Belt B-82","Raw Material","1","NOS","0","0","2","0","","B","0","0","0","0","","","Store MHEL","","","","0","No","0000-00-00 00:00:00","0000-00-00 00:00:00"
"167","V Belt B-51","Raw Material","1","NOS","0","0","2","0","","B","0","0","0","0","","","Store MHEL","","","","0","No","0000-00-00 00:00:00","0000-00-00 00:00:00"
"168","V Belt SPC 3600","Raw Material","1","NOS","0","0","NA","0","","B","0","0","0","0","","","Store MHEL","","","","0","No","0000-00-00 00:00:00","0000-00-00 00:00:00"
"169","V Belt D-258","Raw Material","1","NOS","0","0","NA","0","","A","0","0","0","0","","","Store MHEL","","","","0","No","0000-00-00 00:00:00","0000-00-00 00:00:00"
"170","V BELT SPC 2000","Raw Material","1","NOS","0","0","2","0","","A","0","0","0","0","","","Store MHEL","","","","0","No","0000-00-00 00:00:00","0000-00-00 00:00:00"
"171","V BELT B-115","Raw Material","1","NOS","0","0","NA","0","","A","0","0","0","0","","","Store MHEL","","","","0","No","0000-00-00 00:00:00","0000-00-00 00:00:00"
"172","V Belt SPC-4750","Raw Material","1","NOS","0","0","5","0","","A","0","0","0","0","","","Store MHEL","","","","0","No","0000-00-00 00:00:00","0000-00-00 00:00:00"
"173","V Belt SPC-4550","Raw Material","1","NOS","0","0","12","0","","A","0","0","0","0","","","Store MHEL","","","","0","No","0000-00-00 00:00:00","0000-00-00 00:00:00"
"174","V Belt SPC 2500","Raw Material","1","NOS","0","0","NA","0","","A","0","0","0","0","","","Store MHEL","","","","0","No","0000-00-00 00:00:00","0000-00-00 00:00:00"
"175","V Belt SPC 3650","Raw Material","1","NOS","0","0","5","0","","A","0","0","0","0","","","Store MHEL","","","","0","No","0000-00-00 00:00:00","0000-00-00 00:00:00"
"176","V Belt  D-168","Raw Material","1","NOS","0","0","NA","0","","A","0","0","0","0","","","Store MHEL","","","","0","No","0000-00-00 00:00:00","0000-00-00 00:00:00"
"177","V Belt  D-182","Raw Material","1","NOS","0","0","NA","0","","A","0","0","0","0","","","Store MHEL","","","","0","No","0000-00-00 00:00:00","0000-00-00 00:00:00"
"178","V Belt  D-210","Raw Material","1","NOS","0","0","2","0","","A","0","0","0","0","","","Store MHEL","","","","0","No","0000-00-00 00:00:00","0000-00-00 00:00:00"
"179","V Belt  D-258","Raw Material","1","NOS","0","0","NA","0","","A","0","0","0","0","","","Store MHEL","","","","0","No","0000-00-00 00:00:00","0000-00-00 00:00:00"
"180","V Belt  D-280","Raw Material","1","NOS","0","0","NA","0","","A","0","0","0","0","","","Store MHEL","","","","0","No","0000-00-00 00:00:00","0000-00-00 00:00:00"
"181","V Belt  D-220","Raw Material","1","NOS","0","0","2","0","","A","0","0","0","0","","","Store MHEL","","","","0","No","0000-00-00 00:00:00","0000-00-00 00:00:00"
"182","V Belt  C-85","Raw Material","1","NOS","0","0","2","0","","A","0","0","0","0","","","Store MHEL","","","","0","No","0000-00-00 00:00:00","0000-00-00 00:00:00"
"183","V Belt  C-70","Raw Material","1","NOS","0","0","NA","0","","A","0","0","0","0","","","Store MHEL","","","","0","No","0000-00-00 00:00:00","0000-00-00 00:00:00"
"184","V Belt  C-176","Raw Material","1","NOS","0","0","NA","0","","A","0","0","0","0","","","Store MHEL","","","","0","No","0000-00-00 00:00:00","0000-00-00 00:00:00"
"185","V Belt  B-96","Raw Material","1","NOS","0","0","6","0","","A","0","0","0","0","","","Store MHEL","","","","0","No","0000-00-00 00:00:00","0000-00-00 00:00:00"
"186","V Belt  C-164","Raw Material","1","NOS","0","0","2","0","","A","0","0","0","0","","","Store MHEL","","","","0","No","0000-00-00 00:00:00","0000-00-00 00:00:00"
"187","V Belt  C-175","Raw Material","1","NOS","0","0","1","0","","A","0","0","0","0","","","Store MHEL","","","","0","No","0000-00-00 00:00:00","0000-00-00 00:00:00"
"188","V Belt  C-195","Raw Material","1","NOS","0","0","4","0","","A","0","0","0","0","","","Store MHEL","","","","0","No","0000-00-00 00:00:00","0000-00-00 00:00:00"
"189","V Belt  C-220","Raw Material","1","NOS","0","0","NA","0","","A","0","0","0","0","","","Store MHEL","","","","0","No","0000-00-00 00:00:00","0000-00-00 00:00:00"
"190","V Belt  B-97","Raw Material","1","NOS","0","0","NA","0","","A","0","0","0","0","","","Store MHEL","","","","0","No","0000-00-00 00:00:00","0000-00-00 00:00:00"
"191","V Belt  B-110","Raw Material","1","NOS","0","0","2","0","","A","0","0","0","0","","","Store MHEL","","","","0","No","0000-00-00 00:00:00","0000-00-00 00:00:00"
"192","V Belt  B-59","Raw Material","1","NOS","0","0","1","0","","B","0","0","0","0","","","Store MHEL","","","","0","No","0000-00-00 00:00:00","0000-00-00 00:00:00"
"193","V Belt  C-64","Raw Material","1","NOS","0","0","1","0","","B","0","0","0","0","","","Store MHEL","","","","0","No","0000-00-00 00:00:00","0000-00-00 00:00:00"
"194","V Belt  B-60","Raw Material","1","NOS","0","0","1","0","","B","0","0","0","0","","","Store MHEL","","","","0","No","0000-00-00 00:00:00","0000-00-00 00:00:00"
"195","V Belt  B-83","Raw Material","1","NOS","0","0","2","0","","B","0","0","0","0","","","Store MHEL","","","","0","No","0000-00-00 00:00:00","0000-00-00 00:00:00"
"196","V Belt  A-63","Raw Material","1","NOS","0","0","5","0","","B","0","0","0","0","","","Store MHEL","","","","0","No","0000-00-00 00:00:00","0000-00-00 00:00:00"
"197","V Belt  A-47","Raw Material","1","NOS","0","0","4","0","","B","0","0","0","0","","","Store MHEL","","","","0","No","0000-00-00 00:00:00","0000-00-00 00:00:00"
"198","V Belt  SPB 2800","Raw Material","1","NOS","0","0","2","0","","A","0","0","0","0","","","Store MHEL","","","","0","No","0000-00-00 00:00:00","0000-00-00 00:00:00"
"199","V Belt  SPB 2020","Raw Material","1","NOS","0","0","NA","0","","A","0","0","0","0","","","Store MHEL","","","","0","No","0000-00-00 00:00:00","0000-00-00 00:00:00"
"200","V Belt  C-162","Raw Material","1","NOS","0","0","6","0","","A","0","0","0","0","","","Store MHEL","","","","0","No","0000-00-00 00:00:00","0000-00-00 00:00:00"
"201","V Belt  C-82","Raw Material","1","NOS","0","0","4","0","","A","0","0","0","0","","","Store MHEL","","","","0","No","0000-00-00 00:00:00","0000-00-00 00:00:00"
"202","V Belt  C-96","Raw Material","1","NOS","0","0","3","0","","A","0","0","0","0","","","Store MHEL","","","","0","No","0000-00-00 00:00:00","0000-00-00 00:00:00"
"203","V Belt  A-81","Raw Material","1","NOS","0","0","4","0","","B","0","0","0","0","","","Store MHEL","","","","0","No","0000-00-00 00:00:00","0000-00-00 00:00:00"
"204","V Belt  SPC 3000","Raw Material","1","NOS","0","0","NA","0","","A","0","0","0","0","","","Store MHEL","","","","0","No","0000-00-00 00:00:00","0000-00-00 00:00:00"
"205","V Belt  C-116","Raw Material","1","NOS","0","0","2","0","","A","0","0","0","0","","","Store MHEL","","","","0","No","0000-00-00 00:00:00","0000-00-00 00:00:00"
"206","V Belt  A-39","Raw Material","1","NOS","0","0","3","0","","B","0","0","0","0","","","Store MHEL","","","","0","No","0000-00-00 00:00:00","0000-00-00 00:00:00"
"207","V Belt  A-26","Raw Material","1","NOS","0","0","4","0","","B","0","0","0","0","","","Store MHEL","","","","0","No","0000-00-00 00:00:00","0000-00-00 00:00:00"
"208","V Belt  A-31","Raw Material","1","NOS","0","0","4","0","","B","0","0","0","0","","","Store MHEL","","","","0","No","0000-00-00 00:00:00","0000-00-00 00:00:00"
"209","V Belt  B-85","Raw Material","1","NOS","0","0","2","0","","B","0","0","0","0","","","Store MHEL","","","","0","No","0000-00-00 00:00:00","0000-00-00 00:00:00"
"210","V Belt  B-34","Raw Material","1","NOS","0","0","NA","0","","A","0","0","0","0","","","Store MHEL","","","","0","No","0000-00-00 00:00:00","0000-00-00 00:00:00"
"211","V Belt  B-113","Raw Material","1","NOS","0","0","NA","0","","A","0","0","0","0","","","Store MHEL","","","","0","No","0000-00-00 00:00:00","0000-00-00 00:00:00"
"212","V Belt  C-250","Raw Material","1","NOS","0","0","4","0","","A","0","0","0","0","","","Store MHEL","","","","0","No","0000-00-00 00:00:00","0000-00-00 00:00:00"
"213","V Belt  C-60","Raw Material","1","NOS","0","0","NA","0","","B","0","0","0","0","","","Store MHEL","","","","0","No","0000-00-00 00:00:00","0000-00-00 00:00:00"
"214","V Belt  C-65","Raw Material","1","NOS","0","0","NA","0","","B","0","0","0","0","","","Store MHEL","","","","0","No","0000-00-00 00:00:00","0000-00-00 00:00:00"
"215","V Belt  D-205","Raw Material","1","NOS","0","0","3","0","","A","0","0","0","0","","","Store MHEL","","","","0","No","0000-00-00 00:00:00","0000-00-00 00:00:00"
"216","V Belt  D-340","Raw Material","1","NOS","0","0","NA","0","","A","0","0","0","0","","","Store MHEL","","","","0","No","0000-00-00 00:00:00","0000-00-00 00:00:00"
"217","V Belt  SPC 4350","Raw Material","1","NOS","0","0","10","0","","A","0","0","0","0","","","Store MHEL","","","","0","No","0000-00-00 00:00:00","0000-00-00 00:00:00"
"218","V Belt  SPC 4500","Raw Material","1","NOS","0","0","3","0","","A","0","0","0","0","","","Store MHEL","","","","0","No","0000-00-00 00:00:00","0000-00-00 00:00:00"
"219","V Belt  SPC 4560","Raw Material","1","NOS","0","0","2","0","","A","0","0","0","0","","","Store MHEL","","","","0","No","0000-00-00 00:00:00","0000-00-00 00:00:00"
"220","V Belt  SPC 3600","Raw Material","1","NOS","0","0","NA","0","","A","0","0","0","0","","","Store MHEL","","","","0","No","0000-00-00 00:00:00","0000-00-00 00:00:00"
"221","V Belt  C-205","Raw Material","1","NOS","0","0","NA","0","","A","0","0","0","0","","","Store MHEL","","","","0","No","0000-00-00 00:00:00","0000-00-00 00:00:00"
"222","V Belt  D-230","Raw Material","1","NOS","0","0","NA","0","","A","0","0","0","0","","","Store MHEL","","","","0","No","0000-00-00 00:00:00","0000-00-00 00:00:00"
"223","V Belt  SPC 6700","Raw Material","1","NOS","0","0","1","0","","A","0","0","0","0","","","Store MHEL","","","","0","No","0000-00-00 00:00:00","0000-00-00 00:00:00"
"224","V Belt  SPC 5600","Raw Material","1","NOS","0","0","NA","0","","A","0","0","0","0","","","Store MHEL","","","","0","No","0000-00-00 00:00:00","0000-00-00 00:00:00"
"225","V Belt  SPC 2500","Raw Material","1","NOS","0","0","NA","0","","A","0","0","0","0","","","Store MHEL","","","","0","No","0000-00-00 00:00:00","0000-00-00 00:00:00"
"226","V Belt  SPC 2550","Raw Material","1","NOS","0","0","NA","0","","A","0","0","0","0","","","Store MHEL","","","","0","No","0000-00-00 00:00:00","0000-00-00 00:00:00"
"227","OIL SEAL 58x70x10","Raw Material","1","NOS","0","0","NA","0","","A","0","0","0","0","","","Store MHEL","","","","0","No","0000-00-00 00:00:00","0000-00-00 00:00:00"
"228","OIL SEAL 95x115x13","Raw Material","1","NOS","0","0","10","0","","B","0","0","0","0","","","Store MHEL","","","","0","No","0000-00-00 00:00:00","0000-00-00 00:00:00"
"229","OIL SEAL 80x100x10","Raw Material","1","NOS","0","0","8","0","","A","0","0","0","0","","","Store MHEL","","","","0","No","0000-00-00 00:00:00","0000-00-00 00:00:00"
"230","OIL SEAL 120x160x13","Raw Material","1","NOS","0","0","6","0","","A","0","0","0","0","","","Store MHEL","","","","0","No","0000-00-00 00:00:00","0000-00-00 00:00:00"
"231","OIL SEAL 260X300X15","Raw Material","1","NOS","0","0","2","0","","A","0","0","0","0","","","Store MHEL","","","","0","No","0000-00-00 00:00:00","0000-00-00 00:00:00"
"232","OIL SEAL 200X230X15","Raw Material","1","NOS","0","0","1","0","","A","0","0","0","0","","","Store MHEL","","","","0","No","0000-00-00 00:00:00","0000-00-00 00:00:00"
"233","OIL SEAL 120X140X13","Raw Material","1","NOS","0","0","8","0","","A","0","0","0","0","","","Store MHEL","","","","0","No","0000-00-00 00:00:00","0000-00-00 00:00:00"
"234","OIL SEAL 115X150X12","Raw Material","1","NOS","0","0","5","0","","A","0","0","0","0","","","Store MHEL","","","","0","No","0000-00-00 00:00:00","0000-00-00 00:00:00"
"235","OIL SEAL 120X150X13","Raw Material","1","NOS","0","0","9","0","","A","0","0","0","0","","","Store MHEL","","","","0","No","0000-00-00 00:00:00","0000-00-00 00:00:00"
"236","OIL SEAL 120X160x12","Raw Material","1","NOS","0","0","10","0","","A","0","0","0","0","","","Store MHEL","","","","0","No","0000-00-00 00:00:00","0000-00-00 00:00:00"
"237","OIL SEAL 140X160X13","Raw Material","1","NOS","0","0","8","0","","A","0","0","0","0","","","Store MHEL","","","","0","No","0000-00-00 00:00:00","0000-00-00 00:00:00"
"238","OIL SEAL 110X135X13","Raw Material","1","NOS","0","0","12","0","","A","0","0","0","0","","","Store MHEL","","","","0","No","0000-00-00 00:00:00","0000-00-00 00:00:00"
"239","OIL SEAL 180X210X13","Raw Material","1","NOS","0","0","6","0","","A","0","0","0","0","","","Store MHEL","","","","0","No","0000-00-00 00:00:00","0000-00-00 00:00:00"
"240","OIL SEAL 180X210X15","Raw Material","1","NOS","0","0","NA","0","","A","0","0","0","0","","","Store MHEL","","","","0","No","0000-00-00 00:00:00","0000-00-00 00:00:00"
"241","OIL SEAL 110X130X13","Raw Material","1","NOS","0","0","9","0","","A","0","0","0","0","","","Store MHEL","","","","0","No","0000-00-00 00:00:00","0000-00-00 00:00:00"
"242","OIL SEAL 115X140X13","Raw Material","1","NOS","0","0","5","0","","A","0","0","0","0","","","Store MHEL","","","","0","No","0000-00-00 00:00:00","0000-00-00 00:00:00"
"243","OIL SEAL 80X110X10","Raw Material","1","NOS","0","0","7","0","","A","0","0","0","0","","","Store MHEL","","","","0","No","0000-00-00 00:00:00","0000-00-00 00:00:00"
"244","OIL SEAL 48X70X10","Raw Material","1","NOS","0","0","NA","0","","B","0","0","0","0","","","Store MHEL","","","","0","No","0000-00-00 00:00:00","0000-00-00 00:00:00"
"245","OIL SEAL 50X70X10","Raw Material","1","NOS","0","0","NA","0","","B","0","0","0","0","","","Store MHEL","","","","0","No","0000-00-00 00:00:00","0000-00-00 00:00:00"
"246","OIL SEAL 40X60X10","Raw Material","1","NOS","0","0","NA","0","","B","0","0","0","0","","","Store MHEL","","","","0","No","0000-00-00 00:00:00","0000-00-00 00:00:00"
"247","OIL SEAL 82x105x10","Raw Material","1","NOS","0","0","NA","0","","B","0","0","0","0","","","Store MHEL","","","","0","No","0000-00-00 00:00:00","0000-00-00 00:00:00"
"248","OIL SEAL 110X140X13","Raw Material","1","NOS","0","0","8","0","","A","0","0","0","0","","","Store MHEL","","","","0","No","0000-00-00 00:00:00","0000-00-00 00:00:00"
"249","OIL SEAL 125X160X13","Raw Material","1","NOS","0","0","5","0","","A","0","0","0","0","","","Store MHEL","","","","0","No","0000-00-00 00:00:00","0000-00-00 00:00:00"
"250","OIL SEAL 120X160X13","Raw Material","1","NOS","0","0","7","0","","A","0","0","0","0","","","Store MHEL","","","","0","No","0000-00-00 00:00:00","0000-00-00 00:00:00"
"251","OIL SEAL 108X130X13","Raw Material","1","NOS","0","0","8","0","","A","0","0","0","0","","","Store MHEL","","","","0","No","0000-00-00 00:00:00","0000-00-00 00:00:00"
"252","OIL SEAL 60X80X10","Raw Material","1","NOS","0","0","3","0","","B","0","0","0","0","","","Store MHEL","","","","0","No","0000-00-00 00:00:00","0000-00-00 00:00:00"
"253","OIL SEAL 30X45X10","Raw Material","1","NOS","0","0","18","0","","C","0","0","0","0","","","Store MHEL","","","","0","No","0000-00-00 00:00:00","0000-00-00 00:00:00"
"254","OIL SEAL 55X90X10","Raw Material","1","NOS","0","0","13","0","","C","0","0","0","0","","","Store MHEL","","","","0","No","0000-00-00 00:00:00","0000-00-00 00:00:00"
"255","OIL SEAL 85X105X13","Raw Material","1","NOS","0","0","7","0","","A","0","0","0","0","","","Store MHEL","","","","0","No","0000-00-00 00:00:00","0000-00-00 00:00:00"
"256","OIL SEAL 100x130x13","Raw Material","1","NOS","0","0","9","0","","A","0","0","0","0","","","Store MHEL","","","","0","No","0000-00-00 00:00:00","0000-00-00 00:00:00"
"257","OIL SEAL 120X150X12","Raw Material","1","NOS","0","0","NA","0","","A","0","0","0","0","","","Store MHEL","","","","0","No","0000-00-00 00:00:00","0000-00-00 00:00:00"
"258","OIL SEAL 95X120X13","Raw Material","1","NOS","0","0","6","0","","A","0","0","0","0","","","Store MHEL","","","","0","No","0000-00-00 00:00:00","0000-00-00 00:00:00"
"259","OIL SEAL 135X160X13","Raw Material","1","NOS","0","0","7","0","","A","0","0","0","0","","","Store MHEL","","","","0","No","0000-00-00 00:00:00","0000-00-00 00:00:00"
"260","OIL SEAL 90X100X13","Raw Material","1","NOS","0","0","3","0","","A","0","0","0","0","","","Store MHEL","","","","0","No","0000-00-00 00:00:00","0000-00-00 00:00:00"
"261","OIL SEAL 130X160X13","Raw Material","1","NOS","0","0","NA","0","","A","0","0","0","0","","","Store MHEL","","","","0","No","0000-00-00 00:00:00","0000-00-00 00:00:00"
"262","OIL SEAL 170X200X13","Raw Material","1","NOS","0","0","NA","0","","A","0","0","0","0","","","Store MHEL","","","","0","No","0000-00-00 00:00:00","0000-00-00 00:00:00"
"263","OIL SEAL 150X180X13","Raw Material","1","NOS","0","0","NA","0","","A","0","0","0","0","","","Store MHEL","","","","0","No","0000-00-00 00:00:00","0000-00-00 00:00:00"
"264","OIL SEAL 150X170X13","Raw Material","1","NOS","0","0","NA","0","","A","0","0","0","0","","","Store MHEL","","","","0","No","0000-00-00 00:00:00","0000-00-00 00:00:00"
"265","OIL SEAL 195X230X13","Raw Material","1","NOS","0","0","1","0","","A","0","0","0","0","","","Store MHEL","","","","0","No","0000-00-00 00:00:00","0000-00-00 00:00:00"
"266","OIL SEAL 95X125X13","Raw Material","1","NOS","0","0","NA","0","","A","0","0","0","0","","","Store MHEL","","","","0","No","0000-00-00 00:00:00","0000-00-00 00:00:00"
"267","OIL SEAL 240X270X15","Raw Material","1","NOS","0","0","NA","0","","A","0","0","0","0","","","Store MHEL","","","","0","No","0000-00-00 00:00:00","0000-00-00 00:00:00"
"268","OIL SEAL 180X200X15","Raw Material","1","NOS","0","0","NA","0","","A","0","0","0","0","","","Store MHEL","","","","0","No","0000-00-00 00:00:00","0000-00-00 00:00:00"
"269","OIL SEAL 50X72X10","Raw Material","1","NOS","0","0","6","0","","C","0","0","0","0","","","Store MHEL","","","","0","No","0000-00-00 00:00:00","0000-00-00 00:00:00"
"270","OIL SEAL 55X80X10","Raw Material","1","NOS","0","0","8","0","","C","0","0","0","0","","","Store MHEL","","","","0","No","0000-00-00 00:00:00","0000-00-00 00:00:00"
"271","OIL SEAL 45X70X10","Raw Material","1","NOS","0","0","10","0","","C","0","0","0","0","","","Store MHEL","","","","0","No","0000-00-00 00:00:00","0000-00-00 00:00:00"
"272","OIL SEAL 65X85X10","Raw Material","1","NOS","0","0","10","0","","A","0","0","0","0","","","Store MHEL","","","","0","No","0000-00-00 00:00:00","0000-00-00 00:00:00"
"273","OIL SEAL 45X72X10","Raw Material","1","NOS","0","0","10","0","","C","0","0","0","0","","","Store MHEL","","","","0","No","0000-00-00 00:00:00","0000-00-00 00:00:00"
"274","OIL SEAL 70X90X10","Raw Material","1","NOS","0","0","10","0","","B","0","0","0","0","","","Store MHEL","","","","0","No","0000-00-00 00:00:00","0000-00-00 00:00:00"
"275","OIL SEAL 100X120X13","Raw Material","1","NOS","0","0","8","0","","A","0","0","0","0","","","Store MHEL","","","","0","No","0000-00-00 00:00:00","0000-00-00 00:00:00"
"276","OIL SEAL 75X95X13","Raw Material","1","NOS","0","0","NA","0","","B","0","0","0","0","","","Store MHEL","","","","0","No","0000-00-00 00:00:00","0000-00-00 00:00:00"
"277","OIL SEAL 55X85X10","Raw Material","1","NOS","0","0","10","0","","B","0","0","0","0","","","Store MHEL","","","","0","No","0000-00-00 00:00:00","0000-00-00 00:00:00"
"278","OIL SEAL 50X65X10","Raw Material","1","NOS","0","0","10","0","","C","0","0","0","0","","","Store MHEL","","","","0","No","0000-00-00 00:00:00","0000-00-00 00:00:00"
"279","OIL SEAL 40X62X10","Raw Material","1","NOS","0","0","10","0","","C","0","0","0","0","","","Store MHEL","","","","0","No","0000-00-00 00:00:00","0000-00-00 00:00:00"
"280","OIL SEAL 70X100X10","Raw Material","1","NOS","0","0","16","0","","C","0","0","0","0","","","Store MHEL","","","","0","No","0000-00-00 00:00:00","0000-00-00 00:00:00"
"281","OIL SEAL  85X100X10","Raw Material","1","NOS","0","0","NA","0","","A","0","0","0","0","","","Store MHEL","","","","0","No","0000-00-00 00:00:00","0000-00-00 00:00:00"
"282","OIL SEAL  65X90X10","Raw Material","1","NOS","0","0","2","0","","A","0","0","0","0","","","Store MHEL","","","","0","No","0000-00-00 00:00:00","0000-00-00 00:00:00"
"283","OIL SEAL  50X80X10","Raw Material","1","NOS","0","0","8","0","","A","0","0","0","0","","","Store MHEL","","","","0","No","0000-00-00 00:00:00","0000-00-00 00:00:00"
"284","OIL SEAL  50X68X8","Raw Material","1","NOS","0","0","NA","0","","A","0","0","0","0","","","Store MHEL","","","","0","No","0000-00-00 00:00:00","0000-00-00 00:00:00"
"285","DIAPHRAGM 20x12","Raw Material","1","NOS","0","0","5","0","","A","0","0","0","0","","","Store MHEL","","","","0","No","0000-00-00 00:00:00","0000-00-00 00:00:00"
"286","DIAPHRAGM 24x12","Raw Material","1","NOS","0","0","5","0","","A","0","0","0","0","","","Store MHEL","","","","0","No","0000-00-00 00:00:00","0000-00-00 00:00:00"
"287","DIAPHRAGM 30x09,30x15","Raw Material","1","NOS","0","0","10","0","","A","0","0","0","0","","","Store MHEL","","","","0","No","0000-00-00 00:00:00","0000-00-00 00:00:00"
"288","DIAPHRAGM 30x20,30x24","Raw Material","1","NOS","0","0","10","0","","A","0","0","0","0","","","Store MHEL","","","","0","No","0000-00-00 00:00:00","0000-00-00 00:00:00"
"289","DIAPHRAGM 36x08","Raw Material","1","NOS","0","0","20","0","","A","0","0","0","0","","","Store MHEL","","","","0","No","0000-00-00 00:00:00","0000-00-00 00:00:00"
"290","DIAPHRAGM 36x24","Raw Material","1","NOS","0","0","5","0","","A","0","0","0","0","","","Store MHEL","","","","0","No","0000-00-00 00:00:00","0000-00-00 00:00:00"
"291","DIAPHRAGM 42x08","Raw Material","1","NOS","0","0","5","0","","A","0","0","0","0","","","Store MHEL","","","","0","No","0000-00-00 00:00:00","0000-00-00 00:00:00"
"292","DIAPHRAGM 42x30","Raw Material","1","NOS","0","0","2","0","","A","0","0","0","0","","","Store MHEL","","","","0","No","0000-00-00 00:00:00","0000-00-00 00:00:00"
"293","DIAPHRAGM 48x08","Raw Material","1","NOS","0","0","1","0","","A","0","0","0","0","","","Store MHEL","","","","0","No","0000-00-00 00:00:00","0000-00-00 00:00:00"
"294","DIAPHRAGM 48x30","Raw Material","1","NOS","0","0","NA","0","","A","0","0","0","0","","","Store MHEL","","","","0","No","0000-00-00 00:00:00","0000-00-00 00:00:00"
"295","TOGGLE SPRING 20x12, 24x12","Raw Material","1","NOS","0","0","8","0","","A","0","0","0","0","","","Store MHEL","","","","0","No","0000-00-00 00:00:00","0000-00-00 00:00:00"
"296","TOGGLE SPRING 36x8, 42x08","Raw Material","1","NOS","0","0","35","0","","A","0","0","0","0","","","Store MHEL","","","","0","No","0000-00-00 00:00:00","0000-00-00 00:00:00"
"297","TOGGLE SPRING 36x24","Raw Material","1","NOS","0","0","10","0","","A","0","0","0","0","","","Store MHEL","","","","0","No","0000-00-00 00:00:00","0000-00-00 00:00:00"
"298","PULLBACK SPRING 20x12","Raw Material","1","NOS","0","0","12","0","","A","0","0","0","0","","","Store MHEL","","","","0","No","0000-00-00 00:00:00","0000-00-00 00:00:00"
"299","PULLBACK SPRING 30x15","Raw Material","1","NOS","0","0","15","0","","A","0","0","0","0","","","Store MHEL","","","","0","No","0000-00-00 00:00:00","0000-00-00 00:00:00"
"300","PULLBACK SPRING 36x08","Raw Material","1","NOS","0","0","24","0","","A","0","0","0","0","","","Store MHEL","","","","0","No","0000-00-00 00:00:00","0000-00-00 00:00:00"
"301","PULLBACK SPRING 36x24","Raw Material","1","NOS","0","0","13","0","","A","0","0","0","0","","","Store MHEL","","","","0","No","0000-00-00 00:00:00","0000-00-00 00:00:00"
"302","VIBRATOR SPRING 12x04","Raw Material","1","NOS","0","0","25","0","","A","0","0","0","0","","","Store MHEL","","","","0","No","0000-00-00 00:00:00","0000-00-00 00:00:00"
"303","VIBRATOR SPRING 16x05","Raw Material","1","NOS","0","0","32","0","","A","0","0","0","0","","","Store MHEL","","","","0","No","0000-00-00 00:00:00","0000-00-00 00:00:00"
"304","VIBRATOR SPRING 20x05","Raw Material","1","NOS","0","0","10","0","","A","0","0","0","0","","","Store MHEL","","","","0","No","0000-00-00 00:00:00","0000-00-00 00:00:00"
"305","CHECK NUT KM 10","Raw Material","1","NOS","0","0","2","0","","A","0","0","0","0","","","Store MHEL","","","","0","No","0000-00-00 00:00:00","0000-00-00 00:00:00"
"306","LOCK WASHER MB 10","Raw Material","1","NOS","0","0","2","0","","A","0","0","0","0","","","Store MHEL","","","","0","No","0000-00-00 00:00:00","0000-00-00 00:00:00"
"307","CHECK NUT KM 11","Raw Material","1","NOS","0","0","2","0","","A","0","0","0","0","","","Store MHEL","","","","0","No","0000-00-00 00:00:00","0000-00-00 00:00:00"
"308","LOCK WASHER MB 11","Raw Material","1","NOS","0","0","2","0","","A","0","0","0","0","","","Store MHEL","","","","0","No","0000-00-00 00:00:00","0000-00-00 00:00:00"
"309","CHECK NUT KM 12","Raw Material","1","NOS","0","0","2","0","","A","0","0","0","0","","","Store MHEL","","","","0","No","0000-00-00 00:00:00","0000-00-00 00:00:00"
"310","LOCK WASHER MB 12","Raw Material","1","NOS","0","0","2","0","","A","0","0","0","0","","","Store MHEL","","","","0","No","0000-00-00 00:00:00","0000-00-00 00:00:00"
"311","CHECK NUT KM 13","Raw Material","1","NOS","0","0","1","0","","A","0","0","0","0","","","Store MHEL","","","","0","No","0000-00-00 00:00:00","0000-00-00 00:00:00"
"312","LOCK WASHER MB 13","Raw Material","1","NOS","0","0","1","0","","A","0","0","0","0","","","Store MHEL","","","","0","No","0000-00-00 00:00:00","0000-00-00 00:00:00"
"313","CHECK NUT KM 14","Raw Material","1","NOS","0","0","2","0","","A","0","0","0","0","","","Store MHEL","","","","0","No","0000-00-00 00:00:00","0000-00-00 00:00:00"
"314","LOCK WASHER MB 14","Raw Material","1","NOS","0","0","2","0","","A","0","0","0","0","","","Store MHEL","","","","0","No","0000-00-00 00:00:00","0000-00-00 00:00:00"
"315","CHECK NUT KM 16","Raw Material","1","NOS","0","0","3","0","","A","0","0","0","0","","","Store MHEL","","","","0","No","0000-00-00 00:00:00","0000-00-00 00:00:00"
"316","LOCK WASHER MB 16","Raw Material","1","NOS","0","0","3","0","","A","0","0","0","0","","","Store MHEL","","","","0","No","0000-00-00 00:00:00","0000-00-00 00:00:00"
"317","CHECK NUT KM 17","Raw Material","1","NOS","0","0","2","0","","A","0","0","0","0","","","Store MHEL","","","","0","No","0000-00-00 00:00:00","0000-00-00 00:00:00"
"318","LOCK WASHER MB 17","Raw Material","1","NOS","0","0","2","0","","A","0","0","0","0","","","Store MHEL","","","","0","No","0000-00-00 00:00:00","0000-00-00 00:00:00"
"319","CHECK NUT KM 18","Raw Material","1","NOS","0","0","10","0","","A","0","0","0","0","","","Store MHEL","","","","0","No","0000-00-00 00:00:00","0000-00-00 00:00:00"
"320","LOCK WASHER MB 18","Raw Material","1","NOS","0","0","10","0","","A","0","0","0","0","","","Store MHEL","","","","0","No","0000-00-00 00:00:00","0000-00-00 00:00:00"
"321","CHECK NUT KM 19","Raw Material","1","NOS","0","0","4","0","","A","0","0","0","0","","","Store MHEL","","","","0","No","0000-00-00 00:00:00","0000-00-00 00:00:00"
"322","LOCK WASHER MB 19","Raw Material","1","NOS","0","0","4","0","","A","0","0","0","0","","","Store MHEL","","","","0","No","0000-00-00 00:00:00","0000-00-00 00:00:00"
"323","CHECK NUT KM 20","Raw Material","1","NOS","0","0","5","0","","A","0","0","0","0","","","Store MHEL","","","","0","No","0000-00-00 00:00:00","0000-00-00 00:00:00"
"324","LOCK WASHER MB 20","Raw Material","1","NOS","0","0","5","0","","A","0","0","0","0","","","Store MHEL","","","","0","No","0000-00-00 00:00:00","0000-00-00 00:00:00"
"325","CHECK NUT KM 21","Raw Material","1","NOS","0","0","4","0","","A","0","0","0","0","","","Store MHEL","","","","0","No","0000-00-00 00:00:00","0000-00-00 00:00:00"
"326","LOCK WASHER MB 21","Raw Material","1","NOS","0","0","4","0","","A","0","0","0","0","","","Store MHEL","","","","0","No","0000-00-00 00:00:00","0000-00-00 00:00:00"
"327","CHECK NUT KM 22","Raw Material","1","NOS","0","0","14","0","","A","0","0","0","0","","","Store MHEL","","","","0","No","0000-00-00 00:00:00","0000-00-00 00:00:00"
"328","LOCK WASHER MB 22","Raw Material","1","NOS","0","0","14","0","","A","0","0","0","0","","","Store MHEL","","","","0","No","0000-00-00 00:00:00","0000-00-00 00:00:00"
"329","CHECK NUT KM 23","Raw Material","1","NOS","0","0","10","0","","A","0","0","0","0","","","Store MHEL","","","","0","No","0000-00-00 00:00:00","0000-00-00 00:00:00"
"330","LOCK WASHER MB 23","Raw Material","1","NOS","0","0","10","0","","A","0","0","0","0","","","Store MHEL","","","","0","No","0000-00-00 00:00:00","0000-00-00 00:00:00"
"331","CHECK NUT KM 24","Raw Material","1","NOS","0","0","16","0","","A","0","0","0","0","","","Store MHEL","","","","0","No","0000-00-00 00:00:00","0000-00-00 00:00:00"
"332","LOCK WASHER MB 24","Raw Material","1","NOS","0","0","16","0","","A","0","0","0","0","","","Store MHEL","","","","0","No","0000-00-00 00:00:00","0000-00-00 00:00:00"
"333","CHECK NUT KM 25","Raw Material","1","NOS","0","0","4","0","","A","0","0","0","0","","","Store MHEL","","","","0","No","0000-00-00 00:00:00","0000-00-00 00:00:00"
"334","LOCK WASHER MB 25","Raw Material","1","NOS","0","0","4","0","","A","0","0","0","0","","","Store MHEL","","","","0","No","0000-00-00 00:00:00","0000-00-00 00:00:00"
"335","CHECK NUT KM 26","Raw Material","1","NOS","0","0","2","0","","A","0","0","0","0","","","Store MHEL","","","","0","No","0000-00-00 00:00:00","0000-00-00 00:00:00"
"336","LOCK WASHER MB 26","Raw Material","1","NOS","0","0","2","0","","A","0","0","0","0","","","Store MHEL","","","","0","No","0000-00-00 00:00:00","0000-00-00 00:00:00"
"337","CHECK NUT KM 28","Raw Material","1","NOS","0","0","10","0","","A","0","0","0","0","","","Store MHEL","","","","0","No","0000-00-00 00:00:00","0000-00-00 00:00:00"
"338","LOCK WASHER MB 28","Raw Material","1","NOS","0","0","10","0","","A","0","0","0","0","","","Store MHEL","","","","0","No","0000-00-00 00:00:00","0000-00-00 00:00:00"
"339","CHECK NUT KM 30","Raw Material","1","NOS","0","0","2","0","","A","0","0","0","0","","","Store MHEL","","","","0","No","0000-00-00 00:00:00","0000-00-00 00:00:00"
"340","LOCK WASHER MB 30","Raw Material","1","NOS","0","0","2","0","","A","0","0","0","0","","","Store MHEL","","","","0","No","0000-00-00 00:00:00","0000-00-00 00:00:00"
"341","CHECK NUT KM 32","Raw Material","1","NOS","0","0","4","0","","A","0","0","0","0","","","Store MHEL","","","","0","No","0000-00-00 00:00:00","0000-00-00 00:00:00"
"342","LOCK WASHER MB 32","Raw Material","1","NOS","0","0","4","0","","A","0","0","0","0","","","Store MHEL","","","","0","No","0000-00-00 00:00:00","0000-00-00 00:00:00"
"343","CHECK NUT KM 34","Raw Material","1","NOS","0","0","2","0","","A","0","0","0","0","","","Store MHEL","","","","0","No","0000-00-00 00:00:00","0000-00-00 00:00:00"
"344","LOCK WASHER MB 34","Raw Material","1","NOS","0","0","2","0","","A","0","0","0","0","","","Store MHEL","","","","0","No","0000-00-00 00:00:00","0000-00-00 00:00:00"
"345","CHECK NUT KM 36","Raw Material","1","NOS","0","0","6","0","","A","0","0","0","0","","","Store MHEL","","","","0","No","0000-00-00 00:00:00","0000-00-00 00:00:00"
"346","LOCK WASHER MB 36","Raw Material","1","NOS","0","0","6","0","","A","0","0","0","0","","","Store MHEL","","","","0","No","0000-00-00 00:00:00","0000-00-00 00:00:00"
"347","CHECK NUT KM 38","Raw Material","1","NOS","0","0","5","0","","A","0","0","0","0","","","Store MHEL","","","","0","No","0000-00-00 00:00:00","0000-00-00 00:00:00"
"348","LOCK WASHER MB 38","Raw Material","1","NOS","0","0","5","0","","A","0","0","0","0","","","Store MHEL","","","","0","No","0000-00-00 00:00:00","0000-00-00 00:00:00"
"349","CHECK NUT KM 40","Raw Material","1","NOS","0","0","5","0","","A","0","0","0","0","","","Store MHEL","","","","0","No","0000-00-00 00:00:00","0000-00-00 00:00:00"
"350","LOCK WASHER MB 40","Raw Material","1","NOS","0","0","5","0","","A","0","0","0","0","","","Store MHEL","","","","0","No","0000-00-00 00:00:00","0000-00-00 00:00:00"
"351","CHECK NUT KM 42","Raw Material","1","NOS","0","0","6","0","","A","0","0","0","0","","","Store MHEL","","","","0","No","0000-00-00 00:00:00","0000-00-00 00:00:00"
"352","LOCK WASHER MB 42","Raw Material","1","NOS","0","0","6","0","","A","0","0","0","0","","","Store MHEL","","","","0","No","0000-00-00 00:00:00","0000-00-00 00:00:00"
"353","CHECK NUT KM 44","Raw Material","1","NOS","0","0","4","0","","A","0","0","0","0","","","Store MHEL","","","","0","No","0000-00-00 00:00:00","0000-00-00 00:00:00"
"354","LOCK WASHER MB 44","Raw Material","1","NOS","0","0","4","0","","A","0","0","0","0","","","Store MHEL","","","","0","No","0000-00-00 00:00:00","0000-00-00 00:00:00"
"355","CHECK NUT KM 48","Raw Material","1","NOS","0","0","5","0","","A","0","0","0","0","","","Store MHEL","","","","0","No","0000-00-00 00:00:00","0000-00-00 00:00:00"
"356","LOCK WASHER MB 48","Raw Material","1","NOS","0","0","5","0","","A","0","0","0","0","","","Store MHEL","","","","0","No","0000-00-00 00:00:00","0000-00-00 00:00:00"
"357","KM-52 Lock Nut","Raw Material","1","NOS","0","0","2","0","","A","0","0","0","0","","","Store MHEL","","","","0","No","0000-00-00 00:00:00","0000-00-00 00:00:00"
"358","MB-52 Lock Washer","Raw Material","1","NOS","0","0","2","0","","A","0","0","0","0","","","Store MHEL","","","","0","No","0000-00-00 00:00:00","0000-00-00 00:00:00"
"359","KM-56 Lock Nut","Raw Material","1","NOS","0","0","2","0","","A","0","0","0","0","","","Store MHEL","","","","0","No","0000-00-00 00:00:00","0000-00-00 00:00:00"
"360","MB-56 Lock Washer","Raw Material","1","NOS","0","0","2","0","","A","0","0","0","0","","","Store MHEL","","","","0","No","0000-00-00 00:00:00","0000-00-00 00:00:00"
"361","KM-60 Lock Nut","Raw Material","1","NOS","0","0","2","0","","A","0","0","0","0","","","Store MHEL","","","","0","No","0000-00-00 00:00:00","0000-00-00 00:00:00"
"362","MB-60 Lock Washer","Raw Material","1","NOS","0","0","2","0","","A","0","0","0","0","","","Store MHEL","","","","0","No","0000-00-00 00:00:00","0000-00-00 00:00:00"
"363","Amery Paper 60 No.","Raw Material","1","Mtr","0","0","50","0","","B","0","0","0","0","","","Store MHEL","","","","0","No","0000-00-00 00:00:00","0000-00-00 00:00:00"
"364","Amery Paper 150 No.","Raw Material","1","NOS","0","0","100","0","","B","0","0","0","0","","","Store MHEL","","","","0","No","0000-00-00 00:00:00","0000-00-00 00:00:00"
"365","POLYSRER PUTTY","Raw Material","1","KG","0","0","12","0","","A","0","0","0","0","","","Store MHEL","","","","0","No","0000-00-00 00:00:00","0000-00-00 00:00:00"
"366","N C PUTTY","Raw Material","1","KG","0","0","5","0","","A","0","0","0","0","","","Store MHEL","","","","0","No","0000-00-00 00:00:00","0000-00-00 00:00:00"
"367","Thinner 002","Raw Material","1","Ltr.","0","0","240","0","","A","0","0","0","0","","","Store MHEL","","","","0","No","0000-00-00 00:00:00","0000-00-00 00:00:00"
"368","Thineer 003","Raw Material","1","Ltr.","0","0","NA","0","","A","0","0","0","0","","","Store MHEL","","","","0","No","0000-00-00 00:00:00","0000-00-00 00:00:00"
"369","Blue 336","Raw Material","1","Ltr.","0","0","160","0","","A","0","0","0","0","","","Store MHEL","","","","0","No","0000-00-00 00:00:00","0000-00-00 00:00:00"
"370","RED PRIMER 202","Raw Material","1","Ltr.","0","0","NA","0","","A","0","0","0","0","","","Store MHEL","","","","0","No","0000-00-00 00:00:00","0000-00-00 00:00:00"
"371","GRAY PRIMER 206","Raw Material","1","Ltr.","0","0","NA","0","","A","0","0","0","0","","","Store MHEL","","","","0","No","0000-00-00 00:00:00","0000-00-00 00:00:00"
"372","BLACK COLOUR ","Raw Material","1","Ltr.","0","0","80","0","","A","0","0","0","0","","","Store MHEL","","","","0","No","0000-00-00 00:00:00","0000-00-00 00:00:00"
"373","CREAM COLOUR","Raw Material","1","Ltr.","0","0","140","0","","A","0","0","0","0","","","Store MHEL","","","","0","No","0000-00-00 00:00:00","0000-00-00 00:00:00"
"374","Yellow Paint","Raw Material","1","Ltr.","0","0","NA","0","","A","0","0","0","0","","","Store MHEL","","","","0","No","0000-00-00 00:00:00","0000-00-00 00:00:00"
"375","PHIROZI PAINT","Raw Material","1","Ltr.","0","0","NA","0","","A","0","0","0","0","","","Store MHEL","","","","0","No","0000-00-00 00:00:00","0000-00-00 00:00:00"
"376","RED PAINT","Raw Material","1","Ltr.","0","0","NA","0","","A","0","0","0","0","","","Store MHEL","","","","0","No","0000-00-00 00:00:00","0000-00-00 00:00:00"
"377","HARDNER SOLUATION","Raw Material","1","Ltr.","0","0","10","0","","A","0","0","0","0","","","Store MHEL","","","","0","No","0000-00-00 00:00:00","0000-00-00 00:00:00"
"378","V Tool 6 Soot","Raw Material","1","NOS","0","0","3","0","","A","0","0","0","0","","","Store MHEL","","","","0","No","0000-00-00 00:00:00","0000-00-00 00:00:00"
"379","Boring Tool V 1/2''","Raw Material","1","NOS","0","0","4","0","","A","0","0","0","0","","","Store MHEL","","","","0","No","0000-00-00 00:00:00","0000-00-00 00:00:00"
"380","Tool Right  1''","Raw Material","1","NOS","0","0","8","0","","A","0","0","0","0","","","Store MHEL","","","","0","No","0000-00-00 00:00:00","0000-00-00 00:00:00"
"381","Tool Left   1''","Raw Material","1","NOS","0","0","8","0","","A","0","0","0","0","","","Store MHEL","","","","0","No","0000-00-00 00:00:00","0000-00-00 00:00:00"
"382","6 Soot  Left Tool","Raw Material","1","NOS","0","0","5","0","","A","0","0","0","0","","","Store MHEL","","","","0","No","0000-00-00 00:00:00","0000-00-00 00:00:00"
"383","6 Soot Right Tool","Raw Material","1","NOS","0","0","5","0","","A","0","0","0","0","","","Store MHEL","","","","0","No","0000-00-00 00:00:00","0000-00-00 00:00:00"
"384","5 Soot Left Tool","Raw Material","1","NOS","0","0","9","0","","A","0","0","0","0","","","Store MHEL","","","","0","No","0000-00-00 00:00:00","0000-00-00 00:00:00"
"385","5 Soot Right Tool","Raw Material","1","NOS","0","0","9","0","","A","0","0","0","0","","","Store MHEL","","","","0","No","0000-00-00 00:00:00","0000-00-00 00:00:00"
"386","V Tool 1''","Raw Material","1","NOS","0","0","2","0","","A","0","0","0","0","","","Store MHEL","","","","0","No","0000-00-00 00:00:00","0000-00-00 00:00:00"
"387","5 Soot V Tool","Raw Material","1","NOS","0","0","2","0","","A","0","0","0","0","","","Store MHEL","","","","0","No","0000-00-00 00:00:00","0000-00-00 00:00:00"
"388","Party Tool 1''","Raw Material","1","NOS","0","0","1","0","","A","0","0","0","0","","","Store MHEL","","","","0","No","0000-00-00 00:00:00","0000-00-00 00:00:00"
"389","Degri Tool 6 Soot ","Raw Material","1","NOS","0","0","2","0","","A","0","0","0","0","","","Store MHEL","","","","0","No","0000-00-00 00:00:00","0000-00-00 00:00:00"
"390","Party Tool   6 Soot","Raw Material","1","NOS","0","0","2","0","","A","0","0","0","0","","","Store MHEL","","","","0","No","0000-00-00 00:00:00","0000-00-00 00:00:00"
"391","V Tool 1/2'' Blu Stad","Raw Material","1","NOS","0","0","5","0","","A","0","0","0","0","","","Store MHEL","","","","0","No","0000-00-00 00:00:00","0000-00-00 00:00:00"
"392","1/2 Blu Stad Left (TOOL 1/2'')","Raw Material","1","NOS","0","0","18","0","","A","0","0","0","0","","SEMI_FINISH","Store MHEL","","","","0","No","0000-00-00 00:00:00","0000-00-00 00:00:00"
"393","1/2 Blu Stad Right ( TOOL 1/2'')","Raw Material","1","NOS","0","0","18","0","","A","0","0","0","0","","","Store MHEL","","","","0","No","0000-00-00 00:00:00","0000-00-00 00:00:00"
"394","Bareta Tool  1''","Raw Material","1","NOS","0","0","NA","0","","A","0","0","0","0","","","Store MHEL","","","","0","No","0000-00-00 00:00:00","0000-00-00 00:00:00"
"395","Degri Tool 1''","Raw Material","1","NOS","0","0","13","0","","A","0","0","0","0","","","Store MHEL","","","","0","No","0000-00-00 00:00:00","0000-00-00 00:00:00"
"396","Boring Tool 1/2 Enc Right","Raw Material","1","NOS","0","0","13","0","","A","0","0","0","0","","","Store MHEL","","","","0","No","0000-00-00 00:00:00","0000-00-00 00:00:00"
"397","Boring Tool 1/2 Enc Left","Raw Material","1","NOS","0","0","5","0","","A","0","0","0","0","","","Store MHEL","","","","0","No","0000-00-00 00:00:00","0000-00-00 00:00:00"
"398","Cathode G002Y","Raw Material","1","NOS","0","0","1","0","","A","0","0","0","0","","","Store MHEL","","","","0","No","0000-00-00 00:00:00","0000-00-00 00:00:00"
"399","Gas Guide G102","Raw Material","1","NOS","0","0","NA","0","","A","0","0","0","0","","","Store MHEL","","","","0","No","0000-00-00 00:00:00","0000-00-00 00:00:00"
"400","Gas Guide G105","Raw Material","1","NOS","0","0","5","0","","A","0","0","0","0","","","Store MHEL","","","","0","No","0000-00-00 00:00:00","0000-00-00 00:00:00"
"401","Nozzle G2010 YK","Raw Material","1","NOS","0","0","3","0","","A","0","0","0","0","","","Store MHEL","","","","0","No","0000-00-00 00:00:00","0000-00-00 00:00:00"
"402","Nozzle G2012 YK","Raw Material","1","NOS","0","0","5","0","","A","0","0","0","0","","","Store MHEL","","","","0","No","0000-00-00 00:00:00","0000-00-00 00:00:00"
"403","Nozzle G2014 YK","Raw Material","1","NOS","0","0","4","0","","A","0","0","0","0","","","Store MHEL","","","","0","No","0000-00-00 00:00:00","0000-00-00 00:00:00"
"404","Nozzle G2008 YK","Raw Material","1","NOS","0","0","2","0","","A","0","0","0","0","","","Store MHEL","","","","0","No","0000-00-00 00:00:00","0000-00-00 00:00:00"
"405","Nozzle G2326 YK","Raw Material","1","NOS","0","0","2","0","","A","0","0","0","0","","","Store MHEL","","","","0","No","0000-00-00 00:00:00","0000-00-00 00:00:00"
"406","Nozzle Cap G3249 ","Raw Material","1","NOS","0","0","NA","0","","A","0","0","0","0","","","Store MHEL","","","","0","No","0000-00-00 00:00:00","0000-00-00 00:00:00"
"407","Nozzle Cap G3028","Raw Material","1","NOS","0","0","NA","0","","A","0","0","0","0","","","Store MHEL","","","","0","No","0000-00-00 00:00:00","0000-00-00 00:00:00"
"408","Swiral Gas Cap G4030","Raw Material","1","NOS","0","0","3","0","","A","0","0","0","0","","","Store MHEL","","","","0","No","0000-00-00 00:00:00","0000-00-00 00:00:00"
"409","Swiral Gas Cap G4020","Raw Material","1","NOS","0","0","4","0","","A","0","0","0","0","","","Store MHEL","","","","0","No","0000-00-00 00:00:00","0000-00-00 00:00:00"
"410","Swiral Gas Cap G4025","Raw Material","1","NOS","0","0","4","0","","A","0","0","0","0","","","Store MHEL","","","","0","No","0000-00-00 00:00:00","0000-00-00 00:00:00"
"411","Swiral Gas Cap G4345","Raw Material","1","NOS","0","0","2","0","","A","0","0","0","0","","","Store MHEL","","","","0","No","0000-00-00 00:00:00","0000-00-00 00:00:00"
"412","Swiral Gas Cap G4350","Raw Material","1","NOS","0","0","2","0","","A","0","0","0","0","","","Store MHEL","","","","0","No","0000-00-00 00:00:00","0000-00-00 00:00:00"
"413","CNMX Insart","Raw Material","1","NOS","0","0","10","0","","A","0","0","0","0","","","Store MHEL","","","","0","No","0000-00-00 00:00:00","0000-00-00 00:00:00"
"414","CNMG Insart","Raw Material","1","NOS","0","0","30","0","","A","0","0","0","0","","","Store MHEL","","","","0","No","0000-00-00 00:00:00","0000-00-00 00:00:00"
"415","Welding Rod 10 No.","Raw Material","1","Pkt","0","0","23","0","","A","0","0","0","0","","","Store MHEL","","","","0","No","0000-00-00 00:00:00","0000-00-00 00:00:00"
"416","Welding Rod 8 No.","Raw Material","1","Pkt","0","0","18","0","","A","0","0","0","0","","","Store MHEL","","","","0","No","0000-00-00 00:00:00","0000-00-00 00:00:00"
"417","Welding Rod 7018 No.","Raw Material","1","Pkt","0","0","NA","0","","A","0","0","0","0","","","Store MHEL","","","","0","No","0000-00-00 00:00:00","0000-00-00 00:00:00"
"418","S S Welding Rod","Raw Material","1","Pkt","0","0","4","0","","A","0","0","0","0","","","Store MHEL","","","","0","No","0000-00-00 00:00:00","0000-00-00 00:00:00"
"419","Cutting Rod","Raw Material","1","Pkt","0","0","8","0","","A","0","0","0","0","","SEMI_FINISH","Store MHEL","","","","0","No","0000-00-00 00:00:00","0000-00-00 00:00:00"
"420","Hard Breazing Rod","Raw Material","1","Pkt","0","0","NA","0","","A","0","0","0","0","","","Store MHEL","","","","0","No","0000-00-00 00:00:00","0000-00-00 00:00:00"
"421","C.I. Welding Rod","Raw Material","1","Pkt","0","0","6","0","","A","0","0","0","0","","","Store MHEL","","","","0","No","0000-00-00 00:00:00","0000-00-00 00:00:00"
"422","Solid Mig Roll","Raw Material","1","Roll","0","0","NA","0","","A","0","0","0","0","","","Store MHEL","","","","0","No","0000-00-00 00:00:00","0000-00-00 00:00:00"
"423","Hard Facing Mig Roll","Raw Material","1","Kg","0","0","4","5","2026","","0","0","0","0","","SEMI_FINISH","Store MHEL","","","","0","No","0000-00-00 00:00:00","2026-04-24 16:39:03"
"424","Mig Roll","Raw Material","1","Roll","0","0","22","0","","A","0","0","0","0","","","Store MHEL","","","","0","No","0000-00-00 00:00:00","0000-00-00 00:00:00"
"425","Dust Seal 426.5x550x43.07 mm ","Raw Material","1","NOS","0","0","1","0","KCC-750 ","A","0","0","0","0","","","Store MHEL","","","","0","No","0000-00-00 00:00:00","0000-00-00 00:00:00"
"426","Dust Seal 540.5x717x59 mm ","Raw Material","1","NOS","0","0","1","0","KCC-1000","A","0","0","0","0","","","Store MHEL","","","","0","No","0000-00-00 00:00:00","0000-00-00 00:00:00"
"427","Piston Seal 260x300x30 mm","Raw Material","1","NOS","0","0","1","0","KCC-750","A","0","0","0","0","","","Store MHEL","","","","0","No","0000-00-00 00:00:00","0000-00-00 00:00:00"
"428","Piston Seal 350x390x35 mm","Raw Material","1","NOS","0","0","1","0","KCC-1000","A","0","0","0","0","","","Store MHEL","","","","0","No","0000-00-00 00:00:00","0000-00-00 00:00:00"
"429","Piston Seal 400x440x35 mm","Raw Material","1","NOS","0","0","NA","0","KCC-1200","A","0","0","0","0","","","Store MHEL","","","","0","No","0000-00-00 00:00:00","0000-00-00 00:00:00"
"430","DUST SEAL 610X780X59.07 MM ","Raw Material","1","NOS","0","0","NA","0","KCC-1200","A","0","0","0","0","","","Store MHEL","","","","0","No","0000-00-00 00:00:00","0000-00-00 00:00:00"
"431","Polish Wheel    6''","Raw Material","1","NOS","0","0","5","0","6 Ench","A","0","0","0","0","","","Store MHEL","","","","0","No","0000-00-00 00:00:00","0000-00-00 00:00:00"
"432","Grinder Wheel    7''","Raw Material","1","NOS","0","0","50","0","7 Ench","B","0","0","0","0","","","Store MHEL","","","","0","No","0000-00-00 00:00:00","0000-00-00 00:00:00"
"433","Grinder Wheel    4''","Raw Material","1","NOS","0","0","35","0","4 Ench","B","0","0","0","0","","","Store MHEL","","","","0","No","0000-00-00 00:00:00","0000-00-00 00:00:00"
"434","Buffing Wheel   6''","Raw Material","1","NOS","0","0","10","0","6 Ench","A","0","0","0","0","","","Store MHEL","","","","0","No","0000-00-00 00:00:00","0000-00-00 00:00:00"
"435","Buffing Wheel   4''","Raw Material","1","NOS","0","0","30","0","4 Ench","B","0","0","0","0","","","Store MHEL","","","","0","No","0000-00-00 00:00:00","0000-00-00 00:00:00"
"436","Black Wheel  Stone 8''","Raw Material","1","NOS","0","0","3","0","8 Ench","A","0","0","0","0","","","Store MHEL","","","","0","No","0000-00-00 00:00:00","0000-00-00 00:00:00"
"437","White Wheel Stone 8''","Raw Material","1","NOS","0","0","1","0","8 Ench","A","0","0","0","0","","","Store MHEL","","","","0","No","0000-00-00 00:00:00","0000-00-00 00:00:00"
"438","Cutting Wheel Stone  14''","Raw Material","1","NOS","0","0","10","0","14 Ench","A","0","0","0","0","","","Store MHEL","","","","0","No","0000-00-00 00:00:00","0000-00-00 00:00:00"
"439","Cutting Wheel Stone  4''","Raw Material","1","NOS","0","0","50","0","4 Ench","A","0","0","0","0","","","Store MHEL","","","","0","No","0000-00-00 00:00:00","0000-00-00 00:00:00"
"440","Green Wheel Stone  8''","Raw Material","1","NOS","0","0","10","0","8 Ench","A","0","0","0","0","","","Store MHEL","","","","0","No","0000-00-00 00:00:00","0000-00-00 00:00:00"
"441","Loctite 596 ","Raw Material","1","NOS","0","0","5","0","85 Gm","A","0","0","0","0","","","Store MHEL","","","","0","No","0000-00-00 00:00:00","0000-00-00 00:00:00"
"442","Loctite 324 ","Raw Material","1","NOS","0","0","2","0","50 ML","A","0","0","0","0","","","Store MHEL","","","","0","No","0000-00-00 00:00:00","0000-00-00 00:00:00"
"443","Locktite 7075 ","Raw Material","1","NOS","0","0","1","0","100 ML ","A","0","0","0","0","","","Store MHEL","","","","0","No","0000-00-00 00:00:00","0000-00-00 00:00:00"
"444","Locktite 638 ","Raw Material","1","NOS","0","0","NA","0","50 ML","A","0","0","0","0","","","Store MHEL","","","","0","No","0000-00-00 00:00:00","0000-00-00 00:00:00"
"445","Tip P30","Raw Material","1","NOS","0","0","100","0","","A","0","0","0","0","","","Store MHEL","","","","0","No","0000-00-00 00:00:00","0000-00-00 00:00:00"
"446","Diamound Cutter 4''","Raw Material","1","NOS","0","0","NA","0","","A","0","0","0","0","","","Store MHEL","","","","0","No","0000-00-00 00:00:00","0000-00-00 00:00:00"
"447","White Cutter 1/2''x4''","Raw Material","1","NOS","0","0","5","0","","A","0","0","0","0","","","Store MHEL","","","","0","No","0000-00-00 00:00:00","0000-00-00 00:00:00"
"448","White Cutter 3/4''x6''","Raw Material","1","NOS","0","0","2","0","","A","0","0","0","0","","","Store MHEL","","","","0","No","0000-00-00 00:00:00","0000-00-00 00:00:00"
"449","Turn Buckle 16mm","Raw Material","1","NOS","0","0","NA","0","","A","0","0","0","0","","","Store MHEL","","","","0","No","0000-00-00 00:00:00","0000-00-00 00:00:00"
"450","Turn Buckle 20mm","Raw Material","1","NOS","0","0","NA","0","","A","0","0","0","0","","","Store MHEL","","","","0","No","0000-00-00 00:00:00","0000-00-00 00:00:00"
"451","KP-35 Pressure Switch","Raw Material","1","NOS","0","0","NA","0","","A","0","0","0","0","","","Store MHEL","","","","0","No","0000-00-00 00:00:00","0000-00-00 00:00:00"
"452","KP-36 Pressure Switch","Raw Material","1","NOS","0","0","NA","0","","A","0","0","0","0","","","Store MHEL","","","","0","No","0000-00-00 00:00:00","0000-00-00 00:00:00"
"453","Hacksaw Blade 12''","Raw Material","1","NOS","0","0","20","0","","A","0","0","0","0","","","Store MHEL","","","","0","No","0000-00-00 00:00:00","0000-00-00 00:00:00"
"454","Hacksaw Blade 14''","Raw Material","1","NOS","0","0","5","0","","A","0","0","0","0","","","Store MHEL","","","","0","No","0000-00-00 00:00:00","0000-00-00 00:00:00"
"455","Hacksaw Blade 21''","Raw Material","1","NOS","0","0","5","0","","A","0","0","0","0","","","Store MHEL","","","","0","No","0000-00-00 00:00:00","0000-00-00 00:00:00"
"456","Bolt 08x20","Raw Material","1","NOS","0","0","30","0","","C","0","0","0","0","","","Store MHEL","","","","0","No","0000-00-00 00:00:00","0000-00-00 00:00:00"
"457","Bolt 08x50","Raw Material","1","NOS","0","0","50","0","","C","0","0","0","0","","","Store MHEL","","","","0","No","0000-00-00 00:00:00","0000-00-00 00:00:00"
"458","Bolt 10x30","Raw Material","1","NOS","0","0","40","0","","B","0","0","0","0","","","Store MHEL","","","","0","No","0000-00-00 00:00:00","0000-00-00 00:00:00"
"459","Bolt 10x50","Raw Material","1","NOS","0","0","NA","0","","B","0","0","0","0","","","Store MHEL","","","","0","No","0000-00-00 00:00:00","0000-00-00 00:00:00"
"460","Bolt 10x75","Raw Material","1","NOS","0","0","60","0","","B","0","0","0","0","","","Store MHEL","","","","0","No","0000-00-00 00:00:00","0000-00-00 00:00:00"
"461","Bolt 12x30","Raw Material","1","NOS","0","0","40","0","","B","0","0","0","0","","","Store MHEL","","","","0","No","0000-00-00 00:00:00","0000-00-00 00:00:00"
"462","Bolt 12x50","Raw Material","1","NOS","0","0","NA","0","","B","0","0","0","0","","","Store MHEL","","","","0","No","0000-00-00 00:00:00","0000-00-00 00:00:00"
"463","Bolt 12x75","Raw Material","1","NOS","0","0","56","0","","B","0","0","0","0","","","Store MHEL","","","","0","No","0000-00-00 00:00:00","0000-00-00 00:00:00"
"464","Bolt 12x140","Raw Material","1","NOS","0","0","NA","0","","A","0","0","0","0","","","Store MHEL","","","","0","No","0000-00-00 00:00:00","0000-00-00 00:00:00"
"465","Bolt 16x50","Raw Material","1","NOS","0","0","480","0","","A","0","0","0","0","","","Store MHEL","","","","0","No","0000-00-00 00:00:00","0000-00-00 00:00:00"
"466","Bolt 16x65","Raw Material","1","NOS","0","0","350","0","","A","0","0","0","0","","","Store MHEL","","","","0","No","0000-00-00 00:00:00","0000-00-00 00:00:00"
"467","Bolt 16x75","Raw Material","1","NOS","0","0","280","0","","A","0","0","0","0","","","Store MHEL","","","","0","No","0000-00-00 00:00:00","0000-00-00 00:00:00"
"468","Bolt 16x100","Raw Material","1","NOS","0","0","50","0","","A","0","0","0","0","","","Store MHEL","","","","0","No","0000-00-00 00:00:00","0000-00-00 00:00:00"
"469","Bolt 20x50","Raw Material","1","NOS","0","0","30","0","","A","0","0","0","0","","","Store MHEL","","","","0","No","0000-00-00 00:00:00","0000-00-00 00:00:00"
"470","Bolt 20x75","Raw Material","1","NOS","0","0","55","0","","A","0","0","0","0","","","Store MHEL","","","","0","No","0000-00-00 00:00:00","0000-00-00 00:00:00"
"471","Bolt 20x90","Raw Material","1","NOS","0","0","23","0","","A","0","0","0","0","","","Store MHEL","","","","0","No","0000-00-00 00:00:00","0000-00-00 00:00:00"
"472","Bolt 20x100","Raw Material","1","NOS","0","0","56","0","","A","0","0","0","0","","","Store MHEL","","","","0","No","0000-00-00 00:00:00","0000-00-00 00:00:00"
"473","Bolt 20x130","Raw Material","1","NOS","0","0","85","0","","A","0","0","0","0","","","Store MHEL","","","","0","No","0000-00-00 00:00:00","0000-00-00 00:00:00"
"474","Bolt 20x150","Raw Material","1","NOS","0","0","125","0","","A","0","0","0","0","","","Store MHEL","","","","0","No","0000-00-00 00:00:00","0000-00-00 00:00:00"
"475","Bolt 20x200","Raw Material","1","NOS","0","0","60","0","","A","0","0","0","0","","","Store MHEL","","","","0","No","0000-00-00 00:00:00","0000-00-00 00:00:00"
"476","Bolt 20x220","Raw Material","1","NOS","0","0","78","0","","A","0","0","0","0","","","Store MHEL","","","","0","No","0000-00-00 00:00:00","0000-00-00 00:00:00"
"477","Bolt 20x260","Raw Material","1","NOS","0","0","45","0","","A","0","0","0","0","","","Store MHEL","","","","0","No","0000-00-00 00:00:00","0000-00-00 00:00:00"
"478","Bolt 24x50","Raw Material","1","NOS","0","0","36","0","","A","0","0","0","0","","","Store MHEL","","","","0","No","0000-00-00 00:00:00","0000-00-00 00:00:00"
"479","Bolt 24x90","Raw Material","1","NOS","0","0","42","0","","A","0","0","0","0","","","Store MHEL","","","","0","No","0000-00-00 00:00:00","0000-00-00 00:00:00"
"480","Bolt 24x100","Raw Material","1","NOS","0","0","86","0","","A","0","0","0","0","","","Store MHEL","","","","0","No","0000-00-00 00:00:00","0000-00-00 00:00:00"
"481","Bolt 24x120","Raw Material","1","NOS","0","0","NA","0","","A","0","0","0","0","","","Store MHEL","","","","0","No","0000-00-00 00:00:00","0000-00-00 00:00:00"
"482","Bolt 24x150","Raw Material","1","NOS","0","0","45","0","","A","0","0","0","0","","","Store MHEL","","","","0","No","0000-00-00 00:00:00","0000-00-00 00:00:00"
"483","Bolt 24x180","Raw Material","1","NOS","0","0","14","0","","A","0","0","0","0","","","Store MHEL","","","","0","No","0000-00-00 00:00:00","0000-00-00 00:00:00"
"484","Bolt 24x200","Raw Material","1","NOS","0","0","25","0","","A","0","0","0","0","","","Store MHEL","","","","0","No","0000-00-00 00:00:00","0000-00-00 00:00:00"
"485","Bolt 24x300","Raw Material","1","NOS","0","0","30","0","","A","0","0","0","0","","","Store MHEL","","","","0","No","0000-00-00 00:00:00","0000-00-00 00:00:00"
"486","Bolt 5/8''x5""","Raw Material","1","NOS","0","0","150","0","","A","0","0","0","0","","","Store MHEL","","","","0","No","0000-00-00 00:00:00","0000-00-00 00:00:00"
"487","Bolt 5/8''x6""","Raw Material","1","NOS","0","0","130","0","","A","0","0","0","0","","","Store MHEL","","","","0","No","0000-00-00 00:00:00","0000-00-00 00:00:00"
"488","Bolt 30x120","Raw Material","1","NOS","0","0","69","0","","A","0","0","0","0","","","Store MHEL","","","","0","No","0000-00-00 00:00:00","0000-00-00 00:00:00"
"489","Bolt 30x150","Raw Material","1","NOS","0","0","42","0","","A","0","0","0","0","","","Store MHEL","","","","0","No","0000-00-00 00:00:00","0000-00-00 00:00:00"
"490","Bolt 36x120","Raw Material","1","NOS","0","0","12","0","","A","0","0","0","0","","","Store MHEL","","","","0","No","0000-00-00 00:00:00","0000-00-00 00:00:00"
"491","Bolt 36x150","Raw Material","1","NOS","0","0","35","0","","A","0","0","0","0","","","Store MHEL","","","","0","No","0000-00-00 00:00:00","0000-00-00 00:00:00"
"492","Bolt 36x180","Raw Material","1","NOS","0","0","16","0","","A","0","0","0","0","","","Store MHEL","","","","0","No","0000-00-00 00:00:00","0000-00-00 00:00:00"
"493","Bolt 39x180","Raw Material","1","NOS","0","0","NA","0","","A","0","0","0","0","","","Store MHEL","","","","0","No","0000-00-00 00:00:00","0000-00-00 00:00:00"
"494","Bolt 42x220 Half Tharde","Raw Material","1","NOS","0","0","12","0","","A","0","0","0","0","","","Store MHEL","","","","0","No","0000-00-00 00:00:00","0000-00-00 00:00:00"
"495","Bolt 48x220 Half Tharde","Raw Material","1","NOS","0","0","12","0","","A","0","0","0","0","","","Store MHEL","","","","0","No","0000-00-00 00:00:00","0000-00-00 00:00:00"
"496","T Bolt 24x320","Raw Material","1","NOS","0","0","NA","0","Kcc-750","A","0","0","0","0","","","Store MHEL","","","","0","No","0000-00-00 00:00:00","0000-00-00 00:00:00"
"497","T Bolt 30x320","Raw Material","1","NOS","0","0","NA","0","KCC-1000","A","0","0","0","0","","","Store MHEL","","","","0","No","0000-00-00 00:00:00","0000-00-00 00:00:00"
"498","Nut 8mm","Raw Material","1","NOS","0","0","300","0","","B","0","0","0","0","","","Store MHEL","","","","0","No","0000-00-00 00:00:00","0000-00-00 00:00:00"
"499","Nut 10mm","Raw Material","1","NOS","0","0","250","0","","B","0","0","0","0","","","Store MHEL","","","","0","No","0000-00-00 00:00:00","0000-00-00 00:00:00"
"500","Nut 12mm","Raw Material","1","NOS","0","0","180","0","","B","0","0","0","0","","","Store MHEL","","","","0","No","0000-00-00 00:00:00","0000-00-00 00:00:00"
"501","Nut 16mm","Raw Material","1","NOS","0","0","650","0","","B","0","0","0","0","","","Store MHEL","","","","0","No","0000-00-00 00:00:00","0000-00-00 00:00:00"
"502","Nut 20mm","Raw Material","1","NOS","0","0","480","0","","B","0","0","0","0","","","Store MHEL","","","","0","No","0000-00-00 00:00:00","0000-00-00 00:00:00"
"503","Nut 24mm","Raw Material","1","NOS","0","0","200","0","","B","0","0","0","0","","","Store MHEL","","","","0","No","0000-00-00 00:00:00","0000-00-00 00:00:00"
"504","Nut 5/8","Raw Material","1","NOS","0","0","320","0","","B","0","0","0","0","","","Store MHEL","","","","0","No","0000-00-00 00:00:00","0000-00-00 00:00:00"
"505","Nut 30mm","Raw Material","1","NOS","0","0","200","0","","B","0","0","0","0","","","Store MHEL","","","","0","No","0000-00-00 00:00:00","0000-00-00 00:00:00"
"506","Nut 36mm","Raw Material","1","NOS","0","0","50","0","","B","0","0","0","0","","","Store MHEL","","","","0","No","0000-00-00 00:00:00","0000-00-00 00:00:00"
"507","Nut 42mm","Raw Material","1","NOS","0","0","50","0","","B","0","0","0","0","","","Store MHEL","","","","0","No","0000-00-00 00:00:00","0000-00-00 00:00:00"
"508","Nut 48mm","Raw Material","1","NOS","0","0","50","0","","B","0","0","0","0","","","Store MHEL","","","","0","No","0000-00-00 00:00:00","0000-00-00 00:00:00"
"509","Lock Nut 10mm","Raw Material","1","NOS","0","0","30","0","","B","0","0","0","0","","","Store MHEL","","","","0","No","0000-00-00 00:00:00","0000-00-00 00:00:00"
"510","Lock Nut 12mm","Raw Material","1","NOS","0","0","56","0","","B","0","0","0","0","","","Store MHEL","","","","0","No","0000-00-00 00:00:00","0000-00-00 00:00:00"
"511","Lock Nut 30mm","Raw Material","1","NOS","0","0","42","0","","B","0","0","0","0","","","Store MHEL","","","","0","No","0000-00-00 00:00:00","0000-00-00 00:00:00"
"512","Lock Nut 16mm","Raw Material","1","NOS","0","0","380","0","","B","0","0","0","0","","","Store MHEL","","","","0","No","0000-00-00 00:00:00","0000-00-00 00:00:00"
"513","Lock Nut 20mm","Raw Material","1","NOS","0","0","420","0","","B","0","0","0","0","","","Store MHEL","","","","0","No","0000-00-00 00:00:00","0000-00-00 00:00:00"
"514","Lock Nut 5/8''","Raw Material","1","NOS","0","0","NA","0","","B","0","0","0","0","","","Store MHEL","","","","0","No","0000-00-00 00:00:00","0000-00-00 00:00:00"
"515","Lock Nut 24mm","Raw Material","1","NOS","0","0","60","0","","B","0","0","0","0","","","Store MHEL","","","","0","No","0000-00-00 00:00:00","0000-00-00 00:00:00"
"516","Lock Nut 1""","Raw Material","1","NOS","0","0","100","0","","B","0","0","0","0","","","Store MHEL","","","","0","No","0000-00-00 00:00:00","0000-00-00 00:00:00"
"517","Lock Nut 1.25''","Raw Material","1","NOS","0","0","100","0","","B","0","0","0","0","","","Store MHEL","","","","0","No","0000-00-00 00:00:00","0000-00-00 00:00:00"
"518","Maching Washer M-36","Raw Material","1","NOS","0","0","50","0","","B","0","0","0","0","","","Store MHEL","","","","0","No","0000-00-00 00:00:00","0000-00-00 00:00:00"
"519","Maching Washer M-42","Raw Material","1","NOS","0","0","50","0","","B","0","0","0","0","","","Store MHEL","","","","0","No","0000-00-00 00:00:00","0000-00-00 00:00:00"
"520","Maching Washer M-48","Raw Material","1","NOS","0","0","50","0","","B","0","0","0","0","","","Store MHEL","","","","0","No","0000-00-00 00:00:00","0000-00-00 00:00:00"
"521","Maching Washer M-39","Raw Material","1","NOS","0","0","50","0","","B","0","0","0","0","","","Store MHEL","","","","0","No","0000-00-00 00:00:00","0000-00-00 00:00:00"
"522","Spring Washer  10mm","Raw Material","1","NOS","0","0","200","0","","B","0","0","0","0","","","Store MHEL","","","","0","No","0000-00-00 00:00:00","0000-00-00 00:00:00"
"523","Spring Washer  12mm","Raw Material","1","NOS","0","0","350","0","","B","0","0","0","0","","","Store MHEL","","","","0","No","0000-00-00 00:00:00","0000-00-00 00:00:00"
"524","Spring Washer  16mm","Raw Material","1","NOS","0","0","100","0","","B","0","0","0","0","","","Store MHEL","","","","0","No","0000-00-00 00:00:00","0000-00-00 00:00:00"
"525","Spring Washer  20mm","Raw Material","1","NOS","0","0","100","0","","B","0","0","0","0","","","Store MHEL","","","","0","No","0000-00-00 00:00:00","0000-00-00 00:00:00"
"526","Spring Washer  24mm","Raw Material","1","NOS","0","0","50","0","","B","0","0","0","0","","","Store MHEL","","","","0","No","0000-00-00 00:00:00","0000-00-00 00:00:00"
"527","Spring Washer  48mm","Raw Material","1","NOS","0","0","12","0","","B","0","0","0","0","","","Store MHEL","","","","0","No","0000-00-00 00:00:00","0000-00-00 00:00:00"
"528","Spring Washer  42mm","Raw Material","1","NOS","0","0","12","0","","B","0","0","0","0","","","Store MHEL","","","","0","No","0000-00-00 00:00:00","0000-00-00 00:00:00"
"529","Spring Washer  39mm","Raw Material","1","NOS","0","0","12","0","","B","0","0","0","0","","","Store MHEL","","","","0","No","0000-00-00 00:00:00","0000-00-00 00:00:00"
"530","Spring Washer  36mm","Raw Material","1","NOS","0","0","12","0","","B","0","0","0","0","","","Store MHEL","","","","0","No","0000-00-00 00:00:00","0000-00-00 00:00:00"
"531","Allen Bolt 8x20","Raw Material","1","NOS","0","0","50","0","","B","0","0","0","0","","","Store MHEL","","","","0","No","0000-00-00 00:00:00","0000-00-00 00:00:00"
"532","Allen Bolt 12x50","Raw Material","1","NOS","0","0","50","0","","A","0","0","0","0","","","Store MHEL","","","","0","No","0000-00-00 00:00:00","0000-00-00 00:00:00"
"533","Allen Bolt 12x65","Raw Material","1","NOS","0","0","NA","0","","A","0","0","0","0","","","Store MHEL","","","","0","No","0000-00-00 00:00:00","0000-00-00 00:00:00"
"534","Allen Bolt 16x50","Raw Material","1","NOS","0","0","30","0","","A","0","0","0","0","","","Store MHEL","","","","0","No","0000-00-00 00:00:00","0000-00-00 00:00:00"
"535","Allen Bolt 10x50","Raw Material","1","NOS","0","0","NA","0","","A","0","0","0","0","","","Store MHEL","","","","0","No","0000-00-00 00:00:00","0000-00-00 00:00:00"
"536","Allen Bolt 12x100","Raw Material","1","NOS","0","0","15","0","","A","0","0","0","0","","","Store MHEL","","","","0","No","0000-00-00 00:00:00","0000-00-00 00:00:00"
"537","Allen Bolt 6x20  ","Raw Material","1","NOS","0","0","NA","0","","B","0","0","0","0","","","Store MHEL","","","","0","No","0000-00-00 00:00:00","0000-00-00 00:00:00"
"538","Grub Screw 12x20   ","Raw Material","1","NOS","0","0","10","0","","A","0","0","0","0","","","Store MHEL","","","","0","No","0000-00-00 00:00:00","0000-00-00 00:00:00"
"539","Grub Screw 12x30   ","Raw Material","1","NOS","0","0","5","0","","A","0","0","0","0","","","Store MHEL","","","","0","No","0000-00-00 00:00:00","0000-00-00 00:00:00"
"540","Grub Screw 10x20","Raw Material","1","NOS","0","0","8","0","","A","0","0","0","0","","","Store MHEL","","","","0","No","0000-00-00 00:00:00","0000-00-00 00:00:00"
"541","Grub Screw 20x25","Raw Material","1","NOS","0","0","15","0","","A","0","0","0","0","","","Store MHEL","","","","0","No","0000-00-00 00:00:00","0000-00-00 00:00:00"
"542","Grub Screw 16x20","Raw Material","1","NOS","0","0","13","0","","A","0","0","0","0","","","Store MHEL","","","","0","No","0000-00-00 00:00:00","0000-00-00 00:00:00"
"543","MS Bolt 5/8''x2.5''","Raw Material","1","Kg","0","0","100","0","","A","0","0","0","0","","","Store MHEL","","","","0","No","0000-00-00 00:00:00","0000-00-00 00:00:00"
"544","MS Bolt 1/2''x1.5''","Raw Material","1","Kg","0","0","200","0","","B","0","0","0","0","","","Store MHEL","","","","0","No","0000-00-00 00:00:00","0000-00-00 00:00:00"
"545","MS Bolt 1''x3''","Raw Material","1","Kg","0","0","50","0","","A","0","0","0","0","","","Store MHEL","","","","0","No","0000-00-00 00:00:00","0000-00-00 00:00:00"
"546","MS Bolt 1/2''x2.5''","Raw Material","1","Kg","0","0","50","0","","B","0","0","0","0","","","Store MHEL","","","","0","No","0000-00-00 00:00:00","0000-00-00 00:00:00"
"547","MS Bolt 5/8''x12''","Raw Material","1","Kg","0","0","100","0","","A","0","0","0","0","","","Store MHEL","","","","0","No","0000-00-00 00:00:00","0000-00-00 00:00:00"
"548","MS Bolt 1''x12'' Full Thread","Raw Material","1","Kg","0","0","100","0","","A","0","0","0","0","","","Store MHEL","","","","0","No","0000-00-00 00:00:00","0000-00-00 00:00:00"
"549","MS Bolt 10x50","Raw Material","1","Kg","0","0","300","0","","B","0","0","0","0","","","Store MHEL","","","","0","No","0000-00-00 00:00:00","0000-00-00 00:00:00"
"550","MS Bolt 3/4''x3""","Raw Material","1","Kg","0","0","200","0","","B","0","0","0","0","","","Store MHEL","","","","0","No","0000-00-00 00:00:00","0000-00-00 00:00:00"
"551","MS Screw Bolt 5/8''x2.5''","Raw Material","1","Kg","0","0","200","0","","B","0","0","0","0","","","Store MHEL","","","","0","No","0000-00-00 00:00:00","0000-00-00 00:00:00"
"552","Nut 5/8''","Raw Material","1","Kg","0","0","400","0","","B","0","0","0","0","","","Store MHEL","","","","0","No","0000-00-00 00:00:00","0000-00-00 00:00:00"
"553","Nut 1/2''","Raw Material","1","Kg","0","0","500","0","","B","0","0","0","0","","","Store MHEL","","","","0","No","0000-00-00 00:00:00","0000-00-00 00:00:00"
"554","Nut 1''","Raw Material","1","Kg","0","0","100","0","","B","0","0","0","0","","","Store MHEL","","","","0","No","0000-00-00 00:00:00","0000-00-00 00:00:00"
"555","Nut 3/4''","Raw Material","1","Kg","0","0","50","0","","B","0","0","0","0","","","Store MHEL","","","","0","No","0000-00-00 00:00:00","0000-00-00 00:00:00"
"556","Nut 1.5''","Raw Material","1","Kg","0","0","50","0","","B","0","0","0","0","","","Store MHEL","","","","0","No","0000-00-00 00:00:00","0000-00-00 00:00:00"
"557","Nut 48mm","Raw Material","1","Kg","0","0","50","0","","B","0","0","0","0","","","Store MHEL","","","","0","No","0000-00-00 00:00:00","0000-00-00 00:00:00"
"558","MS Washer 5/8''","Raw Material","1","Kg","0","0","300","0","","B","0","0","0","0","","","Store MHEL","","","","0","No","0000-00-00 00:00:00","0000-00-00 00:00:00"
"559","MS Washer 1/2''","Raw Material","1","Kg","0","0","200","0","","B","0","0","0","0","","","Store MHEL","","","","0","No","0000-00-00 00:00:00","0000-00-00 00:00:00"
"560","Washer 10mm (GUN METAL)","Raw Material","1","Kg","0","0","300","0","","C","0","0","0","0","","","Store MHEL","","","","0","No","0000-00-00 00:00:00","0000-00-00 00:00:00"
"561","Washer 12mm (GUN METAL)","Raw Material","1","Kg","0","0","350","0","","C","0","0","0","0","","","Store MHEL","","","","0","No","0000-00-00 00:00:00","0000-00-00 00:00:00"
"562","MS Washer 1''","Raw Material","1","Kg","0","0","600","0","","C","0","0","0","0","","","Store MHEL","","","","0","No","0000-00-00 00:00:00","0000-00-00 00:00:00"
"563","MS Washer 1.25''","Raw Material","1","Kg","0","0","50","0","","C","0","0","0","0","","","Store MHEL","","","","0","No","0000-00-00 00:00:00","0000-00-00 00:00:00"
"564","MS Washer 1.5''","Raw Material","1","Kg","0","0","300","0","","C","0","0","0","0","","","Store MHEL","","","","0","No","0000-00-00 00:00:00","0000-00-00 00:00:00"
"565","Sq. Head Bolt 1''x5''","Raw Material","1","Kg","0","0","200","0","","A","0","0","0","0","","","Store MHEL","","","","0","No","0000-00-00 00:00:00","0000-00-00 00:00:00"
"566","Sq. Head Bolt 1''x6''","Raw Material","1","Kg","0","0","NA","0","","A","0","0","0","0","","","Store MHEL","","","","0","No","0000-00-00 00:00:00","0000-00-00 00:00:00"
"567","Sq. Head Bolt 1''x12''","Raw Material","1","Kg","0","0","NA","0","","A","0","0","0","0","","","Store MHEL","","","","0","No","0000-00-00 00:00:00","0000-00-00 00:00:00"
"568","Sq. Head Bolt 1''x13''","Raw Material","1","Kg","0","0","50","0","","A","0","0","0","0","","","Store MHEL","","","","0","No","0000-00-00 00:00:00","0000-00-00 00:00:00"
"569","Sq. Head Bolt 1''x14''","Raw Material","1","Kg","0","0","50","0","","A","0","0","0","0","","","Store MHEL","","","","0","No","0000-00-00 00:00:00","0000-00-00 00:00:00"
"570","Sq. Head Bolt 1''x16''","Raw Material","1","Kg","0","0","50","0","","A","0","0","0","0","","","Store MHEL","","","","0","No","0000-00-00 00:00:00","0000-00-00 00:00:00"
"571","Sq. Head Bolt 1''x18''","Raw Material","1","Kg","0","0","100","0","","A","0","0","0","0","","","Store MHEL","","","","0","No","0000-00-00 00:00:00","0000-00-00 00:00:00"
"572","Sq. Head Bolt 1''x20''","Raw Material","1","Kg","0","0","NA","0","","A","0","0","0","0","","","Store MHEL","","","","0","No","0000-00-00 00:00:00","0000-00-00 00:00:00"
"573","Sq. Head Bolt 1''x22''","Raw Material","1","Kg","0","0","NA","0","","A","0","0","0","0","","","Store MHEL","","","","0","No","0000-00-00 00:00:00","0000-00-00 00:00:00"
"574","Core Drill 14mm BDS","Raw Material","1","NOS","0","0","4","0","","A","0","0","0","0","","","Store MHEL","","","","0","No","0000-00-00 00:00:00","0000-00-00 00:00:00"
"575","Core Drill 18mm BDS","Raw Material","1","NOS","0","0","2","0","","A","0","0","0","0","","","Store MHEL","","","","0","No","0000-00-00 00:00:00","0000-00-00 00:00:00"
"576","Core Drill 22mm BDS","Raw Material","1","NOS","0","0","5","0","","A","0","0","0","0","","","Store MHEL","","","","0","No","0000-00-00 00:00:00","0000-00-00 00:00:00"
"577","Core Drill 24mm BDS","Raw Material","1","NOS","0","0","2","0","","A","0","0","0","0","","","Store MHEL","","","","0","No","0000-00-00 00:00:00","0000-00-00 00:00:00"
"578","Core Drill 28mm BDS","Raw Material","1","NOS","0","0","2","0","","A","0","0","0","0","","","Store MHEL","","","","0","No","0000-00-00 00:00:00","0000-00-00 00:00:00"
"579","Core Drill 32mm BDS","Raw Material","1","NOS","0","0","2","0","","A","0","0","0","0","","","Store MHEL","","","","0","No","0000-00-00 00:00:00","0000-00-00 00:00:00"
"580","Milling Chuck 5''","Raw Material","1","NOS","0","0","NA","0","","A","0","0","0","0","","","Store MHEL","","","","0","No","0000-00-00 00:00:00","0000-00-00 00:00:00"
"581","Antivibration Pad 180x180","Raw Material","1","NOS","0","0","NA","0","","A","0","0","0","0","","","Store MHEL","","","","0","No","0000-00-00 00:00:00","0000-00-00 00:00:00"
"582","Antivibration Pad 165x165","Raw Material","1","NOS","0","0","NA","0","","A","0","0","0","0","","","Store MHEL","","","","0","No","0000-00-00 00:00:00","0000-00-00 00:00:00"
"583","Heat Exchangers Kcc-1000","Raw Material","1","NOS","0","0","NA","0","","A","0","0","0","0","","","Store MHEL","","","","0","No","0000-00-00 00:00:00","0000-00-00 00:00:00"
"584","Heat Exchangers Kcc-750","Raw Material","1","NOS","0","0","NA","0","","A","0","0","0","0","","","Store MHEL","","","","0","No","0000-00-00 00:00:00","0000-00-00 00:00:00"
"585","Drill 3mm  Miranda","Raw Material","1","NOS","0","0","10","0","","C","0","0","0","0","","","Store MHEL","","","","0","No","0000-00-00 00:00:00","0000-00-00 00:00:00"
"586","Drill 4mm  Miranda","Raw Material","1","NOS","0","0","5","0","","C","0","0","0","0","","","Store MHEL","","","","0","No","0000-00-00 00:00:00","0000-00-00 00:00:00"
"587","Drill 5mm  Miranda","Raw Material","1","NOS","0","0","8","0","","B","0","0","0","0","","","Store MHEL","","","","0","No","0000-00-00 00:00:00","0000-00-00 00:00:00"
"588","Drill 6mm  Miranda","Raw Material","1","NOS","0","0","4","0","","B","0","0","0","0","","","Store MHEL","","","","0","No","0000-00-00 00:00:00","0000-00-00 00:00:00"
"589","Drill 8mm  Miranda","Raw Material","1","NOS","0","0","2","0","","B","0","0","0","0","","","Store MHEL","","","","0","No","0000-00-00 00:00:00","0000-00-00 00:00:00"
"590","Drill 8.5mm  Miranda","Raw Material","1","NOS","0","0","10","0","","B","0","0","0","0","","","Store MHEL","","","","0","No","0000-00-00 00:00:00","0000-00-00 00:00:00"
"591","Drill 10.5mm  Miranda","Raw Material","1","NOS","0","0","10","0","","B","0","0","0","0","","","Store MHEL","","","","0","No","0000-00-00 00:00:00","0000-00-00 00:00:00"
"592","Drill 12mm  Miranda","Raw Material","1","NOS","0","0","10","0","","A","0","0","0","0","","","Store MHEL","","","","0","No","0000-00-00 00:00:00","0000-00-00 00:00:00"
"593","Drill 14mm  Miranda","Raw Material","1","NOS","0","0","2","0","","A","0","0","0","0","","","Store MHEL","","","","0","No","0000-00-00 00:00:00","0000-00-00 00:00:00"
"594","Drill 15mm  Miranda","Raw Material","1","NOS","0","0","NA","0","","A","0","0","0","0","","","Store MHEL","","","","0","No","0000-00-00 00:00:00","0000-00-00 00:00:00"
"595","Drill 16mm  Miranda","Raw Material","1","NOS","0","0","NA","0","","A","0","0","0","0","","","Store MHEL","","","","0","No","0000-00-00 00:00:00","0000-00-00 00:00:00"
"596","Drill 17mm  Miranda","Raw Material","1","NOS","0","0","NA","0","","A","0","0","0","0","","","Store MHEL","","","","0","No","0000-00-00 00:00:00","0000-00-00 00:00:00"
"597","Drill 17.5mm  Miranda","Raw Material","1","NOS","0","0","1","0","","A","0","0","0","0","","","Store MHEL","","","","0","No","0000-00-00 00:00:00","0000-00-00 00:00:00"
"598","Drill 18mm  Miranda","Raw Material","1","NOS","0","0","1","0","","A","0","0","0","0","","","Store MHEL","","","","0","No","0000-00-00 00:00:00","0000-00-00 00:00:00"
"599","Drill 19mm  Miranda","Raw Material","1","NOS","0","0","2","0","","A","0","0","0","0","","","Store MHEL","","","","0","No","0000-00-00 00:00:00","0000-00-00 00:00:00"
"600","Drill 21mm  Miranda","Raw Material","1","NOS","0","0","2","0","","A","0","0","0","0","","","Store MHEL","","","","0","No","0000-00-00 00:00:00","0000-00-00 00:00:00"
"601","Drill 21.5mm  Miranda","Raw Material","1","NOS","0","0","1","0","","A","0","0","0","0","","","Store MHEL","","","","0","No","0000-00-00 00:00:00","0000-00-00 00:00:00"
"602","Drill 22mm  Miranda","Raw Material","1","NOS","0","0","2","0","","A","0","0","0","0","","","Store MHEL","","","","0","No","0000-00-00 00:00:00","0000-00-00 00:00:00"
"603","Drill 24mm  Miranda","Raw Material","1","NOS","0","0","1","0","","A","0","0","0","0","","","Store MHEL","","","","0","No","0000-00-00 00:00:00","0000-00-00 00:00:00"
"604","Drill 26mm  Miranda","Raw Material","1","NOS","0","0","2","0","","A","0","0","0","0","","","Store MHEL","","","","0","No","0000-00-00 00:00:00","0000-00-00 00:00:00"
"605","Drill 28mm  Miranda","Raw Material","1","NOS","0","0","2","0","","A","0","0","0","0","","","Store MHEL","","","","0","No","0000-00-00 00:00:00","0000-00-00 00:00:00"
"606","Drill 30mm  Miranda","Raw Material","1","NOS","0","0","1","0","","A","0","0","0","0","","","Store MHEL","","","","0","No","0000-00-00 00:00:00","0000-00-00 00:00:00"
"607","Drill 32mm  Miranda","Raw Material","1","NOS","0","0","1","0","","A","0","0","0","0","","","Store MHEL","","","","0","No","0000-00-00 00:00:00","0000-00-00 00:00:00"
"608","Center Drill BS-3  Miranda","Raw Material","1","NOS","0","0","10","0","","A","0","0","0","0","","","Store MHEL","","","","0","No","0000-00-00 00:00:00","0000-00-00 00:00:00"
"609","Center Drill BS-4  Miranda","Raw Material","1","NOS","0","0","10","0","","A","0","0","0","0","","","Store MHEL","","","","0","No","0000-00-00 00:00:00","0000-00-00 00:00:00"
"610","Center Drill BS-5  Miranda","Raw Material","1","NOS","0","0","5","0","","A","0","0","0","0","","","Store MHEL","","","","0","No","0000-00-00 00:00:00","0000-00-00 00:00:00"
"611","Center Drill BS-6  Miranda","","0","NOS","0","0","5","0","","A","0","0","0","0","","","Store MHEL","","","","0","No","0000-00-00 00:00:00","0000-00-00 00:00:00"
"612","Tap Set 8mm Miranda","","0","NOS","0","0","1","0","","A","0","0","0","0","","","Store MHEL","","","","0","No","0000-00-00 00:00:00","0000-00-00 00:00:00"
"613","Tap Set 10mm Miranda","","0","NOS","0","0","3","0","","A","0","0","0","0","","","Store MHEL","","","","0","No","0000-00-00 00:00:00","0000-00-00 00:00:00"
"614","Tap Set 12mm Miranda","","0","NOS","0","0","NA","0","","A","0","0","0","0","","","Store MHEL","","","","0","No","0000-00-00 00:00:00","0000-00-00 00:00:00"
"615","Tap Set 16mm Miranda","","0","NOS","0","0","NA","0","","A","0","0","0","0","","","Store MHEL","","","","0","No","0000-00-00 00:00:00","0000-00-00 00:00:00"
"616","Tap Set 20mm Miranda","","0","NOS","0","0","1","0","","A","0","0","0","0","","","Store MHEL","","","","0","No","0000-00-00 00:00:00","0000-00-00 00:00:00"
"617","Tap Set 24mm Miranda","","0","NOS","0","0","NA","0","","A","0","0","0","0","","","Store MHEL","","","","0","No","0000-00-00 00:00:00","0000-00-00 00:00:00"
"618","Tap Set 36mm Miranda","","0","NOS","0","0","NA","0","","A","0","0","0","0","","","Store MHEL","","","","0","No","0000-00-00 00:00:00","0000-00-00 00:00:00"
"619","Tap Set 39mm Miranda","","0","NOS","0","0","NA","0","","A","0","0","0","0","","","Store MHEL","","","","0","No","0000-00-00 00:00:00","0000-00-00 00:00:00"
"620","MS Plate 50mm 3000x10200mm= 1 Nos","","0","Kg","0","0","3800","0","","A","0","0","0","0","","","2 Unit CNC M/C Ke Pass","","","","0","No","0000-00-00 00:00:00","0000-00-00 00:00:00"
"621","MS Plate 40mm 2500x12000mm= 1 Nos","","0","Kg","0","0","NA","0","","A","0","0","0","0","","","2 Unit CNC M/C Ke Pass","","","","0","No","0000-00-00 00:00:00","0000-00-00 00:00:00"
"622","MS Plate 36mm 1500x5000mm= 1 Nos","","0","Kg","0","0","1200","0","","A","0","0","0","0","","","2 Unit CNC M/C Ke Pass","","","","0","No","0000-00-00 00:00:00","0000-00-00 00:00:00"
"623","MS Plate 32mm 2500x4000mm= 1 Nos","","0","Kg","0","0","2560","0","","A","0","0","0","0","","","2 Unit CNC M/C Ke Pass","","","","0","No","0000-00-00 00:00:00","0000-00-00 00:00:00"
"624","HR Plate 20mm 1500x6300mm= 1 Nos","","0","Kg","0","0","8900","0","","A","0","0","0","0","","","2 Unit CNC M/C Ke Pass","","","","0","No","0000-00-00 00:00:00","0000-00-00 00:00:00"
"625","HR Plate 16mm 1500x6300mm= 1 Nos","","0","Kg","0","0","3200","0","","A","0","0","0","0","","","2 Unit CNC M/C Ke Pass","","","","0","No","0000-00-00 00:00:00","0000-00-00 00:00:00"
"626","HR Plate 12mm 1500x6300mm= 1 Nos","","0","Kg","0","0","5890","0","","A","0","0","0","0","","","2 Unit CNC M/C Ke Pass","","","","0","No","0000-00-00 00:00:00","0000-00-00 00:00:00"
"627","HR Plate 10mm 1500x6300mm= 1 Nos","","0","Kg","0","0","9850","0","","A","0","0","0","0","","","2 Unit CNC M/C Ke Pass","","","","0","No","0000-00-00 00:00:00","0000-00-00 00:00:00"
"628","HR Plate 8mm 2000x6300mm= 1 Nos","","0","Kg","0","0","8540","0","","A","0","0","0","0","","","2 Unit CNC M/C Ke Pass","","","","0","No","0000-00-00 00:00:00","0000-00-00 00:00:00"
"629","HR Plate 6mm 1500x6300mm= 1 Nos","","0","Kg","0","0","7890","0","","A","0","0","0","0","","","2 Unit CNC M/C Ke Pass","","","","0","No","0000-00-00 00:00:00","0000-00-00 00:00:00"
"630","HR Plate 5mm 1500x6300mm= 1 Nos","","0","Kg","0","0","8950","0","","A","0","0","0","0","","","2 Unit CNC M/C Ke Pass","","","","0","No","0000-00-00 00:00:00","0000-00-00 00:00:00"
"631","HR Plate 3mm 1500x2500mm= 1 Nos","","0","Kg","0","0","6200","0","","A","0","0","0","0","","","2 Unit CNC M/C Ke Pass","","","","0","No","0000-00-00 00:00:00","0000-00-00 00:00:00"
"632","Checker Plate 3mm 1500x2500mm","","0","Kg","0","0","4950","0","","A","0","0","0","0","","","2 Unit CNC M/C Ke Pass","","","","0","No","0000-00-00 00:00:00","0000-00-00 00:00:00"
"633","Channel","","0","Kg","0","0","1320","0","200x65","A","0","0","0","0","","","2 Unit CNC M/C Ke Pass","","","","0","No","0000-00-00 00:00:00","0000-00-00 00:00:00"
"634","Channel","","0","Kg","0","0","1030","0","125x65","A","0","0","0","0","","","2 Unit CNC M/C Ke Pass","","","","0","No","0000-00-00 00:00:00","0000-00-00 00:00:00"
"635","Channel","","0","Kg","0","0","1620","0","100x50","A","0","0","0","0","","","2 Unit CNC M/C Ke Pass","","","","0","No","0000-00-00 00:00:00","0000-00-00 00:00:00"
"636","Channel","","0","Kg","0","0","940","0","75x40","A","0","0","0","0","","","2 Unit CNC M/C Ke Pass","","","","0","No","0000-00-00 00:00:00","0000-00-00 00:00:00"
"637","Channel","","0","Kg","0","0","850","0","150x75","A","0","0","0","0","","","2 Unit CNC M/C Ke Pass","","","","0","No","0000-00-00 00:00:00","0000-00-00 00:00:00"
"638","Channel","","0","Kg","0","0","360","0","250x75","A","0","0","0","0","","","2 Unit CNC M/C Ke Pass","","","","0","No","0000-00-00 00:00:00","0000-00-00 00:00:00"
"639","Channel","","0","Kg","0","0","750","0","300x75","A","0","0","0","0","","","2 Unit CNC M/C Ke Pass","","","","0","No","0000-00-00 00:00:00","0000-00-00 00:00:00"
"640","Angle","","0","Kg","0","0","360","0","40x40","A","0","0","0","0","","","2 Unit CNC M/C Ke Pass","","","","0","No","0000-00-00 00:00:00","0000-00-00 00:00:00"
"641","Angle","","0","Kg","0","0","690","0","50x50","A","0","0","0","0","","","2 Unit CNC M/C Ke Pass","","","","0","No","0000-00-00 00:00:00","0000-00-00 00:00:00"
"642","Angle","","0","Kg","0","0","1200","0","65x65","A","0","0","0","0","","","2 Unit CNC M/C Ke Pass","","","","0","No","0000-00-00 00:00:00","0000-00-00 00:00:00"
"643","Angle","","0","Kg","0","0","890","0","90x90","A","0","0","0","0","","","2 Unit CNC M/C Ke Pass","","","","0","No","0000-00-00 00:00:00","0000-00-00 00:00:00"
"644","Angle","","0","Kg","0","0","560","0","100x100","A","0","0","0","0","","","2 Unit CNC M/C Ke Pass","","","","0","No","0000-00-00 00:00:00","0000-00-00 00:00:00"
"645","I Beam 400x180= 2 Nos (12mtr)","","0","Kg","0","0","280","0","","A","0","0","0","0","","","2 Unit CNC M/C Ke Pass","","","","0","No","0000-00-00 00:00:00","0000-00-00 00:00:00"
"646","I Beam 250x125= 4 Nos (12mtr)","","0","Kg","0","0","620","0","","A","0","0","0","0","","","2 Unit CNC M/C Ke Pass","","","","0","No","0000-00-00 00:00:00","0000-00-00 00:00:00"
"647","I Beam 125x65= 4 Nos","","0","Kg","0","0","1230","0","","A","0","0","0","0","","","2 Unit CNC M/C Ke Pass","","","","0","No","0000-00-00 00:00:00","0000-00-00 00:00:00"
"648","I Beam 350x140= 2 Nos","","0","Kg","0","0","986","0","","A","0","0","0","0","","","2 Unit CNC M/C Ke Pass","","","","0","No","0000-00-00 00:00:00","0000-00-00 00:00:00"
"649","Oil 68 No. Mak = 210 Ltr","","0","Ltr.","0","0","80","0","","A","0","0","0","0","","","Short Blasting Machine Ke Pass","","","","0","No","0000-00-00 00:00:00","0000-00-00 00:00:00"
"650","Oil 90 No. Mak = 210 Ltr","","0","Ltr.","0","0","120","0","","A","0","0","0","0","","","Short Blasting Machine Ke Pass","","","","0","No","0000-00-00 00:00:00","0000-00-00 00:00:00"
"651","Oil 320 No. Mak = 210 Ltr","","0","Ltr.","0","0","50","0","","A","0","0","0","0","","","Short Blasting Machine Ke Pass","","","","0","No","0000-00-00 00:00:00","0000-00-00 00:00:00"
"652","Oil 220 No. Mak = 210 Ltr","","0","Ltr.","0","0","50","0","","A","0","0","0","0","","","Short Blasting Machine Ke Pass","","","","0","No","0000-00-00 00:00:00","0000-00-00 00:00:00"
"653","Grease EP-2 Max= 182 Kg","","0","Kg","0","0","60","0","","A","0","0","0","0","","","Short Blasting Machine Ke Pass","","","","0","No","0000-00-00 00:00:00","0000-00-00 00:00:00"
"654","Ring Spanner","","0","NOS","0","0","NA","0","10x11","A","0","0","0","0","","","Store MHEL","","","","0","No","0000-00-00 00:00:00","0000-00-00 00:00:00"
"655","Ring Spanner","","0","NOS","0","0","10","0","30x32","A","0","0","0","0","","","Store MHEL","","","","0","No","0000-00-00 00:00:00","0000-00-00 00:00:00"
"656","Ring Spanner","","0","NOS","0","0","10","0","36x41","A","0","0","0","0","","","Store MHEL","","","","0","No","0000-00-00 00:00:00","0000-00-00 00:00:00"
"657","Ring Spanner","","0","NOS","0","0","10","0","21x23","A","0","0","0","0","","","Store MHEL","","","","0","No","0000-00-00 00:00:00","0000-00-00 00:00:00"
"658","Ring Spanner","","0","NOS","0","0","5","0","36x38","A","0","0","0","0","","","Store MHEL","","","","0","No","0000-00-00 00:00:00","0000-00-00 00:00:00"
"659","Ring Spanner","","0","NOS","0","0","5","0","25x28","A","0","0","0","0","","","Store MHEL","","","","0","No","0000-00-00 00:00:00","0000-00-00 00:00:00"
"660","Ring Spanner","","0","NOS","0","0","10","0","24x27","A","0","0","0","0","","","Store MHEL","","","","0","No","0000-00-00 00:00:00","0000-00-00 00:00:00"
"661","Ring Spanner","","0","NOS","0","0","10","0","3/4x7/8","A","0","0","0","0","","","Store MHEL","","","","0","No","0000-00-00 00:00:00","0000-00-00 00:00:00"
"662","Fix Spanner","","0","NOS","0","0","NA","0","10x11","A","0","0","0","0","","","Store MHEL","","","","0","No","0000-00-00 00:00:00","0000-00-00 00:00:00"
"663","Fix Spanner","","0","NOS","0","0","10","0","12x13","A","0","0","0","0","","","Store MHEL","","","","0","No","0000-00-00 00:00:00","0000-00-00 00:00:00"
"664","Fix Spanner","","0","NOS","0","0","10","0","30x32","A","0","0","0","0","","","Store MHEL","","","","0","No","0000-00-00 00:00:00","0000-00-00 00:00:00"
"665","Fix Spanner","","0","NOS","0","0","8","0","36x41","A","0","0","0","0","","","Store MHEL","","","","0","No","0000-00-00 00:00:00","0000-00-00 00:00:00"
"666","Fix Spanner","","0","NOS","0","0","8","0","21x23","A","0","0","0","0","","","Store MHEL","","","","0","No","0000-00-00 00:00:00","0000-00-00 00:00:00"
"667","Fix Spanner","","0","NOS","0","0","4","0","36x38","A","0","0","0","0","","","Store MHEL","","","","0","No","0000-00-00 00:00:00","0000-00-00 00:00:00"
"668","Fix Spanner","","0","NOS","0","0","5","0","25x28","A","0","0","0","0","","","Store MHEL","","","","0","No","0000-00-00 00:00:00","0000-00-00 00:00:00"
"669","Fix Spanner","","0","NOS","0","0","10","0","24x27","A","0","0","0","0","","","Store MHEL","","","","0","No","0000-00-00 00:00:00","0000-00-00 00:00:00"
"670","Screw Driver","","0","NOS","0","0","10","0","1012","A","0","0","0","0","","","Store MHEL","","","","0","No","0000-00-00 00:00:00","0000-00-00 00:00:00"
"671","Ratchet","","0","NOS","0","0","10","0","","A","0","0","0","0","","","Store MHEL","","","","0","No","0000-00-00 00:00:00","0000-00-00 00:00:00"
"672","Goti","","0","NOS","0","0","10","0","17 No","A","0","0","0","0","","","Store MHEL","","","","0","No","0000-00-00 00:00:00","0000-00-00 00:00:00"
"673","Goti","","0","NOS","0","0","10","0","19 No","A","0","0","0","0","","","Store MHEL","","","","0","No","0000-00-00 00:00:00","0000-00-00 00:00:00"
"674","Hammer","","0","NOS","0","0","1","0","250gm","A","0","0","0","0","","","Store MHEL","","","","0","No","0000-00-00 00:00:00","0000-00-00 00:00:00"
"675","Hammer","","0","NOS","0","0","NA","0","55No","A","0","0","0","0","","","Store MHEL","","","","0","No","0000-00-00 00:00:00","0000-00-00 00:00:00"
"676","Hammer","","0","NOS","0","0","NA","0","65No","A","0","0","0","0","","","Store MHEL","","","","0","No","0000-00-00 00:00:00","0000-00-00 00:00:00"
"677","Hammer","","0","NOS","0","0","NA","0","75No","A","0","0","0","0","","","Store MHEL","","","","0","No","0000-00-00 00:00:00","0000-00-00 00:00:00"
"678","Oil Level Gauge ","","0","NOS","0","0","6","0","LG-605","A","0","0","0","0","","","Store MHEL","","","","0","No","0000-00-00 00:00:00","0000-00-00 00:00:00"
"679","Oil Tray","","0","NOS","0","0","18","0","Small","A","0","0","0","0","","","Store MHEL","","","","0","No","0000-00-00 00:00:00","0000-00-00 00:00:00"
"680","Adaptor","","0","NOS","0","0","32","0","1/2''x1""","B","0","0","0","0","","","Store MHEL","","","","0","No","0000-00-00 00:00:00","0000-00-00 00:00:00"
"681","Adaptor","","0","NOS","0","0","10","0","1''x1/2''","B","0","0","0","0","","","Store MHEL","","","","0","No","0000-00-00 00:00:00","0000-00-00 00:00:00"
"682","Adaptor","","0","NOS","0","0","16","0","3/8''x3/8''","B","0","0","0","0","","","Store MHEL","","","","0","No","0000-00-00 00:00:00","0000-00-00 00:00:00"
"683","Adaptor","","0","NOS","0","0","NA","0","1.5''x2''","B","0","0","0","0","","","Store MHEL","","","","0","No","0000-00-00 00:00:00","0000-00-00 00:00:00"
"684","Adaptor","","0","NOS","0","0","NA","0","1.1/4''x1.1/4''","B","0","0","0","0","","","Store MHEL","","","","0","No","0000-00-00 00:00:00","0000-00-00 00:00:00"
"685","Adaptor","","0","NOS","0","0","NA","0","3/4''x1.1/4''","B","0","0","0","0","","","Store MHEL","","","","0","No","0000-00-00 00:00:00","0000-00-00 00:00:00"
"686","Adaptor","","0","NOS","0","0","NA","0","1/2''x3/4''","B","0","0","0","0","","","Store MHEL","","","","0","No","0000-00-00 00:00:00","0000-00-00 00:00:00"
"687","Adaptor","","0","NOS","0","0","2","0","1''x2''","B","0","0","0","0","","","Store MHEL","","","","0","No","0000-00-00 00:00:00","0000-00-00 00:00:00"
"688","Adaptor","","0","NOS","0","0","8","0","1''x1''","B","0","0","0","0","","","Store MHEL","","","","0","No","0000-00-00 00:00:00","0000-00-00 00:00:00"
"689","Adaptor","","0","NOS","0","0","8","0","1/4''x3/8''","B","0","0","0","0","","","Store MHEL","","","","0","No","0000-00-00 00:00:00","0000-00-00 00:00:00"
"690","Adaptor","","0","NOS","0","0","NA","0","1/4''x1/4''","B","0","0","0","0","","","Store MHEL","","","","0","No","0000-00-00 00:00:00","0000-00-00 00:00:00"
"691","Match Box","","0","Box","0","0","1","0","","C","0","0","0","0","","","Store MHEL","","","","0","No","0000-00-00 00:00:00","0000-00-00 00:00:00"
"692","Shop","","0","NOS","0","0","NA","0","","C","0","0","0","0","","","Store MHEL","","","","0","No","0000-00-00 00:00:00","0000-00-00 00:00:00"
"693","Chock","","0","Box","0","0","2","0","","C","0","0","0","0","","","Store MHEL","","","","0","No","0000-00-00 00:00:00","0000-00-00 00:00:00"
"694","Bartan","","0","Box","0","0","1","0","","C","0","0","0","0","","","Store MHEL","","","","0","No","0000-00-00 00:00:00","0000-00-00 00:00:00"
"695","Mig Nozzle ","","0","NOS","0","0","20","0","1.2mm","C","0","0","0","0","","","Store MHEL","","","","0","No","0000-00-00 00:00:00","0000-00-00 00:00:00"
"696","Mig Torch","","0","NOS","0","0","NA","0","","A","0","0","0","0","","","Store MHEL","","","","0","No","0000-00-00 00:00:00","0000-00-00 00:00:00"
"697","Mig Wire Roller","","0","NOS","0","0","5","0","0.8x1.2mm","B","0","0","0","0","","","Store MHEL","","","","0","No","0000-00-00 00:00:00","0000-00-00 00:00:00"
"698","Mig Liner","","0","NOS","0","0","8","0","1.2mm","B","0","0","0","0","","","Store MHEL","","","","0","No","0000-00-00 00:00:00","0000-00-00 00:00:00"
"699","Welding Glass White","","0","NOS","0","0","100","0","12 No.","C","0","0","0","0","","","Store MHEL","","","","0","No","0000-00-00 00:00:00","0000-00-00 00:00:00"
"700","Welding Glass Black","","0","NOS","0","0","50","0","11 No","C","0","0","0","0","","","Store MHEL","","","","0","No","0000-00-00 00:00:00","0000-00-00 00:00:00"
"701","Welding Glass Black","","0","NOS","0","0","50","0","13 No.","C","0","0","0","0","","","Store MHEL","","","","0","No","0000-00-00 00:00:00","0000-00-00 00:00:00"
"702","Welding Holder","","0","NOS","0","0","10","0","","A","0","0","0","0","","","Store MHEL","","","","0","No","0000-00-00 00:00:00","0000-00-00 00:00:00"
"703","Regulator","","0","NOS","0","0","2","0","O2","A","0","0","0","0","","","Store MHEL","","","","0","No","0000-00-00 00:00:00","0000-00-00 00:00:00"
"704","Regulator","","0","NOS","0","0","2","0","Co2","A","0","0","0","0","","","Store MHEL","","","","0","No","0000-00-00 00:00:00","0000-00-00 00:00:00"
"705","Regulator","","0","NOS","0","0","3","0","LPG","A","0","0","0","0","","","Store MHEL","","","","0","No","0000-00-00 00:00:00","0000-00-00 00:00:00"
"706","Cutting Nozzle ","","0","NOS","0","0","10","0","1/8 No.","B","0","0","0","0","","","Store MHEL","","","","0","No","0000-00-00 00:00:00","0000-00-00 00:00:00"
"707","Cutting Nozzle ","","0","NOS","0","0","NA","0","1/16 No.","B","0","0","0","0","","","Store MHEL","","","","0","No","0000-00-00 00:00:00","0000-00-00 00:00:00"
"708","Cutting Nozzle ","","0","NOS","0","0","10","0","3/64 No","B","0","0","0","0","","","Store MHEL","","","","0","No","0000-00-00 00:00:00","0000-00-00 00:00:00"
"709","Cutting Nozzle ","","0","NOS","0","0","NA","0","5/64 No","B","0","0","0","0","","","Store MHEL","","","","0","No","0000-00-00 00:00:00","0000-00-00 00:00:00"
"710","Hose Pipe LPG & O2","","0","NOS","0","0","NA","0","","B","0","0","0","0","","","Store MHEL","","","","0","No","0000-00-00 00:00:00","0000-00-00 00:00:00"
"711","Mig Tip Holder","","0","NOS","0","0","10","0","KD 36","B","0","0","0","0","","","Store MHEL","","","","0","No","0000-00-00 00:00:00","0000-00-00 00:00:00"
"712","Mig Tip Holder","","0","NOS","0","0","10","0","KD 40","B","0","0","0","0","","","Store MHEL","","","","0","No","0000-00-00 00:00:00","0000-00-00 00:00:00"
"713","Insulator","","0","NOS","0","0","15","0","KD 36","B","0","0","0","0","","","Store MHEL","","","","0","No","0000-00-00 00:00:00","0000-00-00 00:00:00"
"714","Insulator","","0","NOS","0","0","15","0","KD 40","B","0","0","0","0","","","Store MHEL","","","","0","No","0000-00-00 00:00:00","0000-00-00 00:00:00"
"715","O2 Nut (Oxygen Cylinder Nut) ","","0","NOS","0","0","5","0","","B","0","0","0","0","","","Store MHEL","","","","0","No","0000-00-00 00:00:00","0000-00-00 00:00:00"
"716","Welding Helmet (Full Size)","","0","NOS","0","0","NA","0","","A","0","0","0","0","","","Store MHEL","","","","0","No","0000-00-00 00:00:00","0000-00-00 00:00:00"
"717","Welding Gas Cutter","","0","NOS","0","0","1","0","","A","0","0","0","0","","","Store MHEL","","","","0","No","0000-00-00 00:00:00","0000-00-00 00:00:00"
"718","Taplone Tape","","0","NOS","0","0","50","0","","A","0","0","0","0","","","Store MHEL","","","","0","No","0000-00-00 00:00:00","0000-00-00 00:00:00"
"719","Rubber Spring FRS-8","","0","NOS","0","0","NA","0","","A","0","0","0","0","","","Store MHEL","","","","0","No","0000-00-00 00:00:00","0000-00-00 00:00:00"
"720","Head Gloves Local","","0","NOS","0","0","NA","0","","B","0","0","0","0","","","Store MHEL","","","","0","No","0000-00-00 00:00:00","0000-00-00 00:00:00"
"721","Head Gloves Leather (Esab)","","0","NOS","0","0","12","0","","B","0","0","0","0","","","Store MHEL","","","","0","No","0000-00-00 00:00:00","0000-00-00 00:00:00"
"722","Head Gloves Paints","","0","NOS","0","0","4","0","","B","0","0","0","0","","","Store MHEL","","","","0","No","0000-00-00 00:00:00","0000-00-00 00:00:00"
"723","Grease Nipple","","0","NOS","0","0","30","0","1/4'' BSP","C","0","0","0","0","","","Store MHEL","","","","0","No","0000-00-00 00:00:00","0000-00-00 00:00:00"
"724","Transparent Tape White","","0","Box","0","0","1","0","3''","B","0","0","0","0","","","Store MHEL","","","","0","No","0000-00-00 00:00:00","0000-00-00 00:00:00"
"725","Transparent Tape Brown","","0","Box","0","0","1","0","3''","B","0","0","0","0","","","Store MHEL","","","","0","No","0000-00-00 00:00:00","0000-00-00 00:00:00"
"726","Masking Tape","","0","NOS","0","0","NA","0","2''","B","0","0","0","0","","","Store MHEL","","","","0","No","0000-00-00 00:00:00","0000-00-00 00:00:00"
"727","O Ring","","0","Mtr","0","0","NA","0","3mm","B","0","0","0","0","","","Store MHEL","","","","0","No","0000-00-00 00:00:00","0000-00-00 00:00:00"
"728","O Ring","","0","Mtr","0","0","NA","0","5mm","B","0","0","0","0","","","Store MHEL","","","","0","No","0000-00-00 00:00:00","0000-00-00 00:00:00"
"729","O Ring","","0","Mtr","0","0","NA","0","6mm","B","0","0","0","0","","","Store MHEL","","","","0","No","0000-00-00 00:00:00","0000-00-00 00:00:00"
"730","Ribbit","","0","Mtr","0","0","NA","0","4mm","C","0","0","0","0","","","Store MHEL","","","","0","No","0000-00-00 00:00:00","0000-00-00 00:00:00"
"731","Paint Brush","","0","NOS","0","0","NA","0","1""","C","0","0","0","0","","","Store MHEL","","","","0","No","0000-00-00 00:00:00","0000-00-00 00:00:00"
"732","Paint Brush","","0","NOS","0","0","NA","0","1.5""","C","0","0","0","0","","","Store MHEL","","","","0","No","0000-00-00 00:00:00","0000-00-00 00:00:00"
"733","Paint Brush","","0","NOS","0","0","20","0","2""","B","0","0","0","0","","","Store MHEL","","","","0","No","0000-00-00 00:00:00","0000-00-00 00:00:00"
"734","Paint Brush","","0","NOS","0","0","20","0","3""","B","0","0","0","0","","","Store MHEL","","","","0","No","0000-00-00 00:00:00","0000-00-00 00:00:00"
"735","White Clothe","","0","NOS","0","0","5","0","","B","0","0","0","0","","","Store MHEL","","","","0","No","0000-00-00 00:00:00","0000-00-00 00:00:00"
"736","Mask","","0","NOS","0","0","NA","0","","C","0","0","0","0","","","Store MHEL","","","","0","No","0000-00-00 00:00:00","0000-00-00 00:00:00"
"737","MILLING DRILL","","0","NOS","0","0","2","0","3mm","C","0","0","0","0","","","Store MHEL","","","","0","No","0000-00-00 00:00:00","0000-00-00 00:00:00"
"738","MILLING DRILL","","0","NOS","0","0","2","0","4mm","C","0","0","0","0","","","Store MHEL","","","","0","No","0000-00-00 00:00:00","0000-00-00 00:00:00"
"739","MILLING DRILL","","0","NOS","0","0","2","0","5MM","C","0","0","0","0","","","Store MHEL","","","","0","No","0000-00-00 00:00:00","0000-00-00 00:00:00"
"740","MILLING DRILL","","0","NOS","0","0","2","0","6MM","C","0","0","0","0","","","Store MHEL","","","","0","No","0000-00-00 00:00:00","0000-00-00 00:00:00"
"741","MILLING DRILL","","0","NOS","0","0","1","0","10MM","B","0","0","0","0","","","Store MHEL","","","","0","No","0000-00-00 00:00:00","0000-00-00 00:00:00"
"742","MILLING DRILL","","0","NOS","0","0","1","0","12MM","B","0","0","0","0","","","Store MHEL","","","","0","No","0000-00-00 00:00:00","0000-00-00 00:00:00"
"743","MILLING DRILL","","0","NOS","0","0","1","0","14MM","B","0","0","0","0","","","Store MHEL","","","","0","No","0000-00-00 00:00:00","0000-00-00 00:00:00"
"744","MILLING DRILL","","0","NOS","0","0","1","0","16MM","B","0","0","0","0","","","Store MHEL","","","","0","No","0000-00-00 00:00:00","0000-00-00 00:00:00"
"745","MILLING DRILL","","0","NOS","0","0","2","0","20MM","B","0","0","0","0","","","Store MHEL","","","","0","No","0000-00-00 00:00:00","0000-00-00 00:00:00"
"746","MILLING DRILL","","0","NOS","0","0","1","0","22MM","A","0","0","0","0","","","Store MHEL","","","","0","No","0000-00-00 00:00:00","0000-00-00 00:00:00"
"747","MILLING DRILL","","0","NOS","0","0","1","0","24MM","A","0","0","0","0","","","Store MHEL","","","","0","No","0000-00-00 00:00:00","0000-00-00 00:00:00"
"748","MILLING DRILL","","0","NOS","0","0","NA","0","25MM","A","0","0","0","0","","","Store MHEL","","","","0","No","0000-00-00 00:00:00","0000-00-00 00:00:00"
"749","MILLING DRILL","","0","NOS","0","0","1","0","26MM","A","0","0","0","0","","","Store MHEL","","","","0","No","0000-00-00 00:00:00","0000-00-00 00:00:00"
"750","MILLING DRILL","","0","NOS","0","0","1","0","28MM","A","0","0","0","0","","","Store MHEL","","","","0","No","0000-00-00 00:00:00","0000-00-00 00:00:00"
"751","MILLING DRILL","","0","NOS","0","0","NA","0","30MM","A","0","0","0","0","","","Store MHEL","","","","0","No","0000-00-00 00:00:00","0000-00-00 00:00:00"
"752","MILLING DRILL","","0","NOS","0","0","NA","0","32MM","A","0","0","0","0","","","Store MHEL","","","","0","No","0000-00-00 00:00:00","0000-00-00 00:00:00"
"753","MILLING DRILL CHUCK","","0","NOS","0","0","NA","0","5MM","A","0","0","0","0","","","Store MHEL","","","","0","No","0000-00-00 00:00:00","0000-00-00 00:00:00"
"754","MILLING DRILL CHUCK","","0","NOS","0","0","NA","0","6MM","A","0","0","0","0","","","Store MHEL","","","","0","No","0000-00-00 00:00:00","0000-00-00 00:00:00"
"755","MILLING DRILL CHUCK","","0","NOS","0","0","NA","0","10MM","A","0","0","0","0","","","Store MHEL","","","","0","No","0000-00-00 00:00:00","0000-00-00 00:00:00"
"756","MILLING DRILL CHUCK","","0","NOS","0","0","NA","0","12MM","A","0","0","0","0","","","Store MHEL","","","","0","No","0000-00-00 00:00:00","0000-00-00 00:00:00"
"757","MILLING DRILL CHUCK","","0","NOS","0","0","NA","0","14MM","A","0","0","0","0","","","Store MHEL","","","","0","No","0000-00-00 00:00:00","0000-00-00 00:00:00"
"758","MILLING DRILL CHUCK","","0","NOS","0","0","NA","0","16MM","A","0","0","0","0","","","Store MHEL","","","","0","No","0000-00-00 00:00:00","0000-00-00 00:00:00"
"759","MILLING DRILL CHUCK","","0","NOS","0","0","NA","0","20MM","A","0","0","0","0","","","Store MHEL","","","","0","No","0000-00-00 00:00:00","0000-00-00 00:00:00"
"760","MILLING DRILL CHUCK","","0","NOS","0","0","NA","0","22MM","A","0","0","0","0","","","Store MHEL","","","","0","No","0000-00-00 00:00:00","0000-00-00 00:00:00"
"761","KEY ","","0","NOS","0","0","NA","0","14X08","A","0","0","0","0","","","Store MHEL","","","","0","No","0000-00-00 00:00:00","0000-00-00 00:00:00"
"762","KEY ","","0","NOS","0","0","NA","0","12X08","A","0","0","0","0","","","Store MHEL","","","","0","No","0000-00-00 00:00:00","0000-00-00 00:00:00"
"763","KEY ","","0","NOS","0","0","NA","0","16X08","A","0","0","0","0","","","Store MHEL","","","","0","No","0000-00-00 00:00:00","0000-00-00 00:00:00"
"764","ALLEN KEY","","0","NOS","0","0","5","0","3mm","C","0","0","0","0","","","Store MHEL","","","","0","No","0000-00-00 00:00:00","0000-00-00 00:00:00"
"765","ALLEN KEY","","0","NOS","0","0","10","0","4mm","C","0","0","0","0","","","Store MHEL","","","","0","No","0000-00-00 00:00:00","0000-00-00 00:00:00"
"766","ALLEN KEY","","0","NOS","0","0","6","0","6mm","C","0","0","0","0","","","Store MHEL","","","","0","No","0000-00-00 00:00:00","0000-00-00 00:00:00"
"767","ALLEN KEY","","0","NOS","0","0","2","0","8mm","C","0","0","0","0","","","Store MHEL","","","","0","No","0000-00-00 00:00:00","0000-00-00 00:00:00"
"768","ALLEN KEY","","0","NOS","0","0","4","0","10mm","B","0","0","0","0","","","Store MHEL","","","","0","No","0000-00-00 00:00:00","0000-00-00 00:00:00"
"769","ALLEN KEY","","0","NOS","0","0","7","0","12mm","B","0","0","0","0","","","Store MHEL","","","","0","No","0000-00-00 00:00:00","0000-00-00 00:00:00"
"770","ALLEN KEY","","0","NOS","0","0","5","0","14mm","B","0","0","0","0","","","Store MHEL","","","","0","No","0000-00-00 00:00:00","0000-00-00 00:00:00"
"771","ALLEN KEY","","0","NOS","0","0","2","0","16mm","B","0","0","0","0","","","Store MHEL","","","","0","No","0000-00-00 00:00:00","0000-00-00 00:00:00"
"772","ALLEN KEY","","0","NOS","0","0","2","0","18mm","B","0","0","0","0","","","Store MHEL","","","","0","No","0000-00-00 00:00:00","0000-00-00 00:00:00"
"773","Vibro Motor","","0","NOS","0","0","NA","0","1 Hp","A","0","0","0","0","","","Vibro Motor Dept.","","","","0","No","0000-00-00 00:00:00","0000-00-00 00:00:00"
"774","Vibro Motor","","0","NOS","0","0","NA","0","2 Hp","A","0","0","0","0","","","Vibro Motor Dept.","","","","0","No","0000-00-00 00:00:00","0000-00-00 00:00:00"
"775","Vibro Motor","","0","NOS","0","0","NA","0","3 Hp","A","0","0","0","0","","","Vibro Motor Dept.","","","","0","No","0000-00-00 00:00:00","0000-00-00 00:00:00"
"776","Vibro Motor","","0","NOS","0","0","NA","0","5 Hp","A","0","0","0","0","","","Vibro Motor Dept.","","","","0","No","0000-00-00 00:00:00","0000-00-00 00:00:00"
"777","Vibro Motor","","0","NOS","0","0","NA","0","10 Hp","A","0","0","0","0","","","Vibro Motor Dept.","","","","0","No","0000-00-00 00:00:00","0000-00-00 00:00:00"
"778","Motor ","","0","NOS","0","0","NA","0","1.5 Hp","A","0","0","0","0","","","Cone Dept. Ke Pass","","","","0","No","0000-00-00 00:00:00","0000-00-00 00:00:00"
"779","Motor ","","0","NOS","0","0","NA","0","3 HP","A","0","0","0","0","","","Cone Dept. Ke Pass","","","","0","No","0000-00-00 00:00:00","0000-00-00 00:00:00"
"780","Motor ","","0","NOS","0","0","NA","0","5 Hp","A","0","0","0","0","","","Cone Dept. Ke Pass","","","","0","No","0000-00-00 00:00:00","0000-00-00 00:00:00"
"781","Motor ","","0","NOS","0","0","NA","0","7.5 Hp","A","0","0","0","0","","","Cone Dept. Ke Pass","","","","0","No","0000-00-00 00:00:00","0000-00-00 00:00:00"
"782","Motor ","","0","NOS","0","0","NA","0","10 Hp","A","0","0","0","0","","","Cone Dept. Ke Pass","","","","0","No","0000-00-00 00:00:00","0000-00-00 00:00:00"
"783","Motor ","","0","NOS","0","0","NA","0","15 Hp","A","0","0","0","0","","","Cone Dept. Ke Pass","","","","0","No","0000-00-00 00:00:00","0000-00-00 00:00:00"
"784","Motor ","","0","NOS","0","0","NA","0","20 Hp","A","0","0","0","0","","","Cone Dept. Ke Pass","","","","0","No","0000-00-00 00:00:00","0000-00-00 00:00:00"
"785","Motor ","","0","NOS","0","0","NA","0","20 Hp","A","0","0","0","0","","","Cone Dept. Ke Pass","","","","0","No","0000-00-00 00:00:00","0000-00-00 00:00:00"
"786","Motor ","","0","NOS","0","0","NA","0","25 Hp","A","0","0","0","0","","","Cone Dept. Ke Pass","","","","0","No","0000-00-00 00:00:00","0000-00-00 00:00:00"
"787","Motor ","","0","NOS","0","0","NA","0","40 Hp","A","0","0","0","0","","","Cone Dept. Ke Pass","","","","0","No","0000-00-00 00:00:00","0000-00-00 00:00:00"
"788","Motor ","","0","NOS","0","0","NA","0","75 Hp","A","0","0","0","0","","","Cone Dept. Ke Pass","","","","0","No","0000-00-00 00:00:00","0000-00-00 00:00:00"
"789","Motor ","","0","NOS","0","0","NA","0","215 Hp","A","0","0","0","0","","","Cone Dept. Ke Pass","","","","0","No","0000-00-00 00:00:00","0000-00-00 00:00:00"
"790","Nisuka Force Gear Box K-3, ID:50mm","","0","NOS","0","0","NA","0","","A","0","0","0","0","","","Cone Dept. Ke Pass","","","","0","No","0000-00-00 00:00:00","0000-00-00 00:00:00"
"791","Nisuka Gear Box K-4, ID:50mm","","0","NOS","0","0","NA","0","","A","0","0","0","0","","","Cone Dept. Ke Pass","","","","0","No","0000-00-00 00:00:00","0000-00-00 00:00:00"
"792","Nisuka Gear Box K-5, ID:2.5'' With B.S. & T.L. ","","0","NOS","0","0","NA","0","","A","0","0","0","0","","","Cone Dept. Ke Pass","","","","0","No","0000-00-00 00:00:00","0000-00-00 00:00:00"
"793","Nisuka Gear Box K-5, ID:2.5'' With Taper Lock","","0","NOS","0","0","NA","0","","A","0","0","0","0","","","Cone Dept. Ke Pass","","","","0","No","0000-00-00 00:00:00","0000-00-00 00:00:00"
"794","Nisuka Power Gear Box N7 ID:2.5'' With B.S. & T.L.","","0","NOS","0","0","NA","0","","A","0","0","0","0","","","Cone Dept. Ke Pass","","","","0","No","0000-00-00 00:00:00","0000-00-00 00:00:00"
"795","Nisuka Force Gear Box K-6 ID:2.5'' With B.S. & T.L.","","0","NOS","0","0","NA","0","","A","0","0","0","0","","","Cone Dept. Ke Pass","","","","0","No","0000-00-00 00:00:00","0000-00-00 00:00:00"
"796","Gear Box (SMSR) E2:1","","0","NOS","0","0","NA","0","","A","0","0","0","0","","","Cone Dept. Ke Pass","","","","0","No","0000-00-00 00:00:00","0000-00-00 00:00:00"
"797","Gear Box (SMSR) F20:1","","0","NOS","0","0","NA","0","","A","0","0","0","0","","","Cone Dept. Ke Pass","","","","0","No","0000-00-00 00:00:00","0000-00-00 00:00:00"
"798","Plantory Gear Box SU-310, Ratio-252.7:1 ","","0","NOS","0","0","NA","0","","A","0","0","0","0","","","Cone Dept. Ke Pass","","","","0","No","0000-00-00 00:00:00","0000-00-00 00:00:00"
"799","GI Casting Gear Box Body K-4","","0","NOS","0","0","NA","0","","A","0","0","0","0","","","Machine Shop Me ","","","","0","No","0000-00-00 00:00:00","0000-00-00 00:00:00"
"800","Vibro Motor Body 1 Hp","","0","NOS","0","0","NA","0","","A","0","0","0","0","","","Machine Shop Me ","","","","0","No","0000-00-00 00:00:00","0000-00-00 00:00:00"
"801","Vibro Motor Cover 1 Hp","","0","NOS","0","0","NA","0","","A","0","0","0","0","","","Machine Shop Me ","","","","0","No","0000-00-00 00:00:00","0000-00-00 00:00:00"
"802","Logo Kingson Name Plate","","0","NOS","0","0","NA","0","","B","0","0","0","0","","","Store MHEL","","","","0","No","0000-00-00 00:00:00","0000-00-00 00:00:00"
"803","Logo Mewar","","0","NOS","0","0","NA","0","","B","0","0","0","0","","","Store MHEL","","","","0","No","0000-00-00 00:00:00","0000-00-00 00:00:00"
"804","Logo Kingson","","0","NOS","0","0","NA","0","","B","0","0","0","0","","","Store MHEL","","","","0","No","0000-00-00 00:00:00","0000-00-00 00:00:00"
"805","Logo Hook","","0","NOS","0","0","NA","0","","B","0","0","0","0","","","Store MHEL","","","","0","No","0000-00-00 00:00:00","0000-00-00 00:00:00"
"806","Logo Mobile Plate","","0","NOS","0","0","NA","0","","B","0","0","0","0","","","Store MHEL","","","","0","No","0000-00-00 00:00:00","0000-00-00 00:00:00"
"807","Logo Name Plate MHEL Big","","0","NOS","0","0","NA","0","","B","0","0","0","0","","","Store MHEL","","","","0","No","0000-00-00 00:00:00","0000-00-00 00:00:00"
"808","Logo Name Plate MHEL Small","","0","NOS","0","0","NA","0","","B","0","0","0","0","","","Store MHEL","","","","0","No","0000-00-00 00:00:00","0000-00-00 00:00:00"
"809","Logo Left & Right","","0","NOS","0","0","NA","0","","B","0","0","0","0","","","Store MHEL","","","","0","No","0000-00-00 00:00:00","0000-00-00 00:00:00"
"810","Logo Caution ","","0","NOS","0","0","NA","0","","B","0","0","0","0","","","Store MHEL","","","","0","No","0000-00-00 00:00:00","0000-00-00 00:00:00"
"811","Nozzle Plasma 1.5mm Electrod P-80 ","","0","NOS","0","0","18","0","","B","0","0","0","0","","","Store MHEL","","","","0","No","0000-00-00 00:00:00","0000-00-00 00:00:00"
"812","Wooden Gatte","","0","NOS","0","0","NA","0","8''x8''x8''","A","0","0","0","0","","","Drill Machine Ke Pass","","","","0","No","0000-00-00 00:00:00","0000-00-00 00:00:00"
"813","Wooden Sleeper ","","0","NOS","0","0","NA","0","8''x8''x8'","A","0","0","0","0","","","Drill Machine Ke Pass","","","","0","No","0000-00-00 00:00:00","0000-00-00 00:00:00"
"814","Insulation Paper Sheet 10mm","","0","NOS","0","0","NA","0","","A","0","0","0","0","","","Store MHEL","","","","0","No","0000-00-00 00:00:00","0000-00-00 00:00:00"
"815","Fevigkik ","","0","NOS","0","0","50","0","","C","0","0","0","0","","","Store MHEL","","","","0","No","0000-00-00 00:00:00","0000-00-00 00:00:00"
"816","M Seal","","0","Kg","0","0","2","0","","B","0","0","0","0","","","Store MHEL","","","","0","No","0000-00-00 00:00:00","0000-00-00 00:00:00"
"817","Gland PG16","","0","NOS","0","0","NA","0","","A","0","0","0","0","","","Store MHEL","","","","0","No","0000-00-00 00:00:00","0000-00-00 00:00:00"
"818","Copper Winding Wire 20 No.","","0","NOS","0","0","NA","0","","A","0","0","0","0","","","Store MHEL","","","","0","No","0000-00-00 00:00:00","0000-00-00 00:00:00"
"819","Copper Winding Wire 21 No.","","0","NOS","0","0","NA","0","","A","0","0","0","0","","","Store MHEL","","","","0","No","0000-00-00 00:00:00","0000-00-00 00:00:00"
"820","Copper Winding Wire 23 No.","","0","NOS","0","0","NA","0","","A","0","0","0","0","","","Store MHEL","","","","0","No","0000-00-00 00:00:00","0000-00-00 00:00:00"
"821","Winding Wire 24 No. ","","0","NOS","0","0","NA","0","","A","0","0","0","0","","","Store MHEL","","","","0","No","0000-00-00 00:00:00","0000-00-00 00:00:00"
"822","Copper Winding Wire 26 No. ","","0","NOS","0","0","NA","0","","A","0","0","0","0","","","Store MHEL","","","","0","No","0000-00-00 00:00:00","0000-00-00 00:00:00"
"823","Winding Wire 27 No. ","","0","NOS","0","0","NA","0","","A","0","0","0","0","","","Store MHEL","","","","0","No","0000-00-00 00:00:00","0000-00-00 00:00:00"
"824","PVC Fan 38mm","","0","NOS","0","0","NA","0","","A","0","0","0","0","","","Store MHEL","","","","0","No","0000-00-00 00:00:00","0000-00-00 00:00:00"
"825","PVC Fan 32mm","","0","NOS","0","0","NA","0","","A","0","0","0","0","","","Store MHEL","","","","0","No","0000-00-00 00:00:00","0000-00-00 00:00:00"
"826","PCV Tape Roll (Wirring Tape) ","","0","NOS","0","0","NA","0","","C","0","0","0","0","","","Store MHEL","","","","0","No","0000-00-00 00:00:00","0000-00-00 00:00:00"
"827","Piller","","0","NOS","0","0","NA","0","","B","0","0","0","0","","","Store MHEL","","","","0","No","0000-00-00 00:00:00","0000-00-00 00:00:00"
"828","Taster","","0","NOS","0","0","NA","0","","C","0","0","0","0","","","Store MHEL","","","","0","No","0000-00-00 00:00:00","0000-00-00 00:00:00"
"829","Insulation Varnish","","0","NOS","0","0","NA","0","","A","0","0","0","0","","","Store MHEL","","","","0","No","0000-00-00 00:00:00","0000-00-00 00:00:00"
"830","Connections Plate 3 Pole","","0","NOS","0","0","NA","0","","A","0","0","0","0","","","Store MHEL","","","","0","No","0000-00-00 00:00:00","0000-00-00 00:00:00"
"831","Sleeve 2mm","","0","NOS","0","0","NA","0","","B","0","0","0","0","","","Store MHEL","","","","0","No","0000-00-00 00:00:00","0000-00-00 00:00:00"
"832","Sleeve 3mm","","0","NOS","0","0","NA","0","","B","0","0","0","0","","","Store MHEL","","","","0","No","0000-00-00 00:00:00","0000-00-00 00:00:00"
"833","Winding Copper Wire 19+18.5+18.5+18.5","","0","Kg","0","0","NA","0","","A","0","0","0","0","","","Store MHEL","","","","0","No","0000-00-00 00:00:00","0000-00-00 00:00:00"
"834","Insulation Paper 7mm","","0","NOS","0","0","NA","0","","A","0","0","0","0","","","Store MHEL","","","","0","No","0000-00-00 00:00:00","0000-00-00 00:00:00"
"835","Insulation Paper Sheet 10 No.","","0","NOS","0","0","NA","0","","A","0","0","0","0","","","Store MHEL","","","","0","No","0000-00-00 00:00:00","0000-00-00 00:00:00"
"836","Arolite + Harder","","0","NOS","0","0","NA","0","","A","0","0","0","0","","","Store MHEL","","","","0","No","0000-00-00 00:00:00","0000-00-00 00:00:00"
"837","Copper Weding Wire 21+21+23","","0","Kg","0","0","NA","0","","A","0","0","0","0","","","Store MHEL","","","","0","No","0000-00-00 00:00:00","0000-00-00 00:00:00"
"838","Copper Lug Ring Type 4 Sqmm","","0","NOS","0","0","NA","0","","A","0","0","0","0","","","Store MHEL","","","","0","No","0000-00-00 00:00:00","0000-00-00 00:00:00"
"839","Copper Lug Ring Type 2.5 Sqmm","","0","NOS","0","0","NA","0","","A","0","0","0","0","","","Store MHEL","","","","0","No","0000-00-00 00:00:00","0000-00-00 00:00:00"
"840","Sleve F Class 8 mm","","0","NOS","0","0","NA","0","","A","0","0","0","0","","","Store MHEL","","","","0","No","0000-00-00 00:00:00","0000-00-00 00:00:00"
"841","Cable 2.5 Sqmm X 4core","","0","Mtr","0","0","NA","0","","A","0","0","0","0","","","Store MHEL","","","","0","No","0000-00-00 00:00:00","0000-00-00 00:00:00"
"842","Cable 4 Sqmm X 4core","","0","Mtr","0","0","NA","0","","A","0","0","0","0","","","Store MHEL","","","","0","No","0000-00-00 00:00:00","0000-00-00 00:00:00"
"843","Flexible Copper Cable 1.5 Sqmm X 19 Core","","0","Mtr","0","0","NA","0","","A","0","0","0","0","","","Store MHEL","","","","0","No","0000-00-00 00:00:00","0000-00-00 00:00:00"
"844","Cable 70 Sqmm X 3core  CH. 969","","0","Mtr","0","0","NA","0","","A","0","0","0","0","","","Store MHEL","","","","0","No","0000-00-00 00:00:00","0000-00-00 00:00:00"
"845","Copper Flexible 6 Sqmm X 4 Core","","0","Mtr","0","0","NA","0","","A","0","0","0","0","","","Store MHEL","","","","0","No","0000-00-00 00:00:00","0000-00-00 00:00:00"
"846","Aluminum Cable 50 Sqmm X 3.5 Core","","0","Mtr","0","0","NA","0","","A","0","0","0","0","","","Store MHEL","","","","0","No","0000-00-00 00:00:00","0000-00-00 00:00:00"
"847","Aluminum Cable 25 Sqmm X 3.5 Core","","0","Mtr","0","0","NA","0","","A","0","0","0","0","","","Store MHEL","","","","0","No","0000-00-00 00:00:00","0000-00-00 00:00:00"
"848","Aluminum Cable 95 Sqmm X 3.5 Core ","","0","Mtr","0","0","NA","0","","A","0","0","0","0","","","Store MHEL","","","","0","No","0000-00-00 00:00:00","0000-00-00 00:00:00"
"849","Aluminum Cable 70 Sqmm X 3.5 Core ","","0","Mtr","0","0","NA","0","","A","0","0","0","0","","","Store MHEL","","","","0","No","0000-00-00 00:00:00","0000-00-00 00:00:00"
"850","Guide Roller 48mm X 100mm","","0","NOS","0","0","500","0","","A","0","0","0","0","","","Roller Dept.","","","","0","No","0000-00-00 00:00:00","0000-00-00 00:00:00"
"851","Carrying Roller 84x47 Bearing Housing","","0","NOS","0","0","2000","0","","A","0","0","0","0","","","Roller Dept.","","","","0","No","0000-00-00 00:00:00","0000-00-00 00:00:00"
"852","Bearing Housing 84x47","","0","NOS","0","0","2000","0","","A","0","0","0","0","","","Roller Dept.","","","","0","No","0000-00-00 00:00:00","0000-00-00 00:00:00"
"853","Roller Dust Seal (6204 Bearing Dust Seal Cover)","","0","NOS","0","0","4000","0","","A","0","0","0","0","","","Roller Dept.","","","","0","No","0000-00-00 00:00:00","0000-00-00 00:00:00"
"854","Circlip 20mm","","0","NOS","0","0","4000","0","","A","0","0","0","0","","","Roller Dept.","","","","0","No","0000-00-00 00:00:00","0000-00-00 00:00:00"
"855","Pinion Gear ","","0","NOS","0","0","NA","0","","A","0","0","0","0","","","Gear Machine Ke Pass","","","","0","No","0000-00-00 00:00:00","0000-00-00 00:00:00"
"856","Bevel Gear","","0","NOS","0","0","NA","0","","A","0","0","0","0","","","Gear Machine Ke Pass","","","","0","No","0000-00-00 00:00:00","0000-00-00 00:00:00"
"857","Concave & Mantle Kcc-1000","","0","NOS","0","0","NA","0","","A","0","0","0","0","","","VTL Machine Ke Pass","","","","0","No","0000-00-00 00:00:00","0000-00-00 00:00:00"
"858","Slurry Pump 6/4 Rubber Pump","","0","NOS","0","0","NA","0","","A","0","0","0","0","","","Cone Dept. Ke Pass","","","","0","No","0000-00-00 00:00:00","0000-00-00 00:00:00"
"859","Hydrocyclone (H500mm)","","0","NOS","0","0","NA","0","","A","0","0","0","0","","","Cone Dept. Ke Pass","","","","0","No","0000-00-00 00:00:00","0000-00-00 00:00:00"
"860","Hand Pump With Tank HP 16","","0","NOS","0","0","2","0","","A","0","0","0","0","","","Cone Dept. Ke Pass","","","","0","No","0000-00-00 00:00:00","0000-00-00 00:00:00"
"861","Rotry Dirction Valve ","","0","NOS","0","0","2","0","","A","0","0","0","0","","","Cone Dept. Ke Pass","","","","0","No","0000-00-00 00:00:00","0000-00-00 00:00:00"
"862","Rotry Dirction Valve 4DL-02","","0","NOS","0","0","2","0","","A","0","0","0","0","","","Cone Dept. Ke Pass","","","","0","No","0000-00-00 00:00:00","0000-00-00 00:00:00"
"863","Vane Pump 56 LPM PVR50-56","","0","NOS","0","0","NA","0","","A","0","0","0","0","","","Cone Dept. Ke Pass","","","","0","No","0000-00-00 00:00:00","0000-00-00 00:00:00"
"864","Accumalator 10 Ltr","","0","NOS","0","0","NA","0","","A","0","0","0","0","","","Cone Dept. Ke Pass","","","","0","No","0000-00-00 00:00:00","0000-00-00 00:00:00"
"865","Accumalator 20 Ltr","","0","NOS","0","0","NA","0","","A","0","0","0","0","","","Cone Dept. Ke Pass","","","","0","No","0000-00-00 00:00:00","0000-00-00 00:00:00"
"866","Plate Mesh 45mm Hole X 8mm Plate 5FT X 6FT","","0","NOS","0","0","NA","0","","A","0","0","0","0","","","Vibration Dept. Me","","","","0","No","0000-00-00 00:00:00","0000-00-00 00:00:00"
"867","Plate Mesh 14mm Hole X 6mm Plate 5FT X 6FT","","0","NOS","0","0","NA","0","","A","0","0","0","0","","","Vibration Dept. Me","","","","0","No","0000-00-00 00:00:00","0000-00-00 00:00:00"
"868","Plate Mesh 8mm Hole X 6mm Plate 5FT X 6FT","","0","NOS","0","0","NA","0","","A","0","0","0","0","","","Vibration Dept. Me","","","","0","No","0000-00-00 00:00:00","0000-00-00 00:00:00"
"869","CS Wire Mesh 4mm Hole X 2.5mm Wire 5FT X 13FT","","0","NOS","0","0","NA","0","","A","0","0","0","0","","","Vibration Dept. Me","","","","0","No","0000-00-00 00:00:00","0000-00-00 00:00:00"
"870","Plate Mesh 45mm Hole X 8mm Plate 5FT X 6FT","","0","NOS","0","0","NA","0","","A","0","0","0","0","","","Vibration Dept. Me","","","","0","No","0000-00-00 00:00:00","0000-00-00 00:00:00"
"871","Plate Mesh 6mm Hole X 5mm Plate 5FT X 5FT","","0","NOS","0","0","NA","0","","A","0","0","0","0","","","Vibration Dept. Me","","","","0","No","0000-00-00 00:00:00","0000-00-00 00:00:00"
"872","CS Wire Mesh  5FT X 11F","","0","NOS","0","0","NA","0","","A","0","0","0","0","","","Vibration Dept. Me","","","","0","No","0000-00-00 00:00:00","0000-00-00 00:00:00"
"873","Plate Mesh 40mm Hole X 8mm Plate 5FT X 5FT","","0","NOS","0","0","NA","0","","A","0","0","0","0","","","Vibration Dept. Me","","","","0","No","0000-00-00 00:00:00","0000-00-00 00:00:00"
"874","MS Plate Mesh 15mm Hole X 6mm Plate 5FT X 19FT","","0","NOS","0","0","NA","0","","A","0","0","0","0","","","Vibration Dept. Me","","","","0","No","0000-00-00 00:00:00","0000-00-00 00:00:00"
"875","SS Wire Mesh 60Sqmm 3.28FT X 3.28FT= 1 Roll","","0","Kg","0","0","NA","0","","A","0","0","0","0","","","Vibration Dept. Me","","","","0","No","0000-00-00 00:00:00","0000-00-00 00:00:00"
"876","SS Wire Mesh 50 Mesh 4FT X 13FT= 1 Nos","","0","Kg","0","0","NA","0","","A","0","0","0","0","","","Vibration Dept. Me","","","","0","No","0000-00-00 00:00:00","0000-00-00 00:00:00"
"877","SS Wire Mesh 150 Mesh 4FT X 13FT= 1 Nos","","0","Kg","0","0","NA","0","","A","0","0","0","0","","","Vibration Dept. Me","","","","0","No","0000-00-00 00:00:00","0000-00-00 00:00:00"
"878","Plate Mesh 30mm Hole X 8mm Plate 4FT X 8FT","","0","NOS","0","0","NA","0","","A","0","0","0","0","","","Vibration Dept. Me","","","","0","No","0000-00-00 00:00:00","0000-00-00 00:00:00"
"879","Plate Mesh 40mm Hole X 10mm Plate 4FT X 6FT","","0","NOS","0","0","NA","0","","A","0","0","0","0","","","Vibration Dept. Me","","","","0","No","0000-00-00 00:00:00","0000-00-00 00:00:00"
"880","Oxygen Gas","","0","NOS","0","0","42","0","","A","0","0","0","0","","","2 Unit Gas Godam Me","","","","0","No","0000-00-00 00:00:00","0000-00-00 00:00:00"
"881","Co2 Gas","","0","NOS","0","0","15","0","","A","0","0","0","0","","","2 Unit Gas Godam Me","","","","0","No","0000-00-00 00:00:00","0000-00-00 00:00:00"
"882","LPG Cylinder 19 Kg","","0","Kg","0","0","6","0","","A","0","0","0","0","","","MTPL","","","","0","No","0000-00-00 00:00:00","0000-00-00 00:00:00"
"883","Flexi Ply 6mm 8x4","","0","NOS","0","0","3","0","","A","0","0","0","0","","","Patton Shop Dept.","","","","0","No","0000-00-00 00:00:00","0000-00-00 00:00:00"
"884","Flexi Ply 9mm 8x4","","0","NOS","0","0","4","0","","A","0","0","0","0","","","Patton Shop Dept.","","","","0","No","0000-00-00 00:00:00","0000-00-00 00:00:00"
"885","Ply 12mm 8x4","","0","NOS","0","0","2","0","","A","0","0","0","0","","","Patton Shop Dept.","","","","0","No","0000-00-00 00:00:00","0000-00-00 00:00:00"
"886","Ply 19mm 8x4","","0","NOS","0","0","NA","0","","A","0","0","0","0","","","Patton Shop Dept.","","","","0","No","0000-00-00 00:00:00","0000-00-00 00:00:00"
"887","Pine Wood 9.25x1*50 ","","0","NOS","0","0","10","0","","A","0","0","0","0","","","Patton Shop Dept.","","","","0","No","0000-00-00 00:00:00","0000-00-00 00:00:00"
"888","Fevicol ","","0","Kg","0","0","20","0","","A","0","0","0","0","","","Patton Shop Dept.","","","","0","No","0000-00-00 00:00:00","0000-00-00 00:00:00"
"889","Cotton Waste","","0","Kg","0","0","300","0","","B","0","0","0","0","","","Store MHEL","","","","0","No","0000-00-00 00:00:00","0000-00-00 00:00:00"
"890","Dampner Pad ","","0","NOS","0","0","4","0","230x200x20","A","0","0","0","0","","","Store MHEL","","","","0","No","0000-00-00 00:00:00","0000-00-00 00:00:00"
"891","Safety Shoes Size:6,7,8,9,10","","0","NOS","0","0","NA","0","","A","0","0","0","0","","","MTPL","","","","0","No","0000-00-00 00:00:00","0000-00-00 00:00:00"
"892","Lifting Belt 2 Ton X 3mtr Long","","0","NOS","0","0","2","0","","A","0","0","0","0","","","Store MHEL","","","","0","No","0000-00-00 00:00:00","0000-00-00 00:00:00"
"893","Lifting Belt 3 Ton X 3mtr Long","","0","NOS","0","0","2","0","","A","0","0","0","0","","","Store MHEL","","","","0","No","0000-00-00 00:00:00","0000-00-00 00:00:00"
"894","Googles Safety ","","0","NOS","0","0","10","0","","A","0","0","0","0","","","Store MHEL","","","","0","No","0000-00-00 00:00:00","0000-00-00 00:00:00"
"895","MS Fix Plug 1/2''","","0","NOS","0","0","12","0","","A","0","0","0","0","","","Store MHEL","","","","0","No","0000-00-00 00:00:00","0000-00-00 00:00:00"
"896","MS Elbow 1''","","0","NOS","0","0","0","0","","A","0","0","0","0","","","Store MHEL","","","","0","No","0000-00-00 00:00:00","0000-00-00 00:00:00"
"897","Gas Kit 1.5mm ","","0","Kg","0","0","15","0","","A","0","0","0","0","","","Store MHEL","","","","0","No","0000-00-00 00:00:00","0000-00-00 00:00:00"
"898","Gas Kit 3mm","","0","Kg","0","0","8","0","","A","0","0","0","0","","","Store MHEL","","","","0","No","0000-00-00 00:00:00","0000-00-00 00:00:00"
"899","Lock Pin 8mm (Quter pin)","","0","NOS","0","0","10","0","","A","0","0","0","0","","","Store MHEL","","","","0","No","0000-00-00 00:00:00","0000-00-00 00:00:00"
"900","Rubber Sheet 8mm X 1200 X 10mm","","0","Kg","0","0","36","0","","A","0","0","0","0","","","Conveyor Dept.","","","","0","No","0000-00-00 00:00:00","0000-00-00 00:00:00"
"901","Measuring Tape 5 Mtr","","0","NOS","0","0","10","0","","B","0","0","0","0","","","Store MHEL","","","","0","No","0000-00-00 00:00:00","0000-00-00 00:00:00"
"902","Measuring Tape 3 Mtr","","0","NOS","0","0","10","0","","B","0","0","0","0","","","Store MHEL","","","","0","No","0000-00-00 00:00:00","0000-00-00 00:00:00"
"903","Conveyor Belt 900mm X 4 Ply X 10mm","","0","Mtr","0","0","NA","0","","A","0","0","0","0","","","Cone Dept. Ke Pass","","","","0","No","0000-00-00 00:00:00","0000-00-00 00:00:00"
"904","Conveyor Belt 800mm 4ply","","0","Mtr","0","0","NA","0","","A","0","0","0","0","","","Cone Dept. Ke Pass","","","","0","No","0000-00-00 00:00:00","0000-00-00 00:00:00"
"905","Conveyor Belt 750mm X 4 Ply X 10mm","","0","Mtr","0","0","NA","0","","A","0","0","0","0","","","Cone Dept. Ke Pass","","","","0","No","0000-00-00 00:00:00","0000-00-00 00:00:00"
"906","Conveyor Belt 650mm X 4 Ply X 10mm","","0","Mtr","0","0","NA","0","","A","0","0","0","0","","","Cone Dept. Ke Pass","","","","0","No","0000-00-00 00:00:00","0000-00-00 00:00:00"
"907","Conveyour Belt 550mm 4ply","","0","Mtr","0","0","NA","0","","A","0","0","0","0","","","Cone Dept. Ke Pass","","","","0","No","0000-00-00 00:00:00","0000-00-00 00:00:00"
"908","Conveyor Belt 500mm 3ply ","","0","Mtr","0","0","NA","0","","A","0","0","0","0","","","Cone Dept. Ke Pass","","","","0","No","0000-00-00 00:00:00","0000-00-00 00:00:00"
"909","Conveyor Belt 450mm 3ply ","","0","Mtr","0","0","NA","0","","A","0","0","0","0","","","Cone Dept. Ke Pass","","","","0","No","0000-00-00 00:00:00","0000-00-00 00:00:00"
"910","Gear Pump 80 LPM","","0","NOS","0","0","NA","0","","A","0","0","0","0","","","Cone Dept. Ke Pass","","","","0","No","0000-00-00 00:00:00","0000-00-00 00:00:00"
"911","Gear Pump 6 LPM","","0","NOS","0","0","NA","0","","A","0","0","0","0","","","Cone Dept. Ke Pass","","","","0","No","0000-00-00 00:00:00","0000-00-00 00:00:00"
"912","Heater 3 Kw","","0","NOS","0","0","NA","0","","A","0","0","0","0","","","Store MHEL","","","","0","No","0000-00-00 00:00:00","0000-00-00 00:00:00"
"913","Press. Ball Valve 1/2''","","0","NOS","0","0","NA","0","","A","0","0","0","0","","","Store MHEL","","","","0","No","0000-00-00 00:00:00","0000-00-00 00:00:00"
"914","Press. Ball Valve 1''","","0","NOS","0","0","NA","0","","A","0","0","0","0","","","Store MHEL","","","","0","No","0000-00-00 00:00:00","0000-00-00 00:00:00"
"915","Press. Ball Valve 1.5''","","0","NOS","0","0","NA","0","","A","0","0","0","0","","","Store MHEL","","","","0","No","0000-00-00 00:00:00","0000-00-00 00:00:00"
"916","Press. Ball Valve 3''","","0","NOS","0","0","NA","0","","A","0","0","0","0","","","Store MHEL","","","","0","No","0000-00-00 00:00:00","0000-00-00 00:00:00"
"917","Temp. Switch RT101 ","","0","NOS","0","0","NA","0","","A","0","0","0","0","","","Store MHEL","","","","0","No","0000-00-00 00:00:00","0000-00-00 00:00:00"
"918","Retun Flow Switch","","0","NOS","0","0","NA","0","","A","0","0","0","0","","","Store MHEL","","","","0","No","0000-00-00 00:00:00","0000-00-00 00:00:00"
"919","Temp. Gauge 4'' (PGTM 4'') 0 to 1000c","","0","NOS","0","0","NA","0","","A","0","0","0","0","","","Store MHEL","","","","0","No","0000-00-00 00:00:00","0000-00-00 00:00:00"
"920","Press. Gauge (0-21 Kg), (0-42 Kg), (0-210 Kg) ","","0","NOS","0","0","NA","0","","A","0","0","0","0","","","Store MHEL","","","","0","No","0000-00-00 00:00:00","0000-00-00 00:00:00"
"921","Return Flow Switch","","0","NOS","0","0","NA","0","","A","0","0","0","0","","","Store MHEL","","","","0","No","0000-00-00 00:00:00","0000-00-00 00:00:00"
"922","Suction Filter 2''","","0","NOS","0","0","NA","0","","A","0","0","0","0","","","Store MHEL","","","","0","No","0000-00-00 00:00:00","0000-00-00 00:00:00"
"923","Inline Filter 2''","","0","NOS","0","0","NA","0","","A","0","0","0","0","","","Store MHEL","","","","0","No","0000-00-00 00:00:00","0000-00-00 00:00:00"
"924","Air Breather FSB-25","","0","NOS","0","0","NA","0","","A","0","0","0","0","","","Store MHEL","","","","0","No","0000-00-00 00:00:00","0000-00-00 00:00:00"
"925","Temp. Gauge With Lead 4'' (0-150 C)","","0","NOS","0","0","NA","0","","A","0","0","0","0","","","Store MHEL","","","","0","No","0000-00-00 00:00:00","0000-00-00 00:00:00"
"926","Grease Nipple 6mm","","0","NOS","0","0","NA","0","","A","0","0","0","0","","","Store MHEL","","","","0","No","0000-00-00 00:00:00","0000-00-00 00:00:00"
"927","Direction Control Valve ","","0","NOS","0","0","NA","0","","A","0","0","0","0","","","Store MHEL","","","","0","No","0000-00-00 00:00:00","0000-00-00 00:00:00"
"928","Seamless Pipe 255x195x415mm","","0","Kg","0","0","NA","0","","A","0","0","0","0","","","Fab. Dept.","","","","0","No","0000-00-00 00:00:00","0000-00-00 00:00:00"
"929","Seamless Pipe 220x168x1000mm","","0","Kg","0","0","NA","0","","A","0","0","0","0","","","Fab. Dept.","","","","0","No","0000-00-00 00:00:00","0000-00-00 00:00:00"
"930","Seamless Pipe 410x345x310, 253x190x355, ","","0","Kg","0","0","NA","0","","A","0","0","0","0","","","Fab. Dept.","","","","0","No","0000-00-00 00:00:00","0000-00-00 00:00:00"
"931","Seamless Pipe 140x120XLong= 3 Nos","","0","Kg","0","0","NA","0","","A","0","0","0","0","","","Fab. Dept.","","","","0","No","0000-00-00 00:00:00","0000-00-00 00:00:00"
"932","Seamless Pipe 60x40xLong= 2 Nos","","0","Kg","0","0","NA","0","","A","0","0","0","0","","","Fab. Dept.","","","","0","No","0000-00-00 00:00:00","0000-00-00 00:00:00"
"933","Seamless Pipe 273x200x420= 1 Nos","","0","Kg","0","0","NA","0","","A","0","0","0","0","","","Fab. Dept.","","","","0","No","0000-00-00 00:00:00","0000-00-00 00:00:00"
"934","Seamless Pipe 460x373x310= 1 Nos","","0","Kg","0","0","NA","0","","A","0","0","0","0","","","Fab. Dept.","","","","0","No","0000-00-00 00:00:00","0000-00-00 00:00:00"
"935","Seamless Pipe 420x360x300mm= 1 Nos","","0","Kg","0","0","NA","0","","A","0","0","0","0","","","Fab. Dept.","","","","0","No","0000-00-00 00:00:00","0000-00-00 00:00:00"
"936","Seamless Pipe 210x140x430= 1 Nos","","0","Kg","0","0","NA","0","","A","0","0","0","0","","","Fab. Dept.","","","","0","No","0000-00-00 00:00:00","0000-00-00 00:00:00"
"937","Selemless Pipe 220x165x1010mm= 1 Nos","","0","Kg","0","0","NA","0","","A","0","0","0","0","","","Fab. Dept.","","","","0","No","0000-00-00 00:00:00","0000-00-00 00:00:00"
"938","Seamless Pipe 300x245x1130= 1 Nos","","0","Kg","0","0","NA","0","","A","0","0","0","0","","","Fab. Dept.","","","","0","No","0000-00-00 00:00:00","0000-00-00 00:00:00"
"939","Gear Pump ","","0","NOS","0","0","NA","0","","A","0","0","0","0","","","Cone Dept. Ke Pass","","","","0","No","0000-00-00 00:00:00","0000-00-00 00:00:00"
"940","Gear Pump 55 LPM","","0","NOS","0","0","NA","0","","A","0","0","0","0","","","Cone Dept. Ke Pass","","","","0","No","0000-00-00 00:00:00","0000-00-00 00:00:00"
"941","Male Stud Coupling GE-25 SX1''","","0","NOS","0","0","NA","0","","A","0","0","0","0","","","Store MHEL","","","","0","No","0000-00-00 00:00:00","0000-00-00 00:00:00"
"942","Male Stud Coupling GE-08 SX1/4''","","0","NOS","0","0","NA","0","","A","0","0","0","0","","","Store MHEL","","","","0","No","0000-00-00 00:00:00","0000-00-00 00:00:00"
"943","Male Stud Coupling GE-10 SX3/8''","","0","NOS","0","0","NA","0","","A","0","0","0","0","","","Store MHEL","","","","0","No","0000-00-00 00:00:00","0000-00-00 00:00:00"
"944","Male Stud Coupling GE-12 SX1/2''","","0","NOS","0","0","NA","0","","A","0","0","0","0","","","Store MHEL","","","","0","No","0000-00-00 00:00:00","0000-00-00 00:00:00"
"945","Male Stud Coupling GE-12 SX3/8''","","0","NOS","0","0","NA","0","","A","0","0","0","0","","","Store MHEL","","","","0","No","0000-00-00 00:00:00","0000-00-00 00:00:00"
"946","Male Stud Coupling GE-25 SX1/4''","","0","NOS","0","0","NA","0","","A","0","0","0","0","","","Store MHEL","","","","0","No","0000-00-00 00:00:00","0000-00-00 00:00:00"
"947","Male Stud Coupling GE-25 SX1.1/4''","","0","NOS","0","0","NA","0","","A","0","0","0","0","","","Store MHEL","","","","0","No","0000-00-00 00:00:00","0000-00-00 00:00:00"
"948","Bell Housing BHAK 5 Hp-PVR50","","0","NOS","0","0","NA","0","","A","0","0","0","0","","","Store MHEL","","","","0","No","0000-00-00 00:00:00","0000-00-00 00:00:00"
"949","Bell Housing BHAK 2 Hp OP","","0","NOS","0","0","NA","0","","A","0","0","0","0","","","Store MHEL","","","","0","No","0000-00-00 00:00:00","0000-00-00 00:00:00"
"950","Bell Housing 1P 2Hp ","","0","NOS","0","0","NA","0","","A","0","0","0","0","","","Store MHEL","","","","0","No","0000-00-00 00:00:00","0000-00-00 00:00:00"
"951","Check Valve 1/2''","","0","NOS","0","0","NA","0","","A","0","0","0","0","","","Store MHEL","","","","0","No","0000-00-00 00:00:00","0000-00-00 00:00:00"
"952","Filter Breather Assembly ","","0","NOS","0","0","NA","0","","A","0","0","0","0","","","Store MHEL","","","","0","No","0000-00-00 00:00:00","0000-00-00 00:00:00"
"953","Pilot Operated Check Valve","","0","NOS","0","0","NA","0","","A","0","0","0","0","","","Store MHEL","","","","0","No","0000-00-00 00:00:00","0000-00-00 00:00:00"
"954","Dowty Seal 1/2''","","0","NOS","0","0","NA","0","","A","0","0","0","0","","","Store MHEL","","","","0","No","0000-00-00 00:00:00","0000-00-00 00:00:00"
"955","Dowty Seal 1.1/2''","","0","NOS","0","0","NA","0","","A","0","0","0","0","","","Store MHEL","","","","0","No","0000-00-00 00:00:00","0000-00-00 00:00:00"
"956","Dowty Seal 2''","","0","NOS","0","0","NA","0","","A","0","0","0","0","","","Store MHEL","","","","0","No","0000-00-00 00:00:00","0000-00-00 00:00:00"
"957","Dowty Seal 3/8''","","0","NOS","0","0","NA","0","","A","0","0","0","0","","","Store MHEL","","","","0","No","0000-00-00 00:00:00","0000-00-00 00:00:00"
"958","Dowty Seal 1/4''","","0","NOS","0","0","NA","0","","A","0","0","0","0","","","Store MHEL","","","","0","No","0000-00-00 00:00:00","0000-00-00 00:00:00"
"959","Hydraulics Block MB9 X D6K X 3/8''  (Manyfold) ","","0","NOS","0","0","NA","0","","A","0","0","0","0","","","Store MHEL","","","","0","No","0000-00-00 00:00:00","0000-00-00 00:00:00"
"960","Inline Filter 1.5'' ","","0","NOS","0","0","NA","0","","A","0","0","0","0","","","Store MHEL","","","","0","No","0000-00-00 00:00:00","0000-00-00 00:00:00"
"961","Pressure Gauge Coupling   MAV-08 Sx1/4'' BSP","","0","NOS","0","0","NA","0","","A","0","0","0","0","","","Store MHEL","","","","0","No","0000-00-00 00:00:00","0000-00-00 00:00:00"
"962","Parallel Male Stud Coupling  GE-25 SX1'' BSP MSC","","0","NOS","0","0","NA","0","","A","0","0","0","0","","","Store MHEL","","","","0","No","0000-00-00 00:00:00","0000-00-00 00:00:00"
"963","Suction Filter 1'' (SC3-10X1"")","","0","NOS","0","0","NA","0","","A","0","0","0","0","","","Store MHEL","","","","0","No","0000-00-00 00:00:00","0000-00-00 00:00:00"
"964","Gear Coupling JT-24--24+17.46 2HP-1P","","0","NOS","0","0","NA","0","","A","0","0","0","0","","","Store MHEL","","","","0","No","0000-00-00 00:00:00","0000-00-00 00:00:00"
"965","Hex Nipple 1/2''x1/2''","","0","NOS","0","0","NA","0","","B","0","0","0","0","","","Store MHEL","","","","0","No","0000-00-00 00:00:00","0000-00-00 00:00:00"
"966","Hex Nipple 1''x1''","","0","NOS","0","0","NA","0","","B","0","0","0","0","","","Store MHEL","","","","0","No","0000-00-00 00:00:00","0000-00-00 00:00:00"
"967","Hex Nipple 3/8''x1/2''","","0","NOS","0","0","NA","0","","B","0","0","0","0","","","Store MHEL","","","","0","No","0000-00-00 00:00:00","0000-00-00 00:00:00"
"968","Hex Nipple 1/2''x1''","","0","NOS","0","0","NA","0","","B","0","0","0","0","","","Store MHEL","","","","0","No","0000-00-00 00:00:00","0000-00-00 00:00:00"
"969","Hex Nipple 1.5''x1.5''","","0","NOS","0","0","NA","0","","B","0","0","0","0","","","Store MHEL","","","","0","No","0000-00-00 00:00:00","0000-00-00 00:00:00"
"970","Steel Wire Rope 16mm 6x36 (Vikrant)","","0","Mtr","0","0","NA","0","","A","0","0","0","0","","","MTPL","","","","0","No","0000-00-00 00:00:00","0000-00-00 00:00:00"
"971","Steel Wire Rope 8mm 7x19 (Vikrant)","","0","Mtr","0","0","NA","0","","A","0","0","0","0","","","MTPL","","","","0","No","0000-00-00 00:00:00","0000-00-00 00:00:00"
"972","Wire Rope Clip 8mm ","","0","NOS","0","0","NA","0","","A","0","0","0","0","","","MTPL","","","","0","No","0000-00-00 00:00:00","0000-00-00 00:00:00"
"973","Steel Wire Rope 6mm 7x19 Black","","0","Mtr","0","0","NA","0","","A","0","0","0","0","","","MTPL","","","","0","No","0000-00-00 00:00:00","0000-00-00 00:00:00"
"974","Wire Rope Clip 6mm ","","0","NOS","0","0","NA","0","","A","0","0","0","0","","","MTPL","","","","0","No","0000-00-00 00:00:00","0000-00-00 00:00:00"
"975","I Bolt 16x100","","0","NOS","0","0","NA","0","","A","0","0","0","0","","","Store MHEL","","","","0","No","0000-00-00 00:00:00","0000-00-00 00:00:00"
"976","Compressor 2GH 210-H16","","0","NOS","0","0","NA","0","","A","0","0","0","0","","","Cone Dept. Ke Pass","","","","0","No","0000-00-00 00:00:00","0000-00-00 00:00:00"
"977","Filter Element Air X77-0132","","0","NOS","0","0","NA","0","","A","0","0","0","0","","","Cone Dept. Ke Pass","","","","0","No","0000-00-00 00:00:00","0000-00-00 00:00:00"
"978","Round Bar EN-24 All Size","","0","Kg","0","0","NA","0","","A","0","0","0","0","","","Hacksaw Machine Ke Pass","","","","0","No","0000-00-00 00:00:00","0000-00-00 00:00:00"
"979","S.M.S.R. Gear ""H"" Table 20:1, Hole=85","","0","NOS","0","0","NA","0","","A","0","0","0","0","","","Cone Dept. Ke Pass","","","","0","No","0000-00-00 00:00:00","0000-00-00 00:00:00"
"980","Gear OD:790 X ID:580 X Think.:100mm ","","0","Kg","0","0","NA","0","","A","0","0","0","0","","","Cone Dept. Ke Pass","","","","0","No","0000-00-00 00:00:00","0000-00-00 00:00:00"
"981","Fly Wheel 44''= 2 Nos (Cast Iron)","","0","NOS","0","0","2","0","","A","0","0","0","0","","","Machine Shop Me ","","","","0","No","0000-00-00 00:00:00","0000-00-00 00:00:00"
"982","Fly Wheel 40''= 4 Nos (Cast Iron)","","0","NOS","0","0","2","0","","A","0","0","0","0","","","Machine Shop Me ","","","","0","No","0000-00-00 00:00:00","0000-00-00 00:00:00"
"983","Magnetic Plate 600x300x65mm (Metal Detector)","","0","NOS","0","0","NA","0","","A","0","0","0","0","","","Store MHEL","","","","0","No","0000-00-00 00:00:00","0000-00-00 00:00:00"
"984","Rubber Lining Sheet","","0","Kg","0","0","25","0","","A","0","0","0","0","","","Store MHEL","","","","0","No","0000-00-00 00:00:00","0000-00-00 00:00:00"
"985","Rim Paper A4","","0","Pkt","0","0","10","0","","B","0","0","0","0","","","MTPL","","","","0","No","0000-00-00 00:00:00","0000-00-00 00:00:00"
"986","Staple Pin = ","","0","NOS","0","0","20","0","","C","0","0","0","0","","","MTPL","","","","0","No","0000-00-00 00:00:00","0000-00-00 00:00:00"
"987","U Pin 35mm","","0","NOS","0","0","10","0","","C","0","0","0","0","","","MTPL","","","","0","No","0000-00-00 00:00:00","0000-00-00 00:00:00"
"988","Slip Pad 33 No","","0","NOS","0","0","5","0","","C","0","0","0","0","","","MTPL","","","","0","No","0000-00-00 00:00:00","0000-00-00 00:00:00"
"989","Binder Clip 25mm","","0","NOS","0","0","5","0","","C","0","0","0","0","","","MTPL","","","","0","No","0000-00-00 00:00:00","0000-00-00 00:00:00"
"990","Binder Clip 19mm","","0","NOS","0","0","5","0","","C","0","0","0","0","","","MTPL","","","","0","No","0000-00-00 00:00:00","0000-00-00 00:00:00"
"991","Duplicate Book","","0","NOS","0","0","5","0","","C","0","0","0","0","","","MTPL","","","","0","No","0000-00-00 00:00:00","0000-00-00 00:00:00"
"992","Pencil ","","0","NOS","0","0","10","0","","C","0","0","0","0","","","MTPL","","","","0","No","0000-00-00 00:00:00","0000-00-00 00:00:00"
"993","File Flat","","0","NOS","0","0","20","0","","C","0","0","0","0","","","MTPL","","","","0","No","0000-00-00 00:00:00","0000-00-00 00:00:00"
"994","Envelop 12x10","","0","NOS","0","0","100","0","","C","0","0","0","0","","","MTPL","","","","0","No","0000-00-00 00:00:00","0000-00-00 00:00:00"
"995","Hilighter Pen","","0","NOS","0","0","2","0","","C","0","0","0","0","","","MTPL","","","","0","No","0000-00-00 00:00:00","0000-00-00 00:00:00"
"996","Slate Pencil","","0","NOS","0","0","30","0","","C","0","0","0","0","","","MTPL","","","","0","No","0000-00-00 00:00:00","0000-00-00 00:00:00"
"997","Permanent Marker","","0","NOS","0","0","10","0","","C","0","0","0","0","","","MTPL","","","","0","No","0000-00-00 00:00:00","0000-00-00 00:00:00"
"998","Chalk White","","0","NOS","0","0","30","0","","C","0","0","0","0","","","MTPL","","","","0","No","0000-00-00 00:00:00","0000-00-00 00:00:00"
"999","Revolving Center MT-3","","0","NOS","0","0","NA","0","","C","0","0","0","0","","","Store MHEL","","","","0","No","0000-00-00 00:00:00","0000-00-00 00:00:00"
"1000","Revolving Center MT-4","","0","NOS","0","0","NA","0","","A","0","0","0","0","","","Store MHEL","","","","0","No","0000-00-00 00:00:00","0000-00-00 00:00:00"
"1001","Revolving Center MT-5","","0","NOS","0","0","NA","0","","A","0","0","0","0","","","Store MHEL","","","","0","No","0000-00-00 00:00:00","0000-00-00 00:00:00"
"1002","Revolving Center MT-6","","0","NOS","0","0","NA","0","","A","0","0","0","0","","","Store MHEL","","","","0","No","0000-00-00 00:00:00","0000-00-00 00:00:00"
"1003","Bright Bar 19.8mm ","","0","Kg","0","0","NA","0","","A","0","0","0","0","","","Roller Dept.","","","","0","No","0000-00-00 00:00:00","0000-00-00 00:00:00"
"1004","Tool Bag (Spanner Packing Ke Liye Bag)","","0","NOS","0","0","5","0","","A","0","0","0","0","","","Store MHEL","","","","0","No","0000-00-00 00:00:00","0000-00-00 00:00:00"
"1005","Led Light 200w ","","0","NOS","0","0","2","0","","A","0","0","0","0","","","Store MHEL","","","","0","No","0000-00-00 00:00:00","0000-00-00 00:00:00"
"1006","Led Light 100w ","","0","NOS","0","0","2","0","","A","0","0","0","0","","","Store MHEL","","","","0","No","0000-00-00 00:00:00","0000-00-00 00:00:00"
"1007","Wooden Cutter Blade 4'' x 30","","0","NOS","0","0","5","0","","A","0","0","0","0","","","Store MHEL","","","","0","No","0000-00-00 00:00:00","0000-00-00 00:00:00"
"1008","Wooden Cutter Blade 5'' x30","","0","NOS","0","0","5","0","","A","0","0","0","0","","","Store MHEL","","","","0","No","0000-00-00 00:00:00","0000-00-00 00:00:00"
"1009","Oil Pump 0.50 Hp","","0","NOS","0","0","NA","0","","A","0","0","0","0","","","Store MHEL","","","","0","No","0000-00-00 00:00:00","0000-00-00 00:00:00"
"1010","Oil Pump 1 Hp","","0","NOS","0","0","6","0","","A","0","0","0","0","","","Store MHEL","","","","0","No","0000-00-00 00:00:00","0000-00-00 00:00:00"
"1011","Heating Torch ","","0","NOS","0","0","1","0","","A","0","0","0","0","","","Store MHEL","","","","0","No","0000-00-00 00:00:00","0000-00-00 00:00:00"
"1012","LPG Burner","","0","NOS","0","0","NA","0","","A","0","0","0","0","","","Store MHEL","","","","0","No","0000-00-00 00:00:00","0000-00-00 00:00:00"
"1013","MS Foundation Bolt 1'' X 18'' With Nut","","0","Kg","0","0","NA","0","","A","0","0","0","0","","","Store MHEL","","","","0","No","0000-00-00 00:00:00","0000-00-00 00:00:00"
"1014","MS Foundation Bolt 1'' X 36'' With Nut","","0","Kg","0","0","NA","0","","A","0","0","0","0","","","Store MHEL","","","","0","No","0000-00-00 00:00:00","0000-00-00 00:00:00"
"1015","MS Foundation Bolt 1'' X 24'' With Nut","","0","Kg","0","0","NA","0","","A","0","0","0","0","","","Store MHEL","","","","0","No","0000-00-00 00:00:00","0000-00-00 00:00:00"
"1016","UN Machined MN Casting Jaw Plate 41.5x60 Teeth= 1 Nos(G-3)","","0","Kg","0","0","NA","0","","A","0","0","0","0","","","","","","","0","No","0000-00-00 00:00:00","2026-03-24 08:58:20"
"1017","UN Machined MS Casting Swing Jaw 42x32= 1 Nos,      Stationery 42x32= 1 Nos, Block 42x32= 3 Nos","","0","Kg","0","0","NA","0","","A","0","0","0","0","","","Machine Shop Me ","","","","0","No","0000-00-00 00:00:00","0000-00-00 00:00:00"
"1018","UN Machined MS Castings Lever 42x30= 1 Nos,                        Block 42x32= 3 Nos","","0","Kg","0","0","NA","0","","A","0","0","0","0","","","Machine Shop Me ","","","","0","No","0000-00-00 00:00:00","0000-00-00 00:00:00"
"1019","Stator 1 Hp 165x105x100mm Stamping","","0","Kg","0","0","0","0","","A","0","0","0","0","","","Vibro Motor Dept.","","","","0","No","0000-00-00 00:00:00","0000-00-00 00:00:00"
"1020","D.C.Rotor","","0","NOS","0","0","0","0","","A","0","0","0","0","","","Vibro Motor Dept.","","","","0","No","0000-00-00 00:00:00","0000-00-00 00:00:00"
"1021","Stator 1.5 Hp 180x120x120mm Stamping (45 Kg)","","0","Kg","0","0","12","0","","A","0","0","0","0","","","Vibro Motor Dept.","","","","0","No","0000-00-00 00:00:00","0000-00-00 00:00:00"
"1022","D.C.Rotor (40.250 Kg)","","0","NOS","0","0","12","0","","A","0","0","0","0","","","Vibro Motor Dept.","","","","0","No","0000-00-00 00:00:00","0000-00-00 00:00:00"
"1023","Stator 3 Hp  180x120x153mm Stamping","","0","Kg","0","0","12","0","","A","0","0","0","0","","","Vibro Motor Dept.","","","","0","No","0000-00-00 00:00:00","0000-00-00 00:00:00"
"1024","D.C.Rotor","","0","NOS","0","0","12","0","","A","0","0","0","0","","","Vibro Motor Dept.","","","","0","No","0000-00-00 00:00:00","0000-00-00 00:00:00"
"1025","Stator 5 Hp 210x140x168mm Stamping (123.9 Kg)","","0","Kg","0","0","4","0","","A","0","0","0","0","","","Vibro Motor Dept.","","","","0","No","0000-00-00 00:00:00","0000-00-00 00:00:00"
"1026","D.C.Rotor (102.550 Kg)","","0","NOS","0","0","4","0","","A","0","0","0","0","","","Vibro Motor Dept.","","","","0","No","0000-00-00 00:00:00","0000-00-00 00:00:00"
"1027","Stator 7.5 Hp  210x140x180mm Stamping","","0","Kg","0","0","NA","0","","A","0","0","0","0","","","Vibro Motor Dept.","","","","0","No","0000-00-00 00:00:00","0000-00-00 00:00:00"
"1028","D.C.Rotor","","0","NOS","0","0","NA","0","","A","0","0","0","0","","","Vibro Motor Dept.","","","","0","No","0000-00-00 00:00:00","0000-00-00 00:00:00"
"1029","Hose Pipe 3/8'' R2 Assembly= 6.5 Feet","","0","Mtr","0","0","NA","0","","A","0","0","0","0","","","Store MHEL","","","","0","No","0000-00-00 00:00:00","0000-00-00 00:00:00"
"1030","Hose Pipe 1/2'' R6","","0","Mtr","0","0","NA","0","","A","0","0","0","0","","","Store MHEL","","","","0","No","0000-00-00 00:00:00","0000-00-00 00:00:00"
"1031","Hose Pipe 1.5'' X 700mm","","0","Mtr","0","0","NA","0","","A","0","0","0","0","","","Store MHEL","","","","0","No","0000-00-00 00:00:00","0000-00-00 00:00:00"
"1032","Khili 1.5'' X 14 No.","","0","Kg","0","0","NA","0","","B","0","0","0","0","","","Store MHEL","","","","0","No","0000-00-00 00:00:00","0000-00-00 00:00:00"
"1033","Khili 2'' X 14 No.","","0","Kg","0","0","NA","0","","B","0","0","0","0","","","Store MHEL","","","","0","No","0000-00-00 00:00:00","0000-00-00 00:00:00"
"1034","Khili 1.1/4'' ","","0","Kg","0","0","NA","0","","B","0","0","0","0","","","Store MHEL","","","","0","No","0000-00-00 00:00:00","0000-00-00 00:00:00"
"1035","Khili  3/4''","","0","Kg","0","0","NA","0","","B","0","0","0","0","","","Store MHEL","","","","0","No","0000-00-00 00:00:00","0000-00-00 00:00:00"
"1036","Screw 2''","","0","Kg","0","0","NA","0","","B","0","0","0","0","","","Store MHEL","","","","0","No","0000-00-00 00:00:00","0000-00-00 00:00:00"
"1037","Screw 1.5''","","0","Kg","0","0","NA","0","","B","0","0","0","0","","","Store MHEL","","","","0","No","0000-00-00 00:00:00","0000-00-00 00:00:00"
"1038","Screw 2.5''","","0","Kg","0","0","NA","0","","B","0","0","0","0","","","Store MHEL","","","","0","No","0000-00-00 00:00:00","0000-00-00 00:00:00"
"1039","Screw 3''","","0","Kg","0","0","NA","0","","B","0","0","0","0","","","Store MHEL","","","","0","No","0000-00-00 00:00:00","0000-00-00 00:00:00"
"1040","Khili 17 No.","","0","Kg","0","0","NA","0","","B","0","0","0","0","","","Store MHEL","","","","0","No","0000-00-00 00:00:00","0000-00-00 00:00:00"
"1041","Khili 14 No.","","0","Kg","0","0","NA","0","","B","0","0","0","0","","","Store MHEL","","","","0","No","0000-00-00 00:00:00","0000-00-00 00:00:00"
"1042","Grinder Paper 36,80,60 No.","","0","NOS","0","0","NA","0","","A","0","0","0","0","","","Store MHEL","","","","0","No","0000-00-00 00:00:00","0000-00-00 00:00:00"
"1043","Hose Pipe 1/4'' X 600mm R1 ","","0","Mtr","0","0","NA","0","","A","0","0","0","0","","","Store MHEL","","","","0","No","0000-00-00 00:00:00","0000-00-00 00:00:00"
"1044","Hose Pipe 1.5'' R1","","0","Mtr","0","0","NA","0","","A","0","0","0","0","","","Store MHEL","","","","0","No","0000-00-00 00:00:00","0000-00-00 00:00:00"
"1045","Hose Pipe 3/8'' R6","","0","Mtr","0","0","NA","0","","A","0","0","0","0","","","Store MHEL","","","","0","No","0000-00-00 00:00:00","0000-00-00 00:00:00"
"1046","Hose Pipe 1"" X 3000mm ","","0","Mtr","0","0","NA","0","","A","0","0","0","0","","","Store MHEL","","","","0","No","0000-00-00 00:00:00","0000-00-00 00:00:00"
"1047","Hose Pipe 2.5'' R1","","0","Mtr","0","0","NA","0","","A","0","0","0","0","","","Store MHEL","","","","0","No","0000-00-00 00:00:00","0000-00-00 00:00:00"
"1048","Phawda","","0","NOS","0","0","NA","0","","A","0","0","0","0","","","MTPL","","","","0","No","0000-00-00 00:00:00","0000-00-00 00:00:00"
"1049","Taggari","","0","NOS","0","0","NA","0","","A","0","0","0","0","","","MTPL","","","","0","No","0000-00-00 00:00:00","0000-00-00 00:00:00"
"1050","MS Wire","","0","Kg","0","0","NA","0","","A","0","0","0","0","","","MTPL","","","","0","No","0000-00-00 00:00:00","0000-00-00 00:00:00"
"1051","Tee 3/8'' Male","","0","NOS","0","0","NA","0","","B","0","0","0","0","","","Store MHEL","","","","0","No","0000-00-00 00:00:00","0000-00-00 00:00:00"
"1052","Socket 1/4'' BSP","","0","NOS","0","0","NA","0","","B","0","0","0","0","","","Store MHEL","","","","0","No","0000-00-00 00:00:00","0000-00-00 00:00:00"
"1053","Pulley 6''","","0","NOS","0","0","NA","0","","A","0","0","0","0","","","Store MHEL","","","","0","No","0000-00-00 00:00:00","0000-00-00 00:00:00"
"1054","Solid Pulley 6''","","0","NOS","0","0","NA","0","","A","0","0","0","0","","","Store MHEL","","","","0","No","0000-00-00 00:00:00","0000-00-00 00:00:00"
"1055","Solid Pulley 8'' D5","","0","NOS","0","0","NA","0","","A","0","0","0","0","","","Store MHEL","","","","0","No","0000-00-00 00:00:00","0000-00-00 00:00:00"
"1056","Pulley 8'' C1","","0","NOS","0","0","NA","0","","A","0","0","0","0","","","Store MHEL","","","","0","No","0000-00-00 00:00:00","0000-00-00 00:00:00"
"1057","Tapper Lock Pulley 6'' C2 ","","0","NOS","0","0","NA","0","","A","0","0","0","0","","","Store MHEL","","","","0","No","0000-00-00 00:00:00","0000-00-00 00:00:00"
"1058","Tapper Lock Pulley 18'' C2 ","","0","NOS","0","0","NA","0","","A","0","0","0","0","","","Store MHEL","","","","0","No","0000-00-00 00:00:00","0000-00-00 00:00:00"
"1059","Tapper Lock Pulley 9'' C3","","0","NOS","0","0","NA","0","","A","0","0","0","0","","","Store MHEL","","","","0","No","0000-00-00 00:00:00","0000-00-00 00:00:00"
"1060","Pulley 14'' C2 ","","0","NOS","0","0","NA","0","","A","0","0","0","0","","","Store MHEL","","","","0","No","0000-00-00 00:00:00","0000-00-00 00:00:00"
"1061","Plate Pulley 14'' C2 Hub:6''","","0","NOS","0","0","NA","0","","A","0","0","0","0","","","Store MHEL","","","","0","No","0000-00-00 00:00:00","0000-00-00 00:00:00"
"1062","Tapper Lock Pulley 20'' C3","","0","NOS","0","0","NA","0","","A","0","0","0","0","","","Store MHEL","","","","0","No","0000-00-00 00:00:00","0000-00-00 00:00:00"
"1063","Solid Pulley 12'' C2","","0","NOS","0","0","NA","0","","A","0","0","0","0","","","Store MHEL","","","","0","No","0000-00-00 00:00:00","0000-00-00 00:00:00"
"1064","Pulley 12'' C2","","0","NOS","0","0","NA","0","","A","0","0","0","0","","","Store MHEL","","","","0","No","0000-00-00 00:00:00","0000-00-00 00:00:00"
"1065","Tapper Lock Pulley 9'' D3 ","","0","NOS","0","0","NA","0","","A","0","0","0","0","","","Store MHEL","","","","0","No","0000-00-00 00:00:00","0000-00-00 00:00:00"
"1066","Tapper Lock Pulley 6'' C2, Bore:28mm ","","0","NOS","0","0","NA","0","","A","0","0","0","0","","","Store MHEL","","","","0","No","0000-00-00 00:00:00","0000-00-00 00:00:00"
"1067","Tapper Lock Pulley 7'' C2, Bore:28mm","","0","NOS","0","0","NA","0","","A","0","0","0","0","","","Store MHEL","","","","0","No","0000-00-00 00:00:00","0000-00-00 00:00:00"
"1068","Tapper Lock Pulley 7'' C2, Bore:38mm","","0","NOS","0","0","NA","0","","A","0","0","0","0","","","Store MHEL","","","","0","No","0000-00-00 00:00:00","0000-00-00 00:00:00"
"1069","Pulley TLP 224 X D3","","0","NOS","0","0","NA","0","","A","0","0","0","0","","","Store MHEL","","","","0","No","0000-00-00 00:00:00","0000-00-00 00:00:00"
"1070","Tapper Lock Pulley 9'' C2","","0","NOS","0","0","NA","0","","A","0","0","0","0","","","Store MHEL","","","","0","No","0000-00-00 00:00:00","0000-00-00 00:00:00"
"1071","Tapper Lock Pulley 7'' D3","","0","NOS","0","0","NA","0","","A","0","0","0","0","","","Store MHEL","","","","0","No","0000-00-00 00:00:00","0000-00-00 00:00:00"
"1072","Brither FSB-25","","0","NOS","0","0","NA","0","","A","0","0","0","0","","","Store MHEL","","","","0","No","0000-00-00 00:00:00","0000-00-00 00:00:00"
"1073","Male Stud Coupling 8x1/4'' ","","0","NOS","0","0","NA","0","","A","0","0","0","0","","","Store MHEL","","","","0","No","0000-00-00 00:00:00","0000-00-00 00:00:00"
"1074","MSC 25x1''","","0","NOS","0","0","NA","0","","A","0","0","0","0","","","Store MHEL","","","","0","No","0000-00-00 00:00:00","0000-00-00 00:00:00"
"1075","MSC 10x1/2''","","0","NOS","0","0","NA","0","","A","0","0","0","0","","","Store MHEL","","","","0","No","0000-00-00 00:00:00","0000-00-00 00:00:00"
"1076","MSC 12x3/8''","","0","NOS","0","0","NA","0","","A","0","0","0","0","","","Store MHEL","","","","0","No","0000-00-00 00:00:00","0000-00-00 00:00:00"
"1077","MSC 25x1.1/2''","","0","NOS","0","0","NA","0","","A","0","0","0","0","","","Store MHEL","","","","0","No","0000-00-00 00:00:00","0000-00-00 00:00:00"
"1078","Pressure Gauge PG-2.5","","0","NOS","0","0","NA","0","","A","0","0","0","0","","","Store MHEL","","","","0","No","0000-00-00 00:00:00","0000-00-00 00:00:00"
"1079","Temp. Gauge PGTM 4''","","0","NOS","0","0","NA","0","","A","0","0","0","0","","","Store MHEL","","","","0","No","0000-00-00 00:00:00","0000-00-00 00:00:00"
"1080","Relief Valve DPRH-6K","","0","NOS","0","0","NA","0","","A","0","0","0","0","","","Store MHEL","","","","0","No","0000-00-00 00:00:00","0000-00-00 00:00:00"
"1081","Check Valve NRV30x1.1/2''","","0","NOS","0","0","NA","0","","A","0","0","0","0","","","Store MHEL","","","","0","No","0000-00-00 00:00:00","0000-00-00 00:00:00"
"1082","Check Valve MPW-01","","0","NOS","0","0","NA","0","","A","0","0","0","0","","","Store MHEL","","","","0","No","0000-00-00 00:00:00","0000-00-00 00:00:00"
"1083","Ball Valve KHB-1/2''","","0","NOS","0","0","NA","0","","A","0","0","0","0","","","Store MHEL","","","","0","No","0000-00-00 00:00:00","0000-00-00 00:00:00"
"1084","Ball Valve KHB-1''","","0","NOS","0","0","NA","0","","A","0","0","0","0","","","Store MHEL","","","","0","No","0000-00-00 00:00:00","0000-00-00 00:00:00"
"1085","Oil Level Gauge FLG-05","","0","NOS","0","0","NA","0","","A","0","0","0","0","","","Store MHEL","","","","0","No","0000-00-00 00:00:00","0000-00-00 00:00:00"
"1086","PU Front Panel KPSW150-101-03","","0","NOS","0","0","NA","0","","A","0","0","0","0","","","Store MHEL","","","","0","No","0000-00-00 00:00:00","0000-00-00 00:00:00"
"1087","PU Panel-1 KPSW150-101-04","","0","NOS","0","0","NA","0","","A","0","0","0","0","","","Store MHEL","","","","0","No","0000-00-00 00:00:00","0000-00-00 00:00:00"
"1088","PU Panel-2 KPSW150-101-05","","0","NOS","0","0","NA","0","","A","0","0","0","0","","","Store MHEL","","","","0","No","0000-00-00 00:00:00","0000-00-00 00:00:00"
"1089","PU Panel-3 KPSW150-101-05","","0","NOS","0","0","NA","0","","A","0","0","0","0","","","Store MHEL","","","","0","No","0000-00-00 00:00:00","0000-00-00 00:00:00"
"1090","PU Body Side Liner KPSW150-101-08","","0","NOS","0","0","NA","0","","A","0","0","0","0","","","Store MHEL","","","","0","No","0000-00-00 00:00:00","0000-00-00 00:00:00"
"1091","PU Dewatering Divider Liner KPSW150-101-09","","0","NOS","0","0","NA","0","","A","0","0","0","0","","","Store MHEL","","","","0","No","0000-00-00 00:00:00","0000-00-00 00:00:00"
"1092","Round Bar 25mm","","0","NOS","0","0","NA","0","","A","0","0","0","0","","","Hacksaw Machine Ke Pass","","","","0","No","0000-00-00 00:00:00","0000-00-00 00:00:00"
"1093","Round Bar 30mm","","0","NOS","0","0","NA","0","","A","0","0","0","0","","","Hacksaw Machine Ke Pass","","","","0","No","0000-00-00 00:00:00","0000-00-00 00:00:00"
"1094","Round Bar 40mm","","0","NOS","0","0","NA","0","","A","0","0","0","0","","","Hacksaw Machine Ke Pass","","","","0","No","0000-00-00 00:00:00","0000-00-00 00:00:00"
"1095","Round Bar 50mm","","0","NOS","0","0","NA","0","","A","0","0","0","0","","","Hacksaw Machine Ke Pass","","","","0","No","0000-00-00 00:00:00","0000-00-00 00:00:00"
"1096","Round Bar 60mm","","0","NOS","0","0","NA","0","","A","0","0","0","0","","","Hacksaw Machine Ke Pass","","","","0","No","0000-00-00 00:00:00","0000-00-00 00:00:00"
"1097","Round Bar 65mm","","0","NOS","0","0","NA","0","","A","0","0","0","0","","","Hacksaw Machine Ke Pass","","","","0","No","0000-00-00 00:00:00","0000-00-00 00:00:00"
"1098","Round Bar 70mm","","0","NOS","0","0","NA","0","","A","0","0","0","0","","","Hacksaw Machine Ke Pass","","","","0","No","0000-00-00 00:00:00","0000-00-00 00:00:00"
"1099","V Belt AV10X1020","","0","NOS","0","0","NA","0","","A","0","0","0","0","","","Store MHEL","","","","0","No","0000-00-00 00:00:00","0000-00-00 00:00:00"
"1100","Hydraulic Cylinder 275mm Stroke","","0","NOS","0","0","NA","0","","A","0","0","0","0","","","Store MHEL","","","","0","No","0000-00-00 00:00:00","0000-00-00 00:00:00"
"1101","MS Plug 1/2''","","0","NOS","0","0","NA","0","","A","0","0","0","0","","","Store MHEL","","","","0","No","0000-00-00 00:00:00","0000-00-00 00:00:00"
"1102","CI Hose Nipple 1.5''","","0","NOS","0","0","NA","0","","A","0","0","0","0","","","Store MHEL","","","","0","No","0000-00-00 00:00:00","0000-00-00 00:00:00"
"1103","Circlip Internal 90mm","","0","NOS","0","0","NA","0","","A","0","0","0","0","","","Store MHEL","","","","0","No","0000-00-00 00:00:00","0000-00-00 00:00:00"
"1104","Circlip Internal 120mm","","0","NOS","0","0","NA","0","","A","0","0","0","0","","","Store MHEL","","","","0","No","0000-00-00 00:00:00","0000-00-00 00:00:00"
"1105","Key 16x22x300","","0","NOS","0","0","NA","0","","A","0","0","0","0","","","Store MHEL","","","","0","No","0000-00-00 00:00:00","0000-00-00 00:00:00"
"1106","Key 10x10x300","","0","NOS","0","0","NA","0","","A","0","0","0","0","","","Store MHEL","","","","0","No","0000-00-00 00:00:00","0000-00-00 00:00:00"
"1107","Key 12x12x300","","0","NOS","0","0","NA","0","","A","0","0","0","0","","","Store MHEL","","","","0","No","0000-00-00 00:00:00","0000-00-00 00:00:00"
"1108","Sandvik Tip 266RG","","0","NOS","0","0","NA","0","","A","0","0","0","0","","","Store MHEL","","","","0","No","0000-00-00 00:00:00","0000-00-00 00:00:00"
"1109","Armature KPT","","0","NOS","0","0","NA","0","","A","0","0","0","0","","","Store MHEL","","","","0","No","0000-00-00 00:00:00","0000-00-00 00:00:00"
"1110","Star Coupling L-110","","0","NOS","0","0","NA","0","","A","0","0","0","0","","","Store MHEL","","","","0","No","0000-00-00 00:00:00","0000-00-00 00:00:00"
"1111","Star Coupling L-100","","0","NOS","0","0","NA","0","","A","0","0","0","0","","","Store MHEL","","","","0","No","0000-00-00 00:00:00","0000-00-00 00:00:00"
"1112","MS Socket 1''","","0","NOS","0","0","NA","0","","A","0","0","0","0","","","Store MHEL","","","","0","No","0000-00-00 00:00:00","0000-00-00 00:00:00"
"1113","MS Hose Socket 3''","","0","NOS","0","0","NA","0","","A","0","0","0","0","","","Store MHEL","","","","0","No","0000-00-00 00:00:00","0000-00-00 00:00:00"
"1114","MS Hose Socket 3''","","0","NOS","0","0","NA","0","","A","0","0","0","0","","","Store MHEL","","","","0","No","0000-00-00 00:00:00","0000-00-00 00:00:00"
"1115","MS Nipple 3''","","0","NOS","0","0","NA","0","","A","0","0","0","0","","","Store MHEL","","","","0","No","0000-00-00 00:00:00","0000-00-00 00:00:00"
"1116","Fly Valve 3''","","0","NOS","0","0","NA","0","","A","0","0","0","0","","","Store MHEL","","","","0","No","0000-00-00 00:00:00","0000-00-00 00:00:00"
"1117","Fly Valve 6''","","0","NOS","0","0","NA","0","","A","0","0","0","0","","","Store MHEL","","","","0","No","0000-00-00 00:00:00","0000-00-00 00:00:00"
"1118","CI Hose Pipe 2.5''","","0","NOS","0","0","NA","0","","A","0","0","0","0","","","Store MHEL","","","","0","No","0000-00-00 00:00:00","0000-00-00 00:00:00"
"1119","MS Socket 5''","","0","NOS","0","0","NA","0","","A","0","0","0","0","","","Store MHEL","","","","0","No","0000-00-00 00:00:00","0000-00-00 00:00:00"
"1120","MS Nipple 5x6","","0","NOS","0","0","NA","0","","A","0","0","0","0","","","Store MHEL","","","","0","No","0000-00-00 00:00:00","0000-00-00 00:00:00"
"1121","MS Elbow 2.5''","","0","NOS","0","0","NA","0","","A","0","0","0","0","","","Store MHEL","","","","0","No","0000-00-00 00:00:00","0000-00-00 00:00:00"
"1122","Tips HSN 8474","","0","NOS","0","0","NA","0","H.S.I. Machine","A","0","0","0","0","","","Store MHEL","","","","0","No","0000-00-00 00:00:00","0000-00-00 00:00:00"
"1123","Cavity HSN 8474","","0","NOS","0","0","NA","0","H.S.I. Machine","A","0","0","0","0","","","Store MHEL","","","","0","No","0000-00-00 00:00:00","0000-00-00 00:00:00"
"1124","Upper Liner HSN 8474","","0","NOS","0","0","NA","0","H.S.I. Machine","A","0","0","0","0","","","Store MHEL","","","","0","No","0000-00-00 00:00:00","0000-00-00 00:00:00"
"1125","Lower Liner HSN 8474","","0","NOS","0","0","NA","0","H.S.I. Machine","A","0","0","0","0","","","Store MHEL","","","","0","No","0000-00-00 00:00:00","0000-00-00 00:00:00"
"1126","Rotor HSN 8474","","0","NOS","0","0","NA","0","H.S.I. Machine","A","0","0","0","0","","","Store MHEL","","","","0","No","0000-00-00 00:00:00","0000-00-00 00:00:00"
"1127","Circlip Plair 7'' ","","0","NOS","0","0","NA","0","","A","0","0","0","0","","","Store MHEL","","","","0","No","0000-00-00 00:00:00","0000-00-00 00:00:00"
"1128","Vibrating Screen Bolt 18x170","","0","NOS","0","0","NA","0","","A","0","0","0","0","","","Store MHEL","","","","0","No","0000-00-00 00:00:00","0000-00-00 00:00:00"
"1129","CI Ball Valve 2''","","0","NOS","0","0","NA","0","","A","0","0","0","0","","","Store MHEL","","","","0","No","0000-00-00 00:00:00","0000-00-00 00:00:00"
"1130","Hose Clip 1/2''","","0","NOS","0","0","NA","0","","A","0","0","0","0","","","Store MHEL","","","","0","No","0000-00-00 00:00:00","0000-00-00 00:00:00"
"1131","Spray Gun H-885","","0","NOS","0","0","NA","0","","A","0","0","0","0","","","Store MHEL","","","","0","No","0000-00-00 00:00:00","0000-00-00 00:00:00"
"1132","GI Steel Pipe 1/2''","","0","NOS","0","0","NA","0","","A","0","0","0","0","","","Store MHEL","","","","0","No","0000-00-00 00:00:00","0000-00-00 00:00:00"
"1133","Colour Ral 3020","","0","Ltr.","0","0","NA","0","","A","0","0","0","0","","","Store MHEL","","","","0","No","0000-00-00 00:00:00","0000-00-00 00:00:00"
"1134","Colour Ral 9016","","0","Ltr.","0","0","NA","0","","A","0","0","0","0","","","Store MHEL","","","","0","No","0000-00-00 00:00:00","0000-00-00 00:00:00"
"1135","AP Colour RAL-1003","","0","Ltr.","0","0","NA","0","","A","0","0","0","0","","","Store MHEL","","","","0","No","0000-00-00 00:00:00","0000-00-00 00:00:00"
"1136","Ap Colour Ral 7021 Black Grey","","0","Ltr.","0","0","NA","0","","A","0","0","0","0","","","Store MHEL","","","","0","No","0000-00-00 00:00:00","0000-00-00 00:00:00"
"1137","Ap Colour Ral 7012 Basalt Grey","","0","Ltr.","0","0","NA","0","","A","0","0","0","0","","","Store MHEL","","","","0","No","0000-00-00 00:00:00","0000-00-00 00:00:00"
"1138","Short S-390","","0","Kg","0","0","NA","0","Short Blasting","A","0","0","0","0","","","MTPL","","","","0","No","0000-00-00 00:00:00","0000-00-00 00:00:00"
"1139","Short S-460","","0","Kg","0","0","NA","0","Short Blasting","A","0","0","0","0","","","MTPL","","","","0","No","0000-00-00 00:00:00","0000-00-00 00:00:00"
"1140","Short H.C.C.W (1.50mm)","","0","Kg","0","0","NA","0","Short Blasting","A","0","0","0","0","","","MTPL","","","","0","No","0000-00-00 00:00:00","0000-00-00 00:00:00"
"1141","motor 150HP","Raw Material","1","Nos","","0","","3","1440rpm","C (Less Then 50kg)","0","0","0","0","","FINISH","Store MHEL","","","","0","No","2026-02-11 14:49:13","2026-02-11 14:49:13"
"1142","Box File","Stationery","2","Nos","","0","","4","14''","C (Less Then 50kg)","0","0","0","0","","FINISH","MTPL","","","","0","No","2026-02-26 14:15:59","2026-02-26 14:15:59"
"1143","Bearing","Raw Material","1","Nos","","0","","8","23240 C3","A (150kg)","0","0","0","0","","FINISH","Store MHEL","","","","0","No","2026-02-26 16:30:37","2026-02-26 16:30:37"
"1144","MS Flat","Raw Material","1","Nos","","0","","11","30x6","A (150kg)","0","0","0","0","","FINISH","2 Unit CNC M/C Ke Pass","","","","0","No","2026-02-26 16:31:38","2026-02-26 16:31:38"
"1145","Plate","Raw Material","1","Nos","","0","","10","3mm 1250x2500","A (150kg)","0","0","0","0","","FINISH","2 Unit CNC M/C Ke Pass","","","","0","No","2026-02-26 16:32:30","2026-02-26 16:32:30"
"1146","Pipe","Raw Material","1","Nos","","0","","25","32mm","A (150kg)","0","0","0","0","","FINISH","2 Unit CNC M/C Ke Pass","","","","0","No","2026-02-26 16:33:11","2026-02-26 16:33:11"
"1147","Checker Plate","Raw Material","1","Nos","","0","","10","3mm 1250x2500","A (150kg)","0","0","0","0","","FINISH","2 Unit CNC M/C Ke Pass","","","","0","No","2026-02-26 16:33:53","2026-02-26 16:33:53"
"1148","V Belt","Raw Material","1","Nos","","0","","6","C-110","C (Less Then 50kg)","0","0","0","0","","FINISH","Store MHEL","","","","0","No","2026-02-28 11:45:45","2026-02-28 11:45:45"
"1149","Pulley","Raw Material","1","Nos","","0","","2","10'' D3","C (Less Then 50kg)","0","0","0","0","","FINISH","Store MHEL","","","","0","No","2026-02-28 11:46:23","2026-02-28 11:46:23"
"1150","Pulleys","Raw Material","1","Nos","","0","","7","6'' C1","C (Less Then 50kg)","0","0","0","0","","FINISH","Store MHEL","","","","0","No","2026-02-28 11:47:30","2026-02-28 11:47:30"
"1151","Diamound Cutter","Raw Material","1","Nos","","0","","2","4''","C (Less Then 50kg)","0","0","0","0","","FINISH","Store MHEL","","","","0","No","2026-02-28 11:49:21","2026-02-28 11:49:21"
"1152","Tip","Raw Material","1","Nos","","0","","20","P-30","C (Less Then 50kg)","0","0","0","0","","FINISH","Store MHEL","","","","0","No","2026-02-28 11:51:38","2026-02-28 11:51:38"
"1153","Collet","Raw Material","1","Nos","","0","","19","10mm","B (50-150kg)","0","0","0","0","","FINISH","Store MHEL","","","","0","No","2026-02-28 11:52:21","2026-02-28 11:52:21"
"1154","Hose Pipe","Raw Material","1","Meter","","0","","21","1.5'' R1","C (Less Then 50kg)","0","0","0","0","","FINISH","Store MHEL","","","","0","No","2026-02-28 11:53:16","2026-02-28 11:53:16"
"1155","Vibrating Screen Bolt /Nut/Washer","Raw Material","1","Nos","","0","","500","18x155","A (150kg)","0","0","0","0","","FINISH","Store MHEL","","","","0","No","2026-02-28 11:55:35","2026-02-28 11:55:35"
"1156","Ply","Raw Material","1","Nos","","0","","10","19mm","A (150kg)","0","0","0","0","","FINISH","Store MHEL","","","","0","No","2026-02-28 11:57:22","2026-02-28 11:57:22"
"1157","Motor","Raw Material","1","Nos","","0","","1","50 Hp","A (150kg)","0","0","0","0","","FINISH","Store MHEL","","","","0","No","2026-03-02 11:22:50","2026-03-02 11:22:50"
"1158","Welding Machine","Raw Material","1","Nos","","0","","1","400 HD","A (150kg)","0","0","0","0","","FINISH","Store MHEL","","","","0","No","2026-03-02 11:23:46","2026-03-02 11:23:46"
"1159","Round Bar EN-8","Raw Material","1","Nos","","0","","26","25mm","A (150kg)","0","0","0","0","","FINISH","Hacksaw Machine Ke Pass","","","","0","No","2026-03-02 11:26:04","2026-03-02 11:26:04"
"1160","Round Bar EN-8","Raw Material","1","Nos","","0","","13","40mm","A (150kg)","0","0","0","0","","FINISH","Hacksaw Machine Ke Pass","","","","0","No","2026-03-02 11:26:59","2026-03-02 11:26:59"
"1161","Round Bar EN-8","Raw Material","1","Nos","","0","","6","50mm","A (150kg)","0","0","0","0","","FINISH","Hacksaw Machine Ke Pass","","","","0","No","2026-03-02 11:27:47","2026-03-02 11:27:47"
"1162","Nozzle","Raw Material","1","Nos","","0","","5","G2008YK","C (Less Then 50kg)","0","0","0","0","","FINISH","Store MHEL","","","","0","No","2026-03-09 12:03:36","2026-03-09 12:03:36"
"1163","Nozzle","Raw Material","1","Nos","","0","","10","G2010YK","C (Less Then 50kg)","0","0","0","0","","FINISH","Store MHEL","","","","0","No","2026-03-09 12:04:17","2026-03-09 12:04:17"
"1164","Nozzle","Raw Material","1","Nos","","0","","5","G2014YK","C (Less Then 50kg)","0","0","0","0","","FINISH","Store MHEL","","","","0","No","2026-03-09 12:04:57","2026-03-09 12:04:57"
"1165","Swirl Gas Cap","Raw Material","1","Nos","","0","","10","G4030","C (Less Then 50kg)","0","0","0","0","","FINISH","Store MHEL","","","","0","No","2026-03-09 12:05:37","2026-03-09 12:05:37"
"1166","Compressor","Raw Material","1","Nos","","0","","1","2GH","B (50-150kg)","0","0","0","0","","FINISH","Store MHEL","","","","0","No","2026-03-09 12:06:27","2026-03-09 12:06:27"
"1167","Compressor 2GH","Raw Material","1","Nos","","0","","1","210-H16","B (50-150kg)","0","0","0","0","","FINISH","Store MHEL","","","","0","No","2026-03-09 12:07:15","2026-03-09 12:07:15"
"1168","Compresor","Raw Material","1","Nos","","0","","1","210-H16","B (50-150kg)","0","0","0","0","","FINISH","Store MHEL","","","","0","No","2026-03-09 12:07:51","2026-03-09 12:07:51"
"1169","Compressor","Raw Material","1","Nos","","0","","1","210-H16","B (50-150kg)","0","0","0","0","","FINISH","Store MHEL","","","","0","No","2026-03-09 12:08:06","2026-03-09 12:08:06"
"1170","Filter Element","Raw Material","1","Nos","","0","","5","Air X77","B (50-150kg)","0","0","0","0","","FINISH","Store MHEL","","","","0","No","2026-03-09 12:10:04","2026-03-09 12:10:04"
"1171","Motor Havells","Raw Material","1","Nos","","0","","2","50 Hp","A (150kg)","0","0","0","0","","SEMI_FINISH","Store MHEL","","","","0","No","2026-03-10 12:20:52","2026-03-10 12:20:52"
"1172","Motor BBL","Raw Material","1","Nos","","0","","2","7.5 Hp","A (150kg)","0","0","0","0","","SEMI_FINISH","Store MHEL","","","","0","No","2026-03-10 12:22:11","2026-03-10 12:22:11"
"1173","Oil Seal","Raw Material","1","Nos","","0","","15","170x200x13","C (Less Then 50kg)","0","0","0","0","","FINISH","Store MHEL","","","","0","No","2026-03-10 12:24:33","2026-03-10 12:24:33"
"1174","UCP ARB","Raw Material","1","Nos","","0","","4","213","C (Less Then 50kg)","0","0","0","0","","FINISH","Store MHEL","","","","0","No","2026-03-10 12:25:20","2026-03-10 12:25:20"
"1175","Gear Pump","Raw Material","1","Nos","","0","","7","80 LPM","A (150kg)","0","0","0","0","","FINISH","Store MHEL","","","","0","No","2026-03-10 12:26:03","2026-03-10 12:26:03"
"1176","Gas","Raw Material","1","Nos","","0","","15","O2","B (50-150kg)","0","0","0","0","","SEMI_FINISH","2 Unit Gas Godam Me","","","","0","No","2026-03-10 16:30:47","2026-03-10 16:30:47"
"1177","Tool","Raw Material","1","Nos","","0","","50","6 Soot Right","C (Less Then 50kg)","0","0","0","0","","SEMI_FINISH","Store MHEL","","","","0","No","2026-03-10 16:31:58","2026-03-10 16:31:58"
"1178","Tool","Raw Material","1","Nos","","0","","50","6 Soot Left","C (Less Then 50kg)","0","0","0","0","","SEMI_FINISH","Store MHEL","","","","0","No","2026-03-10 16:32:34","2026-03-10 16:32:34"
"1179","V Tool","Raw Material","1","Nos","","0","","25","6 Soot","C (Less Then 50kg)","0","0","0","0","","SEMI_FINISH","Store MHEL","","","","0","No","2026-03-10 16:33:12","2026-03-10 16:33:12"
"1180","V Tool","Raw Material","1","Nos","","0","","25","1''","C (Less Then 50kg)","0","0","0","0","","SEMI_FINISH","Store MHEL","","","","0","No","2026-03-10 16:33:42","2026-03-10 16:33:42"
"1181","Blu Stud Right","Raw Material","1","Nos","","0","","25","1/2''","C (Less Then 50kg)","0","0","0","0","","SEMI_FINISH","Store MHEL","","","","0","No","2026-03-10 16:35:22","2026-03-10 16:35:22"
"1182","Blu Stud Left","Raw Material","1","Nos","","0","","25","1/2''","C (Less Then 50kg)","0","0","0","0","","SEMI_FINISH","Store MHEL","","","","0","No","2026-03-10 16:36:00","2026-03-10 16:36:00"
"1183","Boring Tool Right","Raw Material","1","Nos","","0","","50","1/2''","C (Less Then 50kg)","0","0","0","0","","SEMI_FINISH","Store MHEL","","","","0","No","2026-03-10 16:37:03","2026-03-10 16:37:03"
"1184","Boring Tool Left","Raw Material","1","Nos","","0","","50","1/2''","C (Less Then 50kg)","0","0","0","0","","SEMI_FINISH","Store MHEL","","","","0","No","2026-03-10 16:37:36","2026-03-10 16:37:36"
"1185","Tool Right","Raw Material","1","Nos","","0","","50","5 Soot","C (Less Then 50kg)","0","0","0","0","","SEMI_FINISH","Store MHEL","","","","0","No","2026-03-10 16:38:27","2026-03-10 16:38:27"
"1186","Pipe","Raw Material","1","Nos","","0","","3","OD:273","A (150kg)","0","0","0","0","","FINISH","2 Unit CNC M/C Ke Pass","","","","0","No","2026-03-11 14:15:59","2026-03-11 14:15:59"
"1187","Diaphragm","Raw Material","1","Nos","","0","","20","30x15","C (Less Then 50kg)","0","0","0","0","","FINISH","Store MHEL","","","","0","No","2026-03-11 14:17:24","2026-03-11 14:17:24"
"1188","Diaphragm","Raw Material","1","Nos","","0","","10","42x8","C (Less Then 50kg)","0","0","0","0","","FINISH","Store MHEL","","","","0","No","2026-03-11 14:17:51","2026-03-11 14:17:51"
"1189","Diaphragm","Raw Material","1","Nos","","0","","30","48x10","A (150kg)","0","0","0","0","","FINISH","Store MHEL","","","","0","No","2026-03-11 14:18:31","2026-03-11 14:18:31"
"1190","Diaphragm","Raw Material","1","Nos","","0","","15","36x8","B (50-150kg)","0","0","0","0","","FINISH","Store MHEL","","","","0","No","2026-03-11 14:19:00","2026-03-11 14:19:00"
"1191","Diaphragm","Raw Material","1","Nos","","0","","8","36x24","B (50-150kg)","0","0","0","0","","FINISH","Store MHEL","","","","0","No","2026-03-11 14:19:25","2026-03-11 14:19:25"
"1192","HT Bolt","Raw Material","1","Nos","","0","","13","30x180","C (Less Then 50kg)","0","0","0","0","","FINISH","Store MHEL","","","","0","No","2026-03-11 14:20:18","2026-03-11 14:20:18"
"1193","HT Washer","Raw Material","1","Nos","","0","","13","30mm","C (Less Then 50kg)","0","0","0","0","","FINISH","Store MHEL","","","","0","No","2026-03-11 14:20:46","2026-03-11 14:20:46"
"1194","Copper Winding Wire","Raw Material","1","Kg","","0","","1","27 No","C (Less Then 50kg)","0","0","0","0","","FINISH","Store MHEL","","","","0","No","2026-03-11 14:24:46","2026-03-11 14:24:46"
"1195","Copper Winding Wire","Raw Material","1","Kg","","0","","2","22.5","C (Less Then 50kg)","0","0","0","0","","FINISH","Store MHEL","","","","0","No","2026-03-11 14:25:49","2026-03-11 14:25:49"
"1196","Bearing","Raw Material","1","Nos","","0","","2","6003","C (Less Then 50kg)","0","0","0","0","","FINISH","Store MHEL","","","","0","No","2026-03-11 14:26:39","2026-03-11 14:26:39"
"1197","Bolt Stud","Raw Material","1","Nos","","0","","600","10x40","C (Less Then 50kg)","0","0","0","0","","FINISH","Store MHEL","","","","0","No","2026-03-11 14:27:36","2026-03-11 14:27:36"
"1198","V Belt Endura","Raw Material","1","Nos","","0","","11","C-110","C (Less Then 50kg)","0","0","0","0","","FINISH","Store MHEL","","","","0","No","2026-03-11 14:29:39","2026-03-11 14:29:39"
"1199","V Belt","Raw Material","1","Nos","","0","","2","C-92","C (Less Then 50kg)","0","0","0","0","","FINISH","Store MHEL","","","","0","No","2026-03-11 14:30:11","2026-03-11 14:30:11"
"1200","Angle 50x50","Raw Material","1","Nos","","0","","6","50x50","A (150kg)","0","0","0","0","","FINISH","2 Unit CNC M/C Ke Pass","","","","0","No","2026-03-11 14:32:06","2026-03-11 14:32:06"
"1201","Angle 65x65","Raw Material","1","Nos","","0","","6","65x65","A (150kg)","0","0","0","0","","FINISH","2 Unit CNC M/C Ke Pass","","","","0","No","2026-03-11 14:32:51","2026-03-11 14:32:51"
"1202","Pipe","Raw Material","1","Nos","","0","","50","OD:32mm","A (150kg)","0","0","0","0","","FINISH","2 Unit CNC M/C Ke Pass","","","","0","No","2026-03-11 14:34:36","2026-03-11 14:34:36"
"1203","Pipe","Raw Material","1","Nos","","0","","24","OD:89","A (150kg)","0","0","0","0","","FINISH","2 Unit CNC M/C Ke Pass","","","","0","No","2026-03-11 14:35:09","2026-03-11 14:35:09"
"1204","Plate","Raw Material","1","Nos","","0","","1","36mm 1500x6mtr","A (150kg)","0","0","0","0","","FINISH","2 Unit CNC M/C Ke Pass","","","","0","No","2026-03-11 14:36:18","2026-03-11 14:36:18"
"1205","Flat","Raw Material","1","Nos","","0","","3","40x6","C (Less Then 50kg)","0","0","0","0","","FINISH","2 Unit CNC M/C Ke Pass","","","","0","No","2026-03-11 14:37:00","2026-03-11 14:37:00"
"1206","Sq. Round Pipe","Raw Material","1","Nos","","0","","1","100x100","A (150kg)","0","0","0","0","","FINISH","2 Unit CNC M/C Ke Pass","","","","0","No","2026-03-11 14:38:38","2026-03-11 14:38:38"
"1207","Sq. Round Pipe 100x100","Raw Material","1","Nos","","0","","1","100x100","A (150kg)","0","0","0","0","","FINISH","2 Unit CNC M/C Ke Pass","","","","0","No","2026-03-11 14:39:07","2026-03-11 14:39:07"
"1208","Hand Pump","Raw Material","1","Nos","","0","","2","HP 16","C (Less Then 50kg)","0","0","0","0","","FINISH","Store MHEL","","","","0","No","2026-03-11 16:32:36","2026-03-11 16:32:36"
"1209","Rotry Dirction Valve","Raw Material","1","Nos","","0","","2","4DL","C (Less Then 50kg)","0","0","0","0","","FINISH","Store MHEL","","","","0","No","2026-03-11 16:33:33","2026-03-11 16:33:33"
"1210","Tip P-30","Raw Material","1","Nos","","0","","200","P-30","C (Less Then 50kg)","0","0","0","0","","SEMI_FINISH","Store MHEL","","","","0","No","2026-03-12 14:21:09","2026-03-12 14:21:09"
"1211","Angle 50x50x6","Raw Material","1","Nos","","0","","51","50x50","A (150kg)","0","0","0","0","","FINISH","2 Unit CNC M/C Ke Pass","","","","0","No","2026-03-12 14:40:54","2026-03-12 14:40:54"
"1212","Angle","Raw Material","1","Nos","","0","","20","65x65x6","A (150kg)","0","0","0","0","","FINISH","2 Unit CNC M/C Ke Pass","","","","0","No","2026-03-12 14:41:36","2026-03-12 14:41:36"
"1213","Flat","Raw Material","1","Nos","","0","","2","100x12","B (50-150kg)","0","0","0","0","","FINISH","2 Unit CNC M/C Ke Pass","","","","0","No","2026-03-12 14:42:20","2026-03-12 14:42:20"
"1214","Round Bar EN-24","Raw Material","1","Nos","","0","","1","350x2320","A (150kg)","0","0","0","0","","FINISH","Hacksaw Machine Ke Pass","","","","0","No","2026-03-12 15:40:10","2026-03-12 15:40:10"
"1215","Tee","Raw Material","1","Nos","","0","","10","1/4''","C (Less Then 50kg)","0","0","0","0","","FINISH","Store MHEL","","","","0","No","2026-03-12 15:40:44","2026-03-12 15:40:44"
"1216","Seamless Pipe","Raw Material","1","Nos","","0","","1","300x240x960","A (150kg)","0","0","0","0","","FINISH","Hacksaw Machine Ke Pass","","","","0","No","2026-03-13 11:21:06","2026-03-13 11:21:06"
"1217","Diaphragm Leather","Raw Material","1","Nos","","0","","5","48x42","A (150kg)","0","0","0","0","","FINISH","Store MHEL","","","","0","No","2026-03-13 11:22:35","2026-03-13 11:22:35"
"1218","Diesel","Others","5","Ltr","","0","","10","2026","B (50-150kg)","0","0","0","0","","FINISH","MTPL","","","","0","No","2026-03-13 17:21:03","2026-03-13 17:21:03"
"1219","Tool Bag","Raw Material","1","Nos","","0","","35","Big Size","B (50-150kg)","0","0","0","0","","SEMI_FINISH","Store MHEL","","","","0","No","2026-03-14 11:53:42","2026-03-14 11:53:42"
"1220","MS Bolt","Raw Material","1","Kg","","0","","2","38/''x2''","C (Less Then 50kg)","0","0","0","0","","FINISH","Store MHEL","","","","0","No","2026-03-14 11:54:19","2026-03-14 11:54:19"
"1221","Oxygen","Raw Material","1","Nos","","0","","16","O2","A (150kg)","0","0","0","0","","FINISH","2 Unit Gas Godam Me","","","","0","No","2026-03-14 11:55:06","2026-03-14 11:55:06"
"1222","Mig Roll","Raw Material","1","Nos","","0","","30","FC 1.2mm","A (150kg)","0","0","0","0","","FINISH","Store MHEL","","","","0","No","2026-03-14 11:55:48","2026-03-14 11:55:48"
"1223","Bearing","Raw Material","1","Nos","","0","","2","24060 C3 ARB","B (50-150kg)","0","0","0","0","","FINISH","Store MHEL","","","","0","No","2026-03-14 11:56:25","2026-03-14 11:56:25"
"1224","Bearing","Raw Material","1","Nos","","0","","2","23156 K ARB","B (50-150kg)","0","0","0","0","","FINISH","Store MHEL","","","","0","No","2026-03-14 11:56:59","2026-03-14 11:56:59"
"1225","Bearing","Raw Material","1","Nos","","0","","2","24064 C3 ARB","B (50-150kg)","0","0","0","0","","FINISH","Store MHEL","","","","0","No","2026-03-14 11:57:39","2026-03-14 11:57:39"
"1226","Bearing","Raw Material","1","Nos","","0","","2","23160 K ARB","B (50-150kg)","0","0","0","0","","FINISH","Store MHEL","","","","0","No","2026-03-14 11:58:23","2026-03-14 11:58:23"
"1227","Bearing","Raw Material","1","Nos","","0","","2","22328 C4 ARB","B (50-150kg)","0","0","0","0","","FINISH","Store MHEL","","","","0","No","2026-03-14 11:59:47","2026-03-14 11:59:47"
"1228","Bearing","Raw Material","1","Nos","","0","","2","22330 C4 ARB","B (50-150kg)","0","0","0","0","","FINISH","Store MHEL","","","","0","No","2026-03-14 12:00:29","2026-03-14 12:00:29"
"1229","Bearing","Raw Material","1","Nos","","0","","4","22328 C3 ARB","B (50-150kg)","0","0","0","0","","FINISH","Store MHEL","","","","0","No","2026-03-14 12:02:11","2026-03-14 12:02:11"
"1230","Bearing","Raw Material","1","Nos","","0","","6","22224 C3 ARB","B (50-150kg)","0","0","0","0","","FINISH","Store MHEL","","","","0","No","2026-03-14 12:04:07","2026-03-14 12:04:07"
"1231","Bearing","Raw Material","1","Nos","","0","","2","22322 C3 ARB","B (50-150kg)","0","0","0","0","","FINISH","Store MHEL","","","","0","No","2026-03-14 12:04:40","2026-03-14 12:04:40"
"1232","Conveyor Belt","Raw Material","1","Meter","","0","","96","800mm","A (150kg)","0","0","0","0","","FINISH","Conveyor Dept.","","","","0","No","2026-03-14 12:05:41","2026-03-14 12:05:41"
"1233","Circlip","Raw Material","1","Nos","","0","","6000","20mm","A (150kg)","0","-1","0","0","","FINISH","Roller Dept.","","","","0","No","2026-03-14 12:07:28","2026-03-14 12:07:28"
"1234","V Belt","Raw Material","1","Nos","","0","","8","SPC-3750","B (50-150kg)","0","0","0","0","","FINISH","Store MHEL","","","","0","No","2026-03-16 13:38:13","2026-03-16 13:38:13"
"1235","Tool","Raw Material","1","Nos","","0","","50","1'' Right","B (50-150kg)","0","0","0","0","","FINISH","Store MHEL","","","","0","No","2026-03-16 13:39:45","2026-03-16 13:39:45"
"1236","Tool","Raw Material","1","Nos","","0","","25","1'' Left","B (50-150kg)","0","0","0","0","","FINISH","Store MHEL","","","","0","No","2026-03-16 13:40:36","2026-03-16 13:40:36"
"1237","Thinner","Raw Material","1","Ltr","","0","","60","GP","B (50-150kg)","0","0","0","0","","FINISH","Store MHEL","","","","0","No","2026-03-16 13:41:41","2026-03-16 13:41:41"
"1238","N.C. Putty","Raw Material","1","Kg","","0","","20","Dklac","B (50-150kg)","0","0","0","0","","FINISH","Store MHEL","","","","0","No","2026-03-16 13:43:55","2026-03-16 13:43:55"
"1239","Cable","Raw Material","1","Meter","","0","","60","4 Sqmm X 4 Core","B (50-150kg)","0","0","0","0","","FINISH","Store MHEL","","","","0","No","2026-03-16 13:46:40","2026-03-16 13:46:40"
"1240","Gear Coupling","Raw Material","1","Nos","","0","","1","26+26","B (50-150kg)","0","0","0","0","","FINISH","Store MHEL","","","","0","No","2026-03-16 13:47:51","2026-03-16 13:47:51"
"1241","V Belt","Raw Material","1","Nos","","0","","10","C-85","B (50-150kg)","0","0","0","0","","FINISH","Store MHEL","","","","0","No","2026-03-16 13:48:29","2026-03-16 13:48:29"
"1242","V Belt","Raw Material","1","Nos","","0","","6","C-105","C (Less Then 50kg)","0","0","0","0","","FINISH","Store MHEL","","","","0","No","2026-03-16 13:48:58","2026-03-16 13:48:58"
"1243","V Belt C-110","Raw Material","1","Nos","","0","","8","C-110","B (50-150kg)","0","0","0","0","","FINISH","Store MHEL","","","","0","No","2026-03-16 13:50:18","2026-03-16 13:50:18"
"1244","UCP CNR","Raw Material","1","Nos","","0","","8","213","B (50-150kg)","0","0","0","0","","FINISH","Store MHEL","","","","0","No","2026-03-16 13:51:07","2026-03-16 13:51:07"
"1245","V Belt","Raw Material","1","Nos","","0","","3","D-230","B (50-150kg)","0","0","0","0","","FINISH","Store MHEL","","","","0","No","2026-03-16 13:51:52","2026-03-16 13:51:52"
"1246","Vibro Motor 3 Hp","Raw Material","1","Nos","","0","","2","3 Hp","A (150kg)","0","0","0","0","","FINISH","Vibro Motor Dept.","","","","0","No","2026-03-16 13:52:48","2026-03-16 13:52:48"
"1247","Temp. Gauge","Raw Material","1","Nos","","0","","3","4''","C (Less Then 50kg)","0","0","0","0","","FINISH","Store MHEL","","","","0","No","2026-03-16 13:53:26","2026-03-16 13:53:26"
"1248","Ball Valve","Raw Material","1","Nos","","0","","1","1.5''","C (Less Then 50kg)","0","0","0","0","","FINISH","Store MHEL","","","","0","No","2026-03-16 13:54:14","2026-03-16 13:54:14"
"1249","Ball Valve","Raw Material","1","Nos","","0","","1","1''","C (Less Then 50kg)","0","0","0","0","","FINISH","Store MHEL","","","","0","No","2026-03-16 13:54:48","2026-03-16 13:54:48"
"1250","Ball Valve","Raw Material","1","Nos","","0","","1","1/2''","C (Less Then 50kg)","0","0","0","0","","FINISH","Store MHEL","","","","0","No","2026-03-16 13:55:18","2026-03-16 13:55:18"
"1251","Accumalator","Raw Material","1","Nos","","0","","2","10 Ltr","C (Less Then 50kg)","0","0","0","0","","FINISH","Store MHEL","","","","0","No","2026-03-16 13:55:52","2026-03-16 13:55:52"
"1252","Motor 75 Hp","Raw Material","1","Nos","","0","","1","75 Hp","A (150kg)","0","0","0","0","","FINISH","Vibro Motor Dept.","","","","0","No","2026-03-16 13:57:23","2026-03-16 13:57:23"
"1253","Jaw Plate","Raw Material","1","Nos","","0","","1","48x32 Plain","A (150kg)","0","0","0","0","","FINISH","Short Blasting Machine Ke Pass","","","","0","No","2026-03-16 13:58:14","2026-03-16 13:58:14"
"1254","Jaw Plate","Raw Material","1","Nos","","0","","1","48x32 Teeth","A (150kg)","0","0","0","0","","FINISH","Short Blasting Machine Ke Pass","","","","0","No","2026-03-16 13:58:51","2026-03-16 13:58:51"
"1255","CNMG","Raw Material","1","Nos","","0","","25","120404","C (Less Then 50kg)","0","0","0","0","","FINISH","Store MHEL","","","","0","No","2026-03-18 11:53:35","2026-03-18 11:53:35"
"1256","Tip P -30","Raw Material","1","Nos","","0","","50","P-30","C (Less Then 50kg)","0","0","0","0","","FINISH","Store MHEL","","","","0","No","2026-03-18 11:54:51","2026-03-18 11:54:51"
"1257","CNMX","Raw Material","1","Nos","","0","","40","120712","C (Less Then 50kg)","0","0","0","0","","FINISH","Store MHEL","","","","0","No","2026-03-18 11:56:02","2026-03-18 11:56:02"
"1258","SNMG","Raw Material","1","Nos","","0","","10","190612","C (Less Then 50kg)","0","0","0","0","","FINISH","Store MHEL","","","","0","No","2026-03-18 12:01:18","2026-03-18 12:01:18"
"1259","SNMG Tip","Raw Material","1","Nos","","0","","10","190612","C (Less Then 50kg)","0","0","0","0","","FINISH","Store MHEL","","","","0","No","2026-03-18 13:16:26","2026-03-18 13:16:26"
"1260","CNMG","Raw Material","1","Nos","","0","","50","120408","C (Less Then 50kg)","0","0","0","0","","FINISH","Store MHEL","","","","0","No","2026-03-18 13:17:10","2026-03-18 13:17:10"
"1261","Calculator","Stationery","2","Nos","","0","","2","MJ120","C (Less Then 50kg)","0","0","0","0","","SEMI_FINISH","Store MHEL","","","","0","No","2026-03-18 13:18:00","2026-03-18 13:18:00"
"1262","Muf Coupling","Raw Material","1","Nos","","0","","1","G2","B (50-150kg)","0","0","0","0","","FINISH","Store MHEL","","","","0","No","2026-03-18 13:19:05","2026-03-18 13:19:05"
"1263","Lock Nut","Raw Material","1","Nos","","0","","2","KM-46","C (Less Then 50kg)","0","0","0","0","","FINISH","Store MHEL","","","","0","No","2026-03-18 13:19:52","2026-03-18 13:19:52"
"1264","Lo","Raw Material","1","Nos","","0","","2","KM-56","C (Less Then 50kg)","0","0","0","0","","FINISH","Store MHEL","","","","0","No","2026-03-18 13:20:32","2026-03-18 13:20:32"
"1265","Lock Washer","Raw Material","1","Nos","","0","","2","MB-46","C (Less Then 50kg)","0","0","0","0","","FINISH","Store MHEL","","","","0","No","2026-03-18 13:21:14","2026-03-18 13:21:14"
"1266","Lock Washer","Raw Material","1","Nos","","0","","2","MB-56","C (Less Then 50kg)","0","0","0","0","","FINISH","Store MHEL","","","","0","No","2026-03-18 13:21:41","2026-03-18 13:21:41"
"1267","Bearing","Raw Material","1","Nos","","0","","20","UCP-211","B (50-150kg)","0","0","0","0","","FINISH","Store MHEL","","","","0","No","2026-03-18 13:22:24","2026-03-18 13:22:24"
"1268","Bearing","Raw Material","1","Nos","","0","","4","UCP-213","C (Less Then 50kg)","0","0","0","0","","FINISH","Store MHEL","","","","0","No","2026-03-18 13:22:57","2026-03-18 13:22:57"
"1269","Cathode","Raw Material","1","Nos","","0","","30","G002Y","C (Less Then 50kg)","0","0","0","0","","FINISH","Store MHEL","","","","0","No","2026-03-18 13:23:32","2026-03-18 13:23:32"
"1270","name","","0","unit","0","0","classificat","0","model","grade","0","0","0","0","placement","","diameter","created_at","updated_at","","0","No","0000-00-00 00:00:00","0000-00-00 00:00:00"
"1271","OIL PUMP ","","0","NOS","0","0","","0","80 lpm","","0","0","0","0","","","","","","","0","No","0000-00-00 00:00:00","0000-00-00 00:00:00"
"1272","OIL GEAR PUMP ","","0","NOS","0","0","","0","(PG0-420-S-1-P-B-R 1/2"" BSP)  (6LPM)","","0","0","0","0","","","","","","","0","No","0000-00-00 00:00:00","0000-00-00 00:00:00"
"1273","OIL GEAR COUPLING ","","0","NOS","0","0","","0","M 28 AS PER PUMP (1""-28)","","0","0","0","0","","","","","","","0","No","0000-00-00 00:00:00","0000-00-00 00:00:00"
"1274","OIL GEAR COUPLING ","","0","NOS","0","0","","0","M 24 AS PER PUMP (13.5-24)","","0","0","0","0","","","","","","","0","No","0000-00-00 00:00:00","0000-00-00 00:00:00"
"1275","BELL HOUSING 1P","","0","NOS","0","0","","0","2 HP AS PER PUMP (130-82.6-100)","","0","0","0","0","","","","","","","0","No","0000-00-00 00:00:00","0000-00-00 00:00:00"
"1276","BELL HOUSING 2P","","0","NOS","0","0","","0","5 HP AS PER PUMP (180-101.6-124)","","0","0","0","0","","","","","","","0","No","0000-00-00 00:00:00","0000-00-00 00:00:00"
"1277","PRESSURE GAUGE (BCPM)","","0","NOS","0","0","","0","63 MM 0-21KG/CM2","","0","0","0","0","","","","","","","0","No","0000-00-00 00:00:00","0000-00-00 00:00:00"
"1278","PRESSURE GAUGE (BCPM)","","0","NOS","0","0","","0","63 MM 0-42 KG/CM2","","0","0","0","0","","","","","","","0","No","0000-00-00 00:00:00","0000-00-00 00:00:00"
"1279","PRESSURE GAUGE (BCPM)","","0","NOS","0","0","","0","63 MM 0-210 KG/CM2","","0","0","0","0","","","","","","","0","No","0000-00-00 00:00:00","0000-00-00 00:00:00"
"1280","PRESSURE SWITCH ","","0","NOS","0","0","","0","KP 35","","0","0","0","0","","","","","","","0","No","0000-00-00 00:00:00","0000-00-00 00:00:00"
"1281","PRESSURE SWITCH ","","0","NOS","0","0","","0","KP 36","","0","0","0","0","","","","","","","0","No","0000-00-00 00:00:00","0000-00-00 00:00:00"
"1282","TEMP. GAUGE (BCPM) WITH LEAD","","0","NOS","0","0","","0","4""     0-100?C","","0","0","0","0","","","","","","","0","No","0000-00-00 00:00:00","0000-00-00 00:00:00"
"1283","TEMPERATURE  SWITCH ","","0","NOS","0","0","","0","RT 101","","0","0","0","0","","","","","","","0","No","0000-00-00 00:00:00","0000-00-00 00:00:00"
"1284","OIL HEATER ","","0","NOS","0","0","","0","2?"" - 3 KW","","0","0","0","0","","","","","","","0","No","0000-00-00 00:00:00","0000-00-00 00:00:00"
"1285","FLOW CONTROL VALVE","","0","NOS","0","0","","0","DV-1/2X1/2"" , PRE 350 BAR","","0","0","0","0","","","","","","","0","No","0000-00-00 00:00:00","0000-00-00 00:00:00"
"1286","PRESSURE REGULATION VALVE","","0","NOS","0","0","","0","COTTAGE 3/4"" (06K - 315)","","0","0","0","0","","","","","","","0","No","0000-00-00 00:00:00","0000-00-00 00:00:00"
"1287","DIRCTION CONTROL VALVE ","","0","NOS","0","0","","0","DSG 01-3C3-A240-N1-50","","0","0","0","0","","","","","","","0","No","0000-00-00 00:00:00","0000-00-00 00:00:00"
"1288","PILOT OPERTAED CHECK VALVE ","","0","NOS","0","0","","0","01 MPW ","","0","0","0","0","","","","","","","0","No","0000-00-00 00:00:00","0000-00-00 00:00:00"
"1289","CHECK VALVE","","0","NOS","0","0","","0","1?"" X 1?""","","0","0","0","0","","","","","","","0","No","0000-00-00 00:00:00","0000-00-00 00:00:00"
"1290","SIDE MOUNTED Oil LAVEL SWITCH","","0","NOS","0","0","","0","Operating temp. -10 to 180 
Pres. 18 kg / cm
Switc","","0","0","0","0","","","","","","","0","No","0000-00-00 00:00:00","0000-00-00 00:00:00"
"1291","BALL VALVE ","","0","NOS","0","0","","0","1/2"" (500 BAR)","","0","0","0","0","","","","","","","0","No","0000-00-00 00:00:00","0000-00-00 00:00:00"
"1292","BALL VALVE ","","0","NOS","0","0","","0","1"" (WATER)","","0","0","0","0","","","","","","","0","No","0000-00-00 00:00:00","0000-00-00 00:00:00"
"1293","BALL VALVE ","","0","NOS","0","0","","0","1.5"" (WATER)","","0","0","0","0","","","","","","","0","No","0000-00-00 00:00:00","0000-00-00 00:00:00"
"1294","OIL LEVEL GAUGE","","0","NOS","0","0","","0","125MM","","0","0","0","0","","","","","","","0","No","0000-00-00 00:00:00","0000-00-00 00:00:00"
"1295","SUCTION FILTER","","0","NOS","0","0","","0","2""","","0","0","0","0","","","","","","","0","No","0000-00-00 00:00:00","0000-00-00 00:00:00"
"1296","SUCTION FILTER","","0","NOS","0","0","","0","1""","","0","0","0","0","","","","","","","0","No","0000-00-00 00:00:00","0000-00-00 00:00:00"
"1297","INLINE OIL FILTER ","","0","NOS","0","0","","0","1?""","","0","0","0","0","","","","","","","0","No","0000-00-00 00:00:00","0000-00-00 00:00:00"
"1298","AIR BREATHER ","","0","NOS","0","0","","0","DIA 50","","0","0","0","0","","","","","","","0","No","0000-00-00 00:00:00","0000-00-00 00:00:00"
"1299","M S SOCKET HEAVY (FEMALE)","","0","NOS","0","0","","0","1/2""","","0","0","0","0","","","","","","","0","No","0000-00-00 00:00:00","0000-00-00 00:00:00"
"1300","PRESSURE GAUGE COUPLING (M S C NIPPLE)","","0","NOS","0","0","","0","1/4"" X 8MM","","0","0","0","0","","","","","","","0","No","0000-00-00 00:00:00","0000-00-00 00:00:00"
"1301","M S C ","","0","NOS","0","0","","0","1"" X 25 MM","","0","0","0","0","","","","","","","0","No","0000-00-00 00:00:00","0000-00-00 00:00:00"
"1302","M S C ","","0","NOS","0","0","","0","1/4""X8MM","","0","0","0","0","","","","","","","0","No","0000-00-00 00:00:00","0000-00-00 00:00:00"
"1303","M S C ","","0","NOS","0","0","","0","1/2"" X 10 MM","","0","0","0","0","","","","","","","0","No","0000-00-00 00:00:00","0000-00-00 00:00:00"
"1304","M S C ","","0","NOS","0","0","","0","1/2"" X 12 MM","","0","0","0","0","","","","","","","0","No","0000-00-00 00:00:00","0000-00-00 00:00:00"
"1305","M S C ","","0","NOS","0","0","","0","3/8"" X  12 MM","","0","0","0","0","","","","","","","0","No","0000-00-00 00:00:00","0000-00-00 00:00:00"
"1306","M S C ","","0","NOS","0","0","","0","1?"" X 25 MM","","0","0","0","0","","","","","","","0","No","0000-00-00 00:00:00","0000-00-00 00:00:00"
"1307","DOWTY SEAL ","","0","NOS","0","0","","0","1/2""","","0","0","0","0","","","","","","","0","No","0000-00-00 00:00:00","0000-00-00 00:00:00"
"1308","DOWTY SEAL ","","0","NOS","0","0","","0","1?""","","0","0","0","0","","","","","","","0","No","0000-00-00 00:00:00","0000-00-00 00:00:00"
"1309","DOWTY SEAL ","","0","NOS","0","0","","0","2""","","0","0","0","0","","","","","","","0","No","0000-00-00 00:00:00","0000-00-00 00:00:00"
"1310","DOWTY SEAL ","","0","NOS","0","0","","0","3/8""","","0","0","0","0","","","","","","","0","No","0000-00-00 00:00:00","0000-00-00 00:00:00"
"1311","DOWTY SEAL ","","0","NOS","0","0","","0","1/4""","","0","0","0","0","","","","","","","0","No","0000-00-00 00:00:00","0000-00-00 00:00:00"
"1312","ADAPTOR HEX NIPPLE BSP (M)","","0","NOS","0","0","","0","1?"" X 1?"" ","","0","0","0","0","","","","","","","0","No","0000-00-00 00:00:00","0000-00-00 00:00:00"
"1313","ADAPTOR HEX NIPPLE BSP (M)","","0","NOS","0","0","","0","1/2""X1/2""","","0","0","0","0","","","","","","","0","No","0000-00-00 00:00:00","0000-00-00 00:00:00"
"1314","ADAPTOR HEX NIPPLE BSP (M)","","0","NOS","0","0","","0","1""X1""","","0","0","0","0","","","","","","","0","No","0000-00-00 00:00:00","0000-00-00 00:00:00"
"1315","ADAPTOR HEX NIPPLE BSP (M)","","0","NOS","0","0","","0","3/8"" X 1/2""","","0","0","0","0","","","","","","","0","No","0000-00-00 00:00:00","0000-00-00 00:00:00"
"1316","ADAPTOR HEX NIPPLE BSP (M)","","0","NOS","0","0","","0","1/2""X1""","","0","0","0","0","","","","","","","0","No","0000-00-00 00:00:00","0000-00-00 00:00:00"
"1317","ADAPTOR HEX NIPPLE BSP (M)","","0","NOS","0","0","","0","1?"" X 1?""","","0","0","0","0","","","","","","","0","No","0000-00-00 00:00:00","0000-00-00 00:00:00"
"1318","ADAPTOR HEX NIPPLE BSP (M)","","0","NOS","0","0","","0","2"" X 1?""","","0","0","0","0","","","","","","","0","No","0000-00-00 00:00:00","0000-00-00 00:00:00"
"1319","ADAPTOR HEX NIPPLE BSP (M)","","0","NOS","0","0","","0","2"" X 1""","","0","0","0","0","","","","","","","0","No","0000-00-00 00:00:00","0000-00-00 00:00:00"
"1320","AIR OIL COOLER  (Heat Exchanger)","","0","NOS","0","0","","0","AM.X6","","0","0","0","0","","","","","","","0","No","0000-00-00 00:00:00","0000-00-00 00:00:00"
"1321","MAINE FOLD BLOCK M S ","","0","NOS","0","0","","0","01-70X70X85","","0","0","0","0","","","","","","","0","No","0000-00-00 00:00:00","0000-00-00 00:00:00"
"1322","ACCUMULATOR BLADER TYPE 20 LTR.","","0","NOS","0","0","","0","","","0","0","0","0","","","","","","","0","No","0000-00-00 00:00:00","0000-00-00 00:00:00"
"1323","Screw with Nut","","0","NOS","0","0","","0","5x25","","0","0","0","0","","","","","","","0","No","0000-00-00 00:00:00","0000-00-00 00:00:00"
"1324","Screw with Nut","","0","NOS","0","0","","0","4x25","","0","0","0","0","","","","","","","0","No","0000-00-00 00:00:00","0000-00-00 00:00:00"
"1325","Allen Bolt","","0","NOS","0","0","","0","5x90","","0","0","0","0","","","","","","","0","No","0000-00-00 00:00:00","0000-00-00 00:00:00"
"1326","Lock with Key","","0","NOS","0","0","","0","","","0","0","0","0","","","","","","","0","No","0000-00-00 00:00:00","0000-00-00 00:00:00"
"1327","TEFLON TAPE ","","0","NOS","0","0","","0","1/2""","","0","0","0","0","","","","","","","0","No","0000-00-00 00:00:00","0000-00-00 00:00:00"
"1328","ELECTRIC MOTOR FOOT CUM FLANGE MOUNTED","","0","NOS","0","0","","0","5 HP / 1440 RPM","","0","0","0","0","","","","","","","0","No","0000-00-00 00:00:00","0000-00-00 00:00:00"
"1329","ELECTRIC MOTOR FOOT CUM FLANGE MOUNTED","","0","NOS","0","0","","0","2 HP / 1440 RPM","","0","0","0","0","","","","","","","0","No","0000-00-00 00:00:00","0000-00-00 00:00:00"
"1330","Plug","","0","NOS","0","0","","0","3/8""","","0","0","0","0","","","","","","","0","No","0000-00-00 00:00:00","0000-00-00 00:00:00"
"1331","Plug","","0","NOS","0","0","","0","1/2""","","0","0","0","0","","","","","","","0","No","0000-00-00 00:00:00","0000-00-00 00:00:00"
"1332","Plug","","0","NOS","0","0","","0","1""","","0","0","0","0","","","","","","","0","No","0000-00-00 00:00:00","0000-00-00 00:00:00"
"1333","Hose Nipple ","","0","NOS","0","0","","0","2.5""x2.5""","","0","0","0","0","","","","","","","0","No","0000-00-00 00:00:00","0000-00-00 00:00:00"
"1334","Hose clamp ","","0","nos","0","0","","0","3""","","0","0","0","0","","","","","","","0","No","0000-00-00 00:00:00","0000-00-00 00:00:00"
"1335","Hose clamp ","","0","nos","0","0","","0","1?""","","0","0","0","0","","","","","","","0","No","0000-00-00 00:00:00","0000-00-00 00:00:00"
"1336","Hose clamp ","","0","nos","0","0","","0","3/8""","","0","0","0","0","","","","","","","0","No","0000-00-00 00:00:00","0000-00-00 00:00:00"
"1337","Door handle","","0","NOS","0","0","","0","","","0","0","0","0","","","","","","","0","No","0000-00-00 00:00:00","0000-00-00 00:00:00"
"1338","MS TUBE OD 25mm THIK 3mm","","0","mtr","0","0","","0","","","0","0","0","0","","","","","","","0","No","0000-00-00 00:00:00","0000-00-00 00:00:00"
"1339","MS TUBE OD 12mm THIK 2.5mm","","0","mtr","0","0","","0","","","0","0","0","0","","","","","","","0","No","0000-00-00 00:00:00","0000-00-00 00:00:00"
"1340","MS TUBE OD 08mm THIK 2mm","","0","mtr","0","0","","0","","","0","0","0","0","","","","","","","0","No","0000-00-00 00:00:00","0000-00-00 00:00:00"
"1341","power pack panel","","0","NOS","0","0","","0","","","0","0","0","0","","","","","","","0","No","0000-00-00 00:00:00","0000-00-00 00:00:00"
"1342","Hose pipe","","0","MTR.","0","0","","0","2.5"" (R-1)","","0","0","0","0","","","","","","","0","No","0000-00-00 00:00:00","0000-00-00 00:00:00"
"1344","Hose pipe 500 psi","","0","mm","0","0","","0","1""  (R-1)","","0","0","0","0","","","","","","","0","No","0000-00-00 00:00:00","0000-00-00 00:00:00"
"1346","Hose pipe 4000 psi ","","0","MTR.","0","0","","0","1""  (R-2)","","0","0","0","0","","","","","","","0","No","0000-00-00 00:00:00","0000-00-00 00:00:00"
"1347","Hose pipe 500 PSI","","0","mm","0","0","","0","1/2"" (R-1)","","0","0","0","0","","","","","","","0","No","0000-00-00 00:00:00","0000-00-00 00:00:00"
"1351","Hose pipe 4000 psi","","0","MTR.","0","0","","0","1/2"" (R-2)","","0","0","0","0","","","","","","","0","No","0000-00-00 00:00:00","0000-00-00 00:00:00"
"1353","Hose pipe 500 psi","","0","mm","0","0","","0","1.5"" (R-1)","","0","0","0","0","","","","","","","0","No","0000-00-00 00:00:00","0000-00-00 00:00:00"
"1354","name","","0","unit","0","0","classificat","0","model","grade","0","0","0","0","placement","","diameter","created_at","updated_at","","0","No","0000-00-00 00:00:00","0000-00-00 00:00:00"
"1355","Top Shell KCC900","","0","NOS","0","0","","0","","","0","0","0","0","","","","","","","0","No","0000-00-00 00:00:00","0000-00-00 00:00:00"
"1356","Bottom Shell  KCC900","","0","NOS","0","0","","0","","","0","0","0","0","","","","","","","0","No","0000-00-00 00:00:00","0000-00-00 00:00:00"
"1357","Arm Liner (Top + Bottom)  KCC900","","0","NOS","0","0","","0","","","0","0","0","0","","","","","","","0","No","0000-00-00 00:00:00","0000-00-00 00:00:00"
"1358","Eccentric  KCC900","","0","NOS","0","0","","0","","","0","0","0","0","","","","","","","0","No","0000-00-00 00:00:00","0000-00-00 00:00:00"
"1359","Top Counter Weight  KCC900","","0","NOS","0","0","","0","","","0","0","0","0","","","","","","","0","No","0000-00-00 00:00:00","0000-00-00 00:00:00"
"1360","Head Center  KCC900","","0","NOS","0","0","","0","","","0","0","0","0","","","","","","","0","No","0000-00-00 00:00:00","0000-00-00 00:00:00"
"1361","Cone Cave  KCC900","","0","NOS","0","0","","0","","","0","0","0","0","","","","","","","0","No","0000-00-00 00:00:00","0000-00-00 00:00:00"
"1362","Mantle  KCC900","","0","NOS","0","0","","0","","","0","0","0","0","","","","","","","0","No","0000-00-00 00:00:00","0000-00-00 00:00:00"
"1363","Inner Bush  KCC900","","0","NOS","0","0","","0","","","0","0","0","0","","","","","","","0","No","0000-00-00 00:00:00","0000-00-00 00:00:00"
"1364","Outer Bush KCC900","","0","NOS","0","0","","0","","","0","0","0","0","","","","","","","0","No","0000-00-00 00:00:00","0000-00-00 00:00:00"
"1365","BUSH LOCKING Thrust Bearing KCC900","","0","NOS","0","0","","0","","","0","0","0","0","","","","","","","0","No","0000-00-00 00:00:00","0000-00-00 00:00:00"
"1366","Thrust Bearing KCC900","","0","NOS","0","0","","0","","","0","0","0","0","","","","","","","0","No","0000-00-00 00:00:00","0000-00-00 00:00:00"
"1367","Piston Step Bearing KCC900","","0","NOS","0","0","","0","","","0","0","0","0","","","","","","","0","No","0000-00-00 00:00:00","0000-00-00 00:00:00"
"1368","Shaft Step Bearing KCC900","","0","NOS","0","0","","0","","","0","0","0","0","","","","","","","0","No","0000-00-00 00:00:00","0000-00-00 00:00:00"
"1369","Crown KCC900","","0","NOS","0","0","","0","","","0","0","0","0","","","","","","","0","No","0000-00-00 00:00:00","0000-00-00 00:00:00"
"1370","Dust Retainer Plate KCC900","","0","NOS","0","0","","0","","","0","0","0","0","","","","","","","0","No","0000-00-00 00:00:00","0000-00-00 00:00:00"
"1371","Dust Seal Bonnet KCC900","","0","NOS","0","0","","0","","","0","0","0","0","","","","","","","0","No","0000-00-00 00:00:00","0000-00-00 00:00:00"
"1372","Head Nut  KCC900","","0","NOS","0","0","","0","","","0","0","0","0","","","","","","","0","No","0000-00-00 00:00:00","0000-00-00 00:00:00"
"1373","Cone Pulley KCC900","","0","NOS","0","0","","0","","","0","0","0","0","","","","","","","0","No","0000-00-00 00:00:00","0000-00-00 00:00:00"
"1374","Motor Pulley KCC900","","0","NOS","0","0","","0","","","0","0","0","0","","","","","","","0","No","0000-00-00 00:00:00","0000-00-00 00:00:00"
"1375","Pinion Housing KCC900","","0","NOS","0","0","","0","","","0","0","0","0","","","","","","","0","No","0000-00-00 00:00:00","0000-00-00 00:00:00"
"1376","Piston KCC900","","0","NOS","0","0","","0","","","0","0","0","0","","","","","","","0","No","0000-00-00 00:00:00","0000-00-00 00:00:00"
"1377","Piston Housing KCC900","","0","NOS","0","0","","0","","","0","0","0","0","","","","","","","0","No","0000-00-00 00:00:00","0000-00-00 00:00:00"
"1378","Bearing Cover KCC900","","0","NOS","0","0","","0","","","0","0","0","0","","","","","","","0","No","0000-00-00 00:00:00","0000-00-00 00:00:00"
"1379","Piston Plate KCC900","","0","NOS","0","0","","0","","","0","0","0","0","","","","","","","0","No","0000-00-00 00:00:00","0000-00-00 00:00:00"
"1380","Bottom Plate KCC900","","0","NOS","0","0","","0","","","0","0","0","0","","","","","","","0","No","0000-00-00 00:00:00","0000-00-00 00:00:00"
"1381","Tapper Sleeve (Bush) KCC900","","0","NOS","0","0","","0","","","0","0","0","0","","","","","","","0","No","0000-00-00 00:00:00","0000-00-00 00:00:00"
"1382","SPIDER BUSH KCC900","","0","NOS","0","0","","0","","","0","0","0","0","","","","","","","0","No","0000-00-00 00:00:00","0000-00-00 00:00:00"
"1383","pinion collar","","0","NOS","0","0","","0","","","0","0","0","0","","","","","","","0","No","0000-00-00 00:00:00","0000-00-00 00:00:00"
"1384","Main Shaft Round bar en24 forged","","0","NOS","0","0","","0","","","0","0","0","0","","","","","","","0","No","0000-00-00 00:00:00","0000-00-00 00:00:00"
"1385","Pinion Shaft KCC 1000","","0","NOS","0","0","","0","","","0","0","0","0","","","","","","","0","No","0000-00-00 00:00:00","0000-00-00 00:00:00"
"1386","Step Washer EN8 (OD 317xthk. 45)","","0","NOS","0","0","","0","","","0","0","0","0","","","","","","","0","No","0000-00-00 00:00:00","0000-00-00 00:00:00"
"1387","Piston Sleeve Pipe- (OD455 x ID375 x L300)","","0","NOS","0","0","","0","","","0","0","0","0","","","","","","","0","No","0000-00-00 00:00:00","0000-00-00 00:00:00"
"1388","Shaft Sleeve Pipe- (OD270 x ID210 x L410)","","0","NOS","0","0","","0","","","0","0","0","0","","","","","","","0","No","0000-00-00 00:00:00","0000-00-00 00:00:00"
"1389","Dust Seal","","0","NOS","0","0","","0","","","0","0","0","0","","","","","","","0","No","0000-00-00 00:00:00","0000-00-00 00:00:00"
"1390","Piston Seal","","0","NOS","0","0","","0","","","0","0","0","0","","","","","","","0","No","0000-00-00 00:00:00","0000-00-00 00:00:00"
"1391","Cy. Roller Bearing 22219","","0","NOS","0","0","","0","","","0","0","0","0","","","","","","","0","No","0000-00-00 00:00:00","0000-00-00 00:00:00"
"1392","Tapper Roller Bearing 22328","","0","NOS","0","0","","0","","","0","0","0","0","","","","","","","0","No","0000-00-00 00:00:00","0000-00-00 00:00:00"
"1393","Concave T-Bolt 24 x 320 Complete Set","","0","NOS","0","0","","0","","","0","0","0","0","","","","","","","0","No","0000-00-00 00:00:00","0000-00-00 00:00:00"
"1394","Hex Head Bolt 42x 220 Complete Set","","0","NOS","0","0","","0","","","0","0","0","0","","","","","","","0","No","0000-00-00 00:00:00","0000-00-00 00:00:00"
"1395","Hex Head Bolt 42 x 120","","0","NOS","0","0","","0","","","0","0","0","0","","","","","","","0","No","0000-00-00 00:00:00","0000-00-00 00:00:00"
"1396","Hex Head Bolt 20 x 100","","0","NOS","0","0","","0","","","0","0","0","0","","","","","","","0","No","0000-00-00 00:00:00","0000-00-00 00:00:00"
"1397","Hex Bolt 16 x 65 ","","0","NOS","0","0","","0","","","0","0","0","0","","","","","","","0","No","0000-00-00 00:00:00","0000-00-00 00:00:00"
"1398","Allen shocket head Bolt 10 x 40","","0","NOS","0","0","","0","","","0","0","0","0","","","","","","","0","No","0000-00-00 00:00:00","0000-00-00 00:00:00"
"1399","Allen shocket head Bolt 12 x 50","","0","NOS","0","0","","0","","","0","0","0","0","","","","","","","0","No","0000-00-00 00:00:00","0000-00-00 00:00:00"
"1400","Allen shocket head Bolt 12 x 40 ","","0","NOS","0","0","","0","","","0","0","0","0","","","","","","","0","No","0000-00-00 00:00:00","0000-00-00 00:00:00"
"1401","Allen shocket head  Bolt 10 x 30 ","","0","NOS","0","0","","0","","","0","0","0","0","","","","","","","0","No","0000-00-00 00:00:00","0000-00-00 00:00:00"
"1402","Hex Bolt 20 x 50 ","","0","NOS","0","0","","0","","","0","0","0","0","","","","","","","0","No","0000-00-00 00:00:00","0000-00-00 00:00:00"
"1403","Grease seal","","0","NOS","0","0","","0","","","0","0","0","0","","","","","","","0","No","0000-00-00 00:00:00","0000-00-00 00:00:00"
"1404","KM 18 + MB18","","0","NOS","0","0","","0","","","0","0","0","0","","","","","","","0","No","0000-00-00 00:00:00","0000-00-00 00:00:00"
"1405","key 22 x 16 x L 320","","0","NOS","0","0","","0","","","0","0","0","0","","","","","","","0","No","0000-00-00 00:00:00","0000-00-00 00:00:00"
"1406","key 50 x 28 x L 80","","0","NOS","0","0","","0","","","0","0","0","0","","","","","","","0","No","0000-00-00 00:00:00","0000-00-00 00:00:00"
"1407","O ring 5mm","","0","mtr","0","0","","0","","","0","0","0","0","","","","","","","0","No","0000-00-00 00:00:00","0000-00-00 00:00:00"
"1408","O ring 3mm","","0","mtr","0","0","","0","","","0","0","0","0","","","","","","","0","No","0000-00-00 00:00:00","0000-00-00 00:00:00"
"1409","rock tite 596","","0","NOS","0","0","","0","","","0","0","0","0","","","","","","","0","No","0000-00-00 00:00:00","0000-00-00 00:00:00"
"1410","rock tite 638","","0","NOS","0","0","","0","","","0","0","0","0","","","","","","","0","No","0000-00-00 00:00:00","0000-00-00 00:00:00"
"1411","favikvik","","0","NOS","0","0","","0","","","0","0","0","0","","","","","","","0","No","0000-00-00 00:00:00","0000-00-00 00:00:00"
"1412","blue matching tube","","0","g","0","0","","0","","","0","0","0","0","","","","","","","0","No","0000-00-00 00:00:00","0000-00-00 00:00:00"
"1413","Grease nipple 1/2""","","0","NOS","0","0","","0","","","0","0","0","0","","","","","","","0","No","0000-00-00 00:00:00","0000-00-00 00:00:00"
"1414","Round Bar EN-8","Raw Material","1","Nos","","0","","15","OD:32mm","A (150kg)","0","0","0","0","","FINISH","Hacksaw Machine Ke Pass","","","","0","No","2026-03-26 14:48:06","2026-03-26 14:48:06"
"1415","Round Bar EN-8","Raw Material","1","Nos","","0","","6","OD:40mm","A (150kg)","0","0","0","0","","FINISH","Hacksaw Machine Ke Pass","","","","0","No","2026-03-26 14:49:30","2026-03-26 14:49:30"
"1416","Round Bar EN-8","Raw Material","1","Nos","","0","","6","45mm","A (150kg)","0","0","0","0","","FINISH","Hacksaw Machine Ke Pass","","","","0","No","2026-03-26 14:50:05","2026-03-26 14:50:05"
"1417","Round Bar EN-8","Raw Material","1","Nos","","0","","4","OD:50mm","A (150kg)","0","0","0","0","","FINISH","Hacksaw Machine Ke Pass","","","","0","No","2026-03-26 14:50:40","2026-03-26 14:50:40"
"1418","Round Bar EN-8","Raw Material","1","Nos","","0","","3","OD:56mm","A (150kg)","0","0","0","0","","FINISH","Hacksaw Machine Ke Pass","","","","0","No","2026-03-26 14:52:12","2026-03-26 14:52:12"
"1419","Round Bar EN-8","Raw Material","1","Nos","","0","","3","OD:63mm","A (150kg)","0","0","0","0","","FINISH","Hacksaw Machine Ke Pass","","","","0","No","2026-03-26 14:52:49","2026-03-26 14:52:49"
"1420","Round Bar EN-8","Raw Material","1","Nos","","0","","2","OD:70mm","A (150kg)","0","0","0","0","","FINISH","Hacksaw Machine Ke Pass","","","","0","No","2026-03-26 14:53:22","2026-03-26 14:53:22"
"1421","Mig Roll FC","Raw Material","1","Nos","","0","","40","1.2mm","A (150kg)","0","0","0","0","","FINISH","Store MHEL","","","","0","No","2026-03-26 14:57:35","2026-03-26 14:57:35"
"1422","Mig Roll","Raw Material","1","Nos","","0","","5","0.8mm","B (50-150kg)","0","0","0","0","","FINISH","Store MHEL","","","","0","No","2026-03-26 14:58:28","2026-03-26 14:58:28"
"1423","Hydraulic Cylinder","Raw Material","1","Nos","","0","","4","OD:220","A (150kg)","0","0","0","0","","FINISH","Store MHEL","","","","0","No","2026-03-26 14:59:18","2026-03-26 14:59:18"
"1424","Plate","Raw Material","1","Nos","","0","","32","5mm 1500x6300","A (150kg)","0","0","0","0","","FINISH","2 Unit CNC M/C Ke Pass","","","","0","No","2026-03-26 14:59:59","2026-03-26 14:59:59"
"1425","Pipe","Raw Material","1","Nos","","0","","2","200x100","A (150kg)","0","0","0","0","","FINISH","2 Unit CNC M/C Ke Pass","","","","0","No","2026-03-26 15:01:46","2026-03-26 15:01:46"
"1426","Pipe","Raw Material","1","Nos","","0","","10","100x100","A (150kg)","0","0","0","0","","FINISH","2 Unit CNC M/C Ke Pass","","","","0","No","2026-03-26 15:02:20","2026-03-26 15:02:20"
"1427","I Beam","Raw Material","1","Nos","","0","","2","200x100","A (150kg)","0","0","0","0","","FINISH","2 Unit CNC M/C Ke Pass","","","","0","No","2026-03-26 15:02:58","2026-03-26 15:02:58"
"1428","Angle 100x100","Raw Material","1","Nos","","0","","4","100x100","A (150kg)","0","0","0","0","","FINISH","2 Unit CNC M/C Ke Pass","","","","0","No","2026-03-26 15:03:37","2026-03-26 15:03:37"
"1429","I Beam","Raw Material","1","Nos","","0","","2","250x125","A (150kg)","0","0","0","0","","FINISH","2 Unit CNC M/C Ke Pass","","","","0","No","2026-03-26 15:04:08","2026-03-26 15:04:08"
"1430","Oil Pump","Raw Material","1","Nos","","0","","5","1 Hp","B (50-150kg)","0","0","0","0","","FINISH","Store MHEL","","","","0","No","2026-03-30 11:03:52","2026-03-30 11:03:52"
"1431","Oil Seal","Raw Material","1","Nos","","0","","6","240x270x15","C (Less Then 50kg)","0","0","0","0","","FINISH","Store MHEL","","","","0","No","2026-03-30 11:04:42","2026-03-30 11:04:42"
"1432","Oil Seal 170x200x13","Raw Material","1","Nos","","0","","15","170x200x13","C (Less Then 50kg)","0","0","0","0","","FINISH","Store MHEL","","","","0","No","2026-03-30 11:05:21","2026-03-30 11:05:21"
"1433","Ply","Raw Material","1","Nos","","0","","5","6mm 8x4","B (50-150kg)","0","0","0","0","","FINISH","Patton Shop Dept.","","","","0","No","2026-03-30 11:07:54","2026-03-30 11:07:54"
"1434","Oxygen Gas","Raw Material","1","Nos","","0","","15","O2","A (150kg)","0","0","0","0","","FINISH","2 Unit Gas Godam Me","","","","0","No","2026-03-31 13:40:25","2026-03-31 13:40:25"
"1435","Bearing","Raw Material","1","Nos","","0","","1","22326 C3","B (50-150kg)","0","0","0","0","","FINISH","Store MHEL","","","","0","No","2026-03-31 13:40:58","2026-03-31 13:40:58"
"1436","Round Bar","Raw Material","1","Nos","","0","","2","50mm","A (150kg)","0","0","0","0","","FINISH","Hacksaw Machine Ke Pass","","","","0","No","2026-03-31 13:41:46","2026-03-31 13:41:46"
"1437","Bearing","Raw Material","1","Nos","","0","","5","6019","B (50-150kg)","0","0","0","0","","FINISH","Store MHEL","","","","0","No","2026-03-31 13:43:59","2026-03-31 13:43:59"
"1438","Bearing","Raw Material","1","Nos","","0","","3","NJ-2308","B (50-150kg)","0","0","0","0","","FINISH","Store MHEL","","","","0","No","2026-03-31 13:44:26","2026-03-31 13:44:26"
"1439","Bearing","Raw Material","1","Nos","","0","","5","6208","B (50-150kg)","0","0","0","0","","FINISH","Store MHEL","","","","0","No","2026-03-31 13:44:54","2026-03-31 13:44:54"
"1440","Bearing","Raw Material","1","Nos","","0","","2","6022","B (50-150kg)","0","0","0","0","","FINISH","Store MHEL","","","","0","No","2026-03-31 13:45:28","2026-03-31 13:45:28"
"1441","V Belt","Raw Material","1","Nos","","0","","5","C-144","C (Less Then 50kg)","0","0","0","0","","FINISH","Store MHEL","","","","0","No","2026-04-01 11:48:58","2026-04-01 11:48:58"
"1442","Piston Seal","Others","5","Nos","","0","","3","VPA01A HPU+POM 335X367X40 SSM","","0","0","0","0","","FINISH","Store MHEL","","","","0","No","2026-04-01 12:01:56","2026-04-01 12:01:56"
"1443","Flat","Raw Material","1","Nos","","0","","10","30x12","A (150kg)","0","0","0","0","","FINISH","2 Unit CNC M/C Ke Pass","","","","0","No","2026-04-02 13:37:59","2026-04-02 13:37:59"
"1444","Bright Bar","Raw Material","1","Nos","","0","","1","40mm","C (Less Then 50kg)","0","0","0","0","","FINISH","2 Unit CNC M/C Ke Pass","","","","0","No","2026-04-02 13:39:59","2026-04-02 13:39:59"
"1445","Profile Gas Cutting Nozzle","Raw Material","1","Nos","","0","","10","1/16","C (Less Then 50kg)","0","0","0","0","","FINISH","Store MHEL","","","","0","No","2026-04-02 13:40:48","2026-04-02 13:40:48"
"1446","Profile Gas Cutting Nozzle","Raw Material","1","Nos","","0","","5","3/64","C (Less Then 50kg)","0","0","0","0","","FINISH","Store MHEL","","","","0","No","2026-04-02 13:41:19","2026-04-02 13:41:19"
"1447","Pulley","Raw Material","1","Nos","","0","","2","9'' D4","C (Less Then 50kg)","0","0","0","0","","FINISH","Store MHEL","","","","0","No","2026-04-02 13:42:07","2026-04-02 13:42:07"
"1448","V Belt","Raw Material","1","Nos","","0","","8","SPC-3800","C (Less Then 50kg)","0","0","0","0","","FINISH","Store MHEL","","","","0","No","2026-04-02 13:42:40","2026-04-02 13:42:40"
"1449","V Belt","Raw Material","1","Nos","","0","","4","D-250","C (Less Then 50kg)","0","0","0","0","","FINISH","Store MHEL","","","","0","No","2026-04-02 13:43:11","2026-04-02 13:43:11"
"1450","V Belt","Raw Material","1","Nos","","0","","2","D-260","C (Less Then 50kg)","0","0","0","0","","FINISH","Store MHEL","","","","0","No","2026-04-02 13:43:38","2026-04-02 13:43:38"
"1451","Bearing ARB","Raw Material","1","Nos","","0","","2","22326 C3","C (Less Then 50kg)","0","0","0","0","","FINISH","Store MHEL","","","","0","No","2026-04-02 13:44:29","2026-04-02 13:44:29"
"1452","Alu. Cable","Raw Material","1","Meter","","0","","120","50 Sqmm X 3.5 Core","A (150kg)","0","0","0","0","","FINISH","Store MHEL","","","","0","No","2026-04-02 13:45:12","2026-04-02 13:45:12"
"1453","Wire","Raw Material","1","Set","","0","","120","4 Sqmm X 4 Core","C (Less Then 50kg)","0","0","0","0","","FINISH","Store MHEL","","","","0","No","2026-04-02 13:45:45","2026-04-02 13:45:45"
"1454","Lugs Ring Type","Raw Material","1","Nos","","0","","16","4-6mm","C (Less Then 50kg)","0","0","0","0","","FINISH","Store MHEL","","","","0","No","2026-04-02 13:46:26","2026-04-02 13:46:26"
"1455","ALS Lug","Raw Material","1","Nos","","0","","16","50mm","C (Less Then 50kg)","0","0","0","0","","FINISH","Store MHEL","","","","0","No","2026-04-02 13:46:57","2026-04-02 13:46:57"
"1456","Jaw Plate Teeth","Spare Parts","4","Nos","","0","","5","48x15","A (150kg)","0","0","0","0","","FINISH","Short Blasting Machine Ke Pass","","","","0","No","2026-04-02 13:49:14","2026-04-02 13:49:14"
"1457","Motor","Raw Material","1","Nos","","0","","2","2 Hp","B (50-150kg)","0","0","0","0","","FINISH","Store MHEL","","","","0","No","2026-04-02 15:12:12","2026-04-02 15:12:12"
"1458","Plate Type Pulley","Raw Material","1","Nos","","0","","3","14'' C2","B (50-150kg)","0","0","0","0","","FINISH","Store MHEL","","","","0","No","2026-04-02 15:13:04","2026-04-02 15:13:04"
"1459","CNMX","Raw Material","1","Nos","","0","","40","5507088","C (Less Then 50kg)","0","0","0","0","","FINISH","Store MHEL","","","","0","No","2026-04-02 15:13:56","2026-04-02 15:13:56"
"1460","CNMG 120408","Raw Material","1","Nos","","0","","40","120408","C (Less Then 50kg)","0","0","0","0","","FINISH","Store MHEL","","","","0","No","2026-04-02 15:14:29","2026-04-02 15:14:29"
"1461","Sim (Guide)","Raw Material","1","Nos","","0","","4","CNMX","C (Less Then 50kg)","0","0","0","0","","FINISH","Store MHEL","","","","0","No","2026-04-02 15:15:04","2026-04-02 15:15:04"
"1462","Sim (Guide)","Raw Material","1","Nos","","0","","10","CNMG","C (Less Then 50kg)","0","0","0","0","","FINISH","Store MHEL","","","","0","No","2026-04-02 15:15:40","2026-04-02 15:15:40"
"1463","Accumalator 10 Ltr","Raw Material","1","Nos","","0","","2","10 Ltr","B (50-150kg)","0","0","0","0","","FINISH","Store MHEL","","","","0","No","2026-04-03 12:00:25","2026-04-03 12:00:25"
"1464","Wire Mesh","Raw Material","1","Nos","","0","","4","45mm Hole X 10mm Wire","B (50-150kg)","0","0","0","0","","FINISH","Vibration Dept. Me","","","","0","No","2026-04-03 12:01:31","2026-04-03 12:01:31"
"1465","Wire Mesh","Raw Material","1","Nos","","0","","4","25mm Hole X 8mm Wire","B (50-150kg)","0","0","0","0","","FINISH","Vibration Dept. Me","","","","0","No","2026-04-03 12:02:12","2026-04-03 12:02:12"
"1466","Wire Mesh","Raw Material","1","Nos","","0","","4","14mm Hole X 6mm Wire","B (50-150kg)","0","0","0","0","","FINISH","Vibration Dept. Me","","","","0","No","2026-04-03 12:02:55","2026-04-03 12:02:55"
"1467","Motors 75 Hp","Raw Material","1","Nos","","0","","2","75 Hp","A (150kg)","0","0","0","0","","FINISH","Vibro Motor Dept.","","","","0","No","2026-04-03 16:41:12","2026-04-03 16:41:12"
"1468","Oil","Raw Material","1","Meter","","0","","210","68 No","A (150kg)","0","0","0","0","","FINISH","Short Blasting Machine Ke Pass","","","","0","No","2026-04-03 16:41:48","2026-04-03 16:41:48"
"1469","Gas Cutting Nozzle","Raw Material","1","Nos","","0","","2","5/64","C (Less Then 50kg)","0","0","0","0","","FINISH","Store MHEL","","","","0","No","2026-04-04 14:24:59","2026-04-04 14:24:59"
"1470","Profile Gas Cutting Nozzle","Raw Material","1","Nos","","0","","5","5/64","C (Less Then 50kg)","0","0","0","0","","FINISH","Store MHEL","","","","0","No","2026-04-04 14:28:47","2026-04-04 14:28:47"
"1471","Angle 40x40","Raw Material","1","Nos","","0","","10","40x40","A (150kg)","0","0","0","0","","FINISH","2 Unit CNC M/C Ke Pass","","","","0","No","2026-04-04 14:30:02","2026-04-04 14:30:02"
"1472","Sq. Round Pipe 2''x2''","Raw Material","1","Nos","","0","","12","2''x2''","A (150kg)","0","0","0","0","","FINISH","2 Unit CNC M/C Ke Pass","","","","0","No","2026-04-04 14:30:38","2026-04-04 14:30:38"
"1473","Planetory Gear Box","Raw Material","1","Nos","","0","","1","SU-205(35) Rattio-41.5","A (150kg)","0","0","0","0","","FINISH","Store MHEL","","","","0","No","2026-04-04 14:31:56","2026-04-04 14:31:56"
"1474","Round Bar EN-8","Raw Material","1","Nos","","0","","1","120x1730","A (150kg)","0","0","0","0","","FINISH","Hacksaw Machine Ke Pass","","","","0","No","2026-04-04 14:35:01","2026-04-04 14:35:01"
"1475","Round Bar EN-8","Raw Material","1","Nos","","0","","1","140x1800","A (150kg)","0","0","0","0","","FINISH","Hacksaw Machine Ke Pass","","","","0","No","2026-04-04 14:35:35","2026-04-04 14:35:35"
"1476","Oil Seal","Raw Material","1","Nos","","0","","20","58x70x10","C (Less Then 50kg)","0","0","0","0","","FINISH","Store MHEL","","","","0","No","2026-04-04 14:36:10","2026-04-04 14:36:10"
"1477","Adaptor","Raw Material","1","Nos","","0","","4","1''x1.5''","C (Less Then 50kg)","0","0","0","0","","FINISH","Store MHEL","","","","0","No","2026-04-04 14:36:59","2026-04-04 14:36:59"
"1478","Adaptor","Raw Material","1","Nos","","0","","10","3/4''x1/2''","C (Less Then 50kg)","0","0","0","0","","FINISH","Store MHEL","","","","0","No","2026-04-04 14:37:43","2026-04-04 14:37:43"
"1479","Adaptor 1''x1''","Raw Material","1","Nos","","0","","4","1''x1''","C (Less Then 50kg)","0","0","0","0","","FINISH","Store MHEL","","","","0","No","2026-04-04 14:38:22","2026-04-04 14:38:22"
"1480","Hydraulic Tee","Raw Material","1","Nos","","0","","4","1''","C (Less Then 50kg)","0","0","0","0","","FINISH","Store MHEL","","","","0","No","2026-04-04 14:38:59","2026-04-04 14:38:59"
"1481","Hose Pipe","Raw Material","1","Nos","","0","","1","1''x1000mm","B (50-150kg)","0","0","0","0","","FINISH","Store MHEL","","","","0","No","2026-04-04 14:39:47","2026-04-04 14:39:47"
"1482","Loctite","Raw Material","1","Kg","","0","","10","PC 90201","C (Less Then 50kg)","0","0","0","0","","FINISH","Store MHEL","","","","0","No","2026-04-04 14:40:31","2026-04-04 14:40:31"
"1483","Cleaner","Raw Material","1","Ltr","","0","","10","For:Workshop","C (Less Then 50kg)","0","0","0","0","","FINISH","Store MHEL","","","","0","No","2026-04-04 14:41:19","2026-04-04 14:41:19"
"1484","Electrode & Nozzle","Raw Material","1","Set","","0","","50","YK 200 H & 1.8","C (Less Then 50kg)","0","0","0","0","","FINISH","Store MHEL","","","","0","No","2026-04-04 14:42:20","2026-04-04 14:42:20"
"1485","Other","Raw Material","1","Nos","","0","","10","Material","C (Less Then 50kg)","0","0","0","0","","FINISH","Store MHEL","","","","0","No","2026-04-04 18:02:11","2026-04-04 18:02:11"
"1486","HT Allen Bolt","Raw Material","1","Nos","","0","","20","20x150","C (Less Then 50kg)","0","0","0","0","","FINISH","Store MHEL","","","","0","No","2026-04-04 18:02:54","2026-04-04 18:02:54"
"1487","T Bolt","Raw Material","1","Nos","","0","","12","30x320","B (50-150kg)","0","0","0","0","","FINISH","Store MHEL","","","","0","No","2026-04-06 14:28:10","2026-04-06 14:28:10"
"1488","Hammer Pana","Raw Material","1","Nos","","0","","5","55mm","C (Less Then 50kg)","0","0","0","0","","FINISH","Store MHEL","","","","0","No","2026-04-06 14:28:45","2026-04-06 14:28:45"
"1489","Hammer Pana","Raw Material","1","Nos","","0","","5","75mm","C (Less Then 50kg)","0","0","0","0","","FINISH","Store MHEL","","","","0","No","2026-04-06 14:29:09","2026-04-06 14:29:09"
"1490","Bearing","Raw Material","1","Nos","","0","","2000","6204 ZZ","C (Less Then 50kg)","0","0","0","0","","FINISH","Store MHEL","","","","0","No","2026-04-06 14:30:24","2026-04-06 14:30:24"
"1491","HT Bolt","Raw Material","1","Nos","","0","","20","20x150","C (Less Then 50kg)","0","0","0","0","","FINISH","Store MHEL","","","","0","No","2026-04-06 14:36:30","2026-04-06 14:36:30"
"1492","UCP ARB","Raw Material","1","Nos","","0","","3","208","C (Less Then 50kg)","0","0","0","0","","FINISH","Store MHEL","","","","0","No","2026-04-07 12:09:28","2026-04-07 12:09:28"
"1493","Bearing","Raw Material","1","Nos","","0","","4","6008","C (Less Then 50kg)","0","0","0","0","","FINISH","Store MHEL","","","","0","No","2026-04-07 12:12:02","2026-04-07 12:12:02"
"1494","Mig Roll FC","Raw Material","1","Roll","","0","","10","FC 1.2mm","A (150kg)","0","0","0","0","","FINISH","Store MHEL","","","","0","No","2026-04-07 16:26:12","2026-04-07 16:26:12"
"1495","Copper Winding Wire","Raw Material","1","mtr","","0","","20","50 Sqmm X 3.5 Core","B (50-150kg)","0","0","0","0","","FINISH","Store MHEL","","","","0","No","2026-04-07 17:36:14","2026-04-07 17:36:14"
"1496","Steel Chain","Raw Material","1","mtr","","0","","10","8mm","C (Less Then 50kg)","0","0","0","0","","FINISH","Store MHEL","","","","0","No","2026-04-07 17:36:54","2026-04-07 17:36:54"
"1497","Diamound Cutter 4''","Raw Material","1","Nos","","0","","2","4''","C (Less Then 50kg)","0","0","0","0","","FINISH","Store MHEL","","","","0","No","2026-04-07 17:37:50","2026-04-07 17:37:50"
"1498","Pipe","Raw Material","1","Kg","","0","","1","2026","","0","0","0","0","","SEMI_FINISH","Store MHEL","","","","0","No","2026-04-09 18:25:03","2026-04-09 18:25:03"
"1499","Bearing","Others","5","Nos","","0","","1","2026","","0","0","0","0","","FINISH","Store MHEL","","","","0","No","2026-04-09 18:57:03","2026-04-09 18:57:03"
"1500","Hose Pipe","Spare Parts","4","mtr","","0","","2","2026","","0","0","0","0","","FINISH","Store MHEL","","","","0","No","2026-04-10 10:57:42","2026-04-10 10:57:42"
"1501","Jaw Plate","Raw Material","1","Set","","0","","1","42x36 JCP (G-3)=2 Nos","A (150kg)","0","0","0","0","","FINISH","Short Blasting Machine Ke Pass","","","","0","No","2026-04-10 14:15:25","2026-04-10 14:15:25"
"1502","Cutting Wheel","Raw Material","1","Nos","","0","","50","14''","B (50-150kg)","0","0","0","0","","FINISH","Store MHEL","","","","0","No","2026-04-10 14:16:45","2026-04-10 14:16:45"
"1503","Buffing Wheel","Raw Material","1","Nos","","0","","70","4''","C (Less Then 50kg)","0","0","0","0","","FINISH","Store MHEL","","","","0","No","2026-04-10 14:17:21","2026-04-10 14:17:21"
"1504","Grinder Wheel","Raw Material","1","Nos","","0","","200","4''","B (50-150kg)","0","0","0","0","","FINISH","Store MHEL","","","","0","No","2026-04-10 14:20:08","2026-04-10 14:20:08"
"1505","Circlip Plier","Raw Material","1","Nos","","0","","4","7''","C (Less Then 50kg)","0","0","0","0","","FINISH","Store MHEL","","","","0","No","2026-04-10 14:20:48","2026-04-10 14:20:48"
"1506","Spanner Ring","Raw Material","1","Nos","","0","","9","3/4''x7/8''","C (Less Then 50kg)","0","0","0","0","","FINISH","Store MHEL","","","","0","No","2026-04-10 14:21:25","2026-04-10 14:21:25"
"1507","Measuring Tape","Raw Material","1","Nos","","0","","10","3 Mtr","C (Less Then 50kg)","0","0","0","0","","FINISH","Store MHEL","","","","0","No","2026-04-10 14:22:07","2026-04-10 14:22:07"
"1508","Measuring Tape","Raw Material","1","Nos","","0","","10","5 Mtr","C (Less Then 50kg)","0","0","0","0","","FINISH","Store MHEL","","","","0","No","2026-04-10 14:22:33","2026-04-10 14:22:33"
"1509","Seamless Pipe","Raw Material","1","Nos","","0","","1","275x235x660mm","B (50-150kg)","0","0","0","0","","FINISH","Hacksaw Machine Ke Pass","","","","0","No","2026-04-11 16:32:44","2026-04-11 16:32:44"
"1510","Round Bar EN-9","Raw Material","1","Nos","","0","","1","315x2350mm","A (150kg)","0","0","0","0","","FINISH","Hacksaw Machine Ke Pass","","","","0","No","2026-04-11 16:33:19","2026-04-11 16:33:19"
"1511","Coil Brake BCH","Raw Material","1","Nos","","0","","2","Sp50mc","C (Less Then 50kg)","0","0","0","0","","FINISH","Store MHEL","","","","0","No","2026-04-11 16:34:07","2026-04-11 16:34:07"
"1512","Key Way Bar","Raw Material","1","Nos","","0","","24","10x16x300","B (50-150kg)","0","0","0","0","","FINISH","Store MHEL","","","","0","No","2026-04-11 16:34:42","2026-04-11 16:34:42"
"1513","Oil Seal","Raw Material","1","Nos","","0","","2","110x140x13","C (Less Then 50kg)","0","0","0","0","","FINISH","Store MHEL","","","","0","No","2026-04-11 16:35:07","2026-04-11 16:35:07"
"1514","Bearing ARB","Raw Material","1","Nos","","0","","4","6201","C (Less Then 50kg)","0","0","0","0","","FINISH","Store MHEL","","","","0","No","2026-04-11 16:35:48","2026-04-11 16:35:48"
"1515","Bearing","Raw Material","1","Nos","","0","","6","NJ-2311","B (50-150kg)","0","0","0","0","","FINISH","Store MHEL","","","","0","No","2026-04-11 16:36:47","2026-04-11 16:36:47"
"1516","Bearing ARB","Raw Material","1","Nos","","0","","2","22316 C3","C (Less Then 50kg)","0","0","0","0","","FINISH","Store MHEL","","","","0","No","2026-04-11 16:37:22","2026-04-11 16:37:22"
"1517","Bearing ARB","Raw Material","1","Nos","","0","","2","23244 C3","C (Less Then 50kg)","0","0","0","0","","FINISH","Store MHEL","","","","0","No","2026-04-11 16:38:00","2026-04-11 16:38:00"
"1518","Thinner","Raw Material","1","Ltr","","0","","20","CMS","C (Less Then 50kg)","0","0","0","0","","FINISH","Store MHEL","","","","0","No","2026-04-11 16:39:04","2026-04-11 16:39:04"
"1519","Brush","Raw Material","1","Nos","","0","","24","2''","C (Less Then 50kg)","0","0","0","0","","FINISH","Store MHEL","","","","0","No","2026-04-11 16:39:45","2026-04-11 16:39:45"
"1520","Brush","Raw Material","1","Nos","","0","","24","3''","C (Less Then 50kg)","0","0","0","0","","FINISH","Store MHEL","","","","0","No","2026-04-11 16:40:15","2026-04-11 16:40:15"
"1521","V Belt D-250","Raw Material","1","Nos","","0","","4","D-250","C (Less Then 50kg)","0","0","0","0","","FINISH","Store MHEL","","","","0","No","2026-04-11 16:41:31","2026-04-11 16:41:31"
"1522","V Belt D-260","Raw Material","1","Nos","","0","","4","D-260","B (50-150kg)","0","0","0","0","","FINISH","Store MHEL","","","","0","No","2026-04-11 16:42:06","2026-04-11 16:42:06"
"1523","Hellcat Gear Box","Raw Material","1","Nos","","0","","2","AF1520","A (150kg)","0","0","0","0","","FINISH","Cone Dept. Ke Pass","","","","0","No","2026-04-11 16:43:01","2026-04-11 16:43:01"
"1524","Oil Heater 3 Kw","Raw Material","1","Nos","","0","","5","3 Kw","B (50-150kg)","0","0","0","0","","FINISH","Store MHEL","","","","0","No","2026-04-11 16:43:49","2026-04-11 16:43:49"
"1525","Led Light","Raw Material","1","Nos","","0","","5","200w","B (50-150kg)","0","0","0","0","","FINISH","Store MHEL","","","","0","No","2026-04-11 16:44:22","2026-04-11 16:44:22"
"1526","Cotton Waste","Raw Material","1","Kg","","0","","500","Na","A (150kg)","0","0","0","0","","FINISH","Store MHEL","","","","0","No","2026-04-11 18:06:00","2026-04-11 18:06:00"
"1527","HT Bolt","Raw Material","1","Nos","","0","","100","20x130","C (Less Then 50kg)","0","0","0","0","","FINISH","Store MHEL","","","","0","No","2026-04-11 18:06:33","2026-04-11 18:06:33"
"1528","HT Nut","Raw Material","1","Nos","","0","","100","20mm","C (Less Then 50kg)","0","0","0","0","","FINISH","Store MHEL","","","","0","No","2026-04-11 18:06:56","2026-04-11 18:06:56"
"1529","Lock Nut","Raw Material","1","Nos","","0","","100","20mm","C (Less Then 50kg)","0","0","0","0","","FINISH","Store MHEL","","","","0","No","2026-04-11 18:07:24","2026-04-11 18:07:24"
"1530","I Beam 250x125","Raw Material","1","Nos","","0","","4","250x125","A (150kg)","0","0","0","0","","FINISH","2 Unit CNC M/C Ke Pass","","","","0","No","2026-04-13 16:15:03","2026-04-13 16:15:03"
"1531","Channel 125x65","Raw Material","1","Nos","","0","","18","125x65","A (150kg)","0","0","0","0","","FINISH","2 Unit CNC M/C Ke Pass","","","","0","No","2026-04-13 16:15:42","2026-04-13 16:15:42"
"1532","En-8 Round Bar","Raw Material","1","Kg","","0","","1","2026","","0","0","0","0","","FINISH","Store MHEL","","","","0","No","2026-04-13 16:20:02","2026-04-13 16:20:02"
"1533","Ferro Mn HC","Raw Material","1","Kg","","0","","50","2026","","0","0","0","0","","SEMI_FINISH","MTPL","","","","0","No","2026-04-13 17:29:29","2026-04-13 17:29:29"
"1534","Olivine Sand","Raw Material","1","Kg","","0","","50","2026","","0","0","0","0","","SEMI_FINISH","MTPL","","","","0","No","2026-04-13 17:30:55","2026-04-13 17:30:55"
"1535","Concave T Bolt 30 x 320 with double nut , Double chek nut & spring washer","Raw Material","1","Set","","0","","12","2026","","0","0","0","0","","SEMI_FINISH","Store MHEL","","","","0","No","2026-04-13 18:55:47","2026-04-13 18:57:02"
"1536","Plate","Raw Material","1","Kg","","0","","1","64mm","A (150kg)","0","0","0","0","","FINISH","2 Unit CNC M/C Ke Pass","","","","0","No","2026-04-14 12:03:02","2026-04-14 12:03:02"
"1537","Plate","Raw Material","1","Nos","","0","","1","90mm","A (150kg)","0","0","0","0","","FINISH","2 Unit CNC M/C Ke Pass","","","","0","No","2026-04-14 12:03:44","2026-04-14 12:03:44"
"1538","Wire","Raw Material","1","mtr","","0","","200","2.5 Sqmm X 4 Core","A (150kg)","0","0","0","0","","FINISH","Store MHEL","","","","0","No","2026-04-14 12:05:43","2026-04-14 12:05:43"
"1539","Wire 4 Sqmm X 4 Core","Raw Material","1","mtr","","0","","100","4 Sqmm X 4 Core","A (150kg)","0","0","0","0","","FINISH","Store MHEL","","","","0","No","2026-04-14 12:06:31","2026-04-14 12:06:31"
"1540","Delivery Challan Book","Stationery","2","Book","","0","","20","MHEL","B (50-150kg)","0","0","0","0","","SEMI_FINISH","Store MHEL","","","","0","No","2026-04-14 12:09:02","2026-04-14 12:09:02"
"1541","Employee Gate Pass Book","Stationery","2","Book","","0","","100","MHEL","C (Less Then 50kg)","0","0","0","0","","SEMI_FINISH","Store MHEL","","","","0","No","2026-04-14 12:09:45","2026-04-14 12:09:45"
"1542","Material Requisition Book","Stationery","2","Book","","0","","100","MHEL","B (50-150kg)","0","0","0","0","","SEMI_FINISH","Store MHEL","","","","0","No","2026-04-14 12:10:41","2026-04-14 12:10:41"
"1543","CSK Bolt","Raw Material","1","Nos","","0","","200","12x40","B (50-150kg)","0","0","0","0","","FINISH","Store MHEL","","","","0","No","2026-04-14 18:02:09","2026-04-14 18:02:09"
"1544","Spring Washer M36","Raw Material","1","Nos","","0","","10","2026","","0","0","0","0","","FINISH","Store MHEL","","","","0","No","2026-04-15 12:52:36","2026-04-15 12:52:36"
"1545","Argon","Raw Material","1","Nos","","0","","2","Gas","B (50-150kg)","0","0","0","0","","FINISH","MTPL","","","","0","No","2026-04-15 15:04:29","2026-04-15 15:04:29"
"1546","12mm U Clamp","Raw Material","1","Nos","","0","","10","2026","","0","0","0","0","","FINISH","Store MHEL","","","","0","No","2026-04-15 15:04:49","2026-04-15 15:04:49"
"1547","Wooden Gatte","Raw Material","1","Nos","","0","","26","8x8x8","A (150kg)","0","0","0","0","","FINISH","Drill Machine Ke Pass","","","","0","No","2026-04-15 15:07:48","2026-04-15 15:07:48"
"1548","Pulley","Raw Material","1","Nos","","0","","4","12'' C2","B (50-150kg)","0","0","0","0","","FINISH","Store MHEL","","","","0","No","2026-04-15 15:08:48","2026-04-15 15:08:48"
"1549","Oil Seal","Raw Material","1","Nos","","0","","2","75x100x10","C (Less Then 50kg)","0","0","0","0","","FINISH","Store MHEL","","","","0","No","2026-04-15 15:09:20","2026-04-15 15:09:20"
"1550","testing inventory item","Raw Material","1","Nos","","0","","12","1234","A (150kg)","0","0","0","0","","FINISH","Main Gate","","","","0","Yes","2026-04-16 11:37:56","2026-04-16 11:41:37"
"1551","Test Inventory","Raw Material","1","Nos","","0","","12","1234","","0","0","0","0","","FINISH","Main Gate","","","","0","No","2026-04-16 12:06:57","2026-04-16 12:06:57"
"1552","Nut Nipple","Raw Material","1","Set","","0","","20","1/2''x3/8''","C (Less Then 50kg)","0","0","0","0","","FINISH","Store MHEL","","","","0","No","2026-04-16 15:16:40","2026-04-16 15:16:40"
"1553","Shaft Key","Raw Material","1","Nos","","0","","10","10mm","C (Less Then 50kg)","0","0","0","0","","FINISH","Store MHEL","","","","0","No","2026-04-16 15:17:08","2026-04-16 15:17:08"
"1554","HT Bolt","Raw Material","1","Nos","","0","","800","10x30","B (50-150kg)","0","0","0","0","","FINISH","Store MHEL","","","","0","No","2026-04-16 17:14:00","2026-04-16 17:14:00"
"1555","HT Bolt","Raw Material","1","Nos","","0","","300","12x50","B (50-150kg)","0","0","0","0","","FINISH","Store MHEL","","","","0","No","2026-04-16 17:14:27","2026-04-16 17:14:27"
"1556","HT Bolt","Raw Material","1","Nos","","0","","320","12x75","B (50-150kg)","0","0","0","0","","FINISH","Store MHEL","","","","0","No","2026-04-16 17:14:55","2026-04-16 17:14:55"
"1557","HT Bolt","Raw Material","1","Nos","","0","","600","16x50","B (50-150kg)","0","0","0","0","","FINISH","Store MHEL","","","","0","No","2026-04-16 17:15:35","2026-04-16 17:15:35"
"1558","HT Bolt","Raw Material","1","Nos","","0","","720","16x75","B (50-150kg)","0","0","0","0","","FINISH","Store MHEL","","","","0","No","2026-04-16 17:16:05","2026-04-16 17:16:05"
"1559","HT Bolt","Raw Material","1","Nos","","0","","120","16x100","B (50-150kg)","0","0","0","0","","FINISH","Store MHEL","","","","0","No","2026-04-16 17:16:54","2026-04-16 17:16:54"
"1560","MS Pipe","Raw Material","1","Nos","","0","","3","219x200xLong","A (150kg)","0","0","0","8","","FINISH","2 Unit CNC M/C Ke Pass","","","","0","No","2026-04-17 11:35:59","2026-04-17 11:35:59"
"1561","MS Pipe","Raw Material","1","Nos","","0","","3","270x230x2200","A (150kg)","0","0","0","0","","FINISH","2 Unit CNC M/C Ke Pass","","","","0","No","2026-04-17 11:37:17","2026-04-17 11:37:17"
"1562","MS Pipe","Raw Material","1","Nos","","0","","4","80x50xLong","A (150kg)","0","0","0","0","","FINISH","2 Unit CNC M/C Ke Pass","","","","0","No","2026-04-17 11:38:01","2026-04-17 11:38:01"
"1563","Spring Washer","Raw Material","1","Nos","","0","","100","36mm","B (50-150kg)","0","0","0","0","","FINISH","Store MHEL","","","","0","No","2026-04-17 11:39:03","2026-04-17 11:39:03"
"1564","HT Bolt","Raw Material","1","Nos","","0","","10","2026","","0","0","0","0","","FINISH","Store MHEL","","","","0","No","2026-04-20 17:26:12","2026-04-20 17:26:12"
"1565","Grab Screw","Raw Material","1","Nos","","0","","5","2026","","0","0","0","0","","FINISH","Store MHEL","","","","0","No","2026-04-20 17:27:03","2026-04-20 17:27:03"
"1566","Chain","Others","5","mtr","","0","","5","2026","","0","0","0","0","","FINISH","Store MHEL","","","","0","No","2026-04-21 15:06:13","2026-04-21 15:06:13"
"1567","Pig Iron","Raw Material","1","Kg","","0","","500","2026","","0","0","0","0","","FINISH","MTPL","","","","0","No","2026-04-21 18:27:41","2026-04-21 18:27:41"
"1568","Carboriser (Carbon Chip)","Raw Material","1","Kg","","0","","10","2026","","0","0","0","0","","SEMI_FINISH","MTPL","","","","0","No","2026-04-21 18:45:46","2026-04-21 18:45:46"
"1569","Chromite Sand","Raw Material","1","Kg","","0","","50","2026","","0","0","0","0","","SEMI_FINISH","MTPL","","","","0","No","2026-04-21 18:46:26","2026-04-21 18:46:26"
"1570","Slax-30","Raw Material","1","Kg","","0","","50","2026","","0","0","0","0","","SEMI_FINISH","MTPL","","","","0","No","2026-04-21 18:48:16","2026-04-21 18:48:16"
"1571","LDO","Raw Material","1","Ltr","","0","","1","2026","","0","0","0","0","","FINISH","MTPL","","","","0","No","2026-04-22 14:13:29","2026-04-22 14:13:29"
"1572","Piston Seal Kcc-1200","Raw Material","1","Nos","","0","","5","400x400x35mm","B (50-150kg)","0","0","0","0","","FINISH","Store MHEL","","","","0","No","2026-04-22 16:58:46","2026-04-22 16:58:46"
"1573","Bearing","Raw Material","1","Nos","","0","","4","22324 C4","B (50-150kg)","0","0","0","0","","FINISH","Store MHEL","","","","0","No","2026-04-22 16:59:20","2026-04-22 16:59:20"
"1574","Slurry Hose Pipe","Raw Material","1","Nos","","0","","4","12''","A (150kg)","0","0","0","0","","FINISH","Cone Dept. Ke Pass","","","","0","No","2026-04-22 17:00:19","2026-04-22 17:00:19"
"1575","Round Bar EN-8","Raw Material","1","Nos","","0","","1","205x1930","A (150kg)","0","0","0","0","","FINISH","Hacksaw Machine Ke Pass","","","","0","No","2026-04-22 17:01:19","2026-04-22 17:01:19"
"1576","Round Bar EN-8","Raw Material","1","Nos","","0","","1","125x1710","A (150kg)","0","0","0","0","","FINISH","Hacksaw Machine Ke Pass","","","","0","No","2026-04-22 17:01:44","2026-04-22 17:01:44"
"1577","Round Bar EN-8","Raw Material","1","Nos","","0","","1","142x1080","A (150kg)","0","0","0","0","","FINISH","Hacksaw Machine Ke Pass","","","","0","No","2026-04-22 17:02:11","2026-04-22 17:02:11"
"1578","Oxygen Gas Cylinder","Raw Material","1","Nos","","0","","35","O2","A (150kg)","0","0","0","0","","FINISH","2 Unit Gas Godam Me","","","","0","No","2026-04-22 17:03:02","2026-04-22 17:03:02"
"1579","HT Bolt","Raw Material","1","Nos","","0","","6","36x90","B (50-150kg)","0","0","0","0","","FINISH","Store MHEL","","","","0","No","2026-04-22 17:03:30","2026-04-22 17:03:30"
"1580","Grub Screw","Raw Material","1","Nos","","0","","10","1/4''","C (Less Then 50kg)","0","0","0","0","","FINISH","Store MHEL","","","","0","No","2026-04-22 17:04:01","2026-04-22 17:04:01"
"1581","Motor 75 Hp Flange","Raw Material","1","Nos","","0","","2","75 Hp","A (150kg)","0","0","0","0","","FINISH","Vibro Motor Dept.","","","","0","No","2026-04-22 17:06:27","2026-04-22 17:06:27"
"1582","Hose Pipe","Raw Material","1","Nos","","0","","2","1''x2000mm","B (50-150kg)","0","0","0","0","","FINISH","Store MHEL","","","","0","No","2026-04-22 17:07:07","2026-04-22 17:07:07"
"1583","Hose Pipe","Raw Material","1","Nos","","0","","2","1''x1500mm","B (50-150kg)","0","0","0","0","","FINISH","Store MHEL","","","","0","No","2026-04-22 17:07:35","2026-04-22 17:07:35"
"1584","Hose Pipe 1''","Raw Material","1","Nos","","0","","2","1''x1000mm","B (50-150kg)","0","0","0","0","","FINISH","Store MHEL","","","","0","No","2026-04-22 17:08:13","2026-04-22 17:08:13"
"1585","Adaptor","Raw Material","1","Nos","","0","","4","3/4''x1''","C (Less Then 50kg)","0","0","0","0","","FINISH","Store MHEL","","","","0","No","2026-04-22 17:08:45","2026-04-22 17:08:45"
"1586","Ad","Raw Material","1","Nos","","0","","2","2''x1''","C (Less Then 50kg)","0","0","0","0","","FINISH","Store MHEL","","","","0","No","2026-04-22 17:09:14","2026-04-22 17:09:14"
"1587","Hose Pipe","Raw Material","1","Nos","","0","","4","1.5''x1''","C (Less Then 50kg)","0","0","0","0","","FINISH","Store MHEL","","","","0","No","2026-04-22 17:09:51","2026-04-22 17:09:51"
"1588","Tee","Raw Material","1","Nos","","0","","3","1''","C (Less Then 50kg)","0","0","0","0","","FINISH","Store MHEL","","","","0","No","2026-04-22 17:13:53","2026-04-22 17:13:53"
"1589","T Bolt","Raw Material","1","Nos","","0","","12","24x320","B (50-150kg)","0","0","0","0","","FINISH","Store MHEL","","","","0","No","2026-04-22 17:14:54","2026-04-22 17:14:54"
"1590","T Bolt 30x320","Raw Material","1","Nos","","0","","3","30x320","C (Less Then 50kg)","0","0","0","0","","FINISH","Store MHEL","","","","0","No","2026-04-22 17:15:29","2026-04-22 17:15:29"
"1591","CNMX 5507088","Raw Material","1","Nos","","0","","30","5507088","C (Less Then 50kg)","0","0","0","0","","FINISH","Store MHEL","","","","0","No","2026-04-22 17:16:19","2026-04-22 17:16:19"
"1592","CNMG120408","Raw Material","1","Nos","","0","","30","120408","C (Less Then 50kg)","0","0","0","0","","FINISH","Store MHEL","","","","0","No","2026-04-22 17:16:58","2026-04-22 17:16:58"
"1593","Tip  P-30","Raw Material","1","Nos","","0","","100","P-30","C (Less Then 50kg)","0","0","0","0","","FINISH","Store MHEL","","","","0","No","2026-04-22 17:17:30","2026-04-22 17:17:30"
"1594","Nozzle & Electrole","Raw Material","1","Set","","0","","20","1.8mm","C (Less Then 50kg)","0","0","0","0","","FINISH","Store MHEL","","","","0","No","2026-04-22 17:18:20","2026-04-22 17:18:20"
"1595","Round Bar EN-8","Raw Material","1","Nos","","0","","1","120x720mm","B (50-150kg)","0","0","0","0","","FINISH","Hacksaw Machine Ke Pass","","","","0","No","2026-04-22 17:19:20","2026-04-22 17:19:20"
"1596","Round Bar EN-24","Raw Material","1","Nos","","0","","1","305x2300mm","B (50-150kg)","0","0","0","0","","FINISH","Store MHEL","","","","0","No","2026-04-22 17:19:53","2026-04-22 17:19:53"
"1597","Mig Roll FC 1.2mm","Raw Material","1","Roll","","0","","35","1.2mm","A (150kg)","0","0","0","0","","FINISH","Store MHEL","","","","0","No","2026-04-22 17:20:44","2026-04-22 17:20:44"
"1598","Oil 68 No","Raw Material","1","Ltr","","0","","420","68 No","A (150kg)","0","0","0","0","","FINISH","Short Blasting Machine Ke Pass","","","","0","No","2026-04-22 17:21:37","2026-04-22 17:21:37"
"1599","Spring Washer","Raw Material","1","Nos","","0","","20","42mm","B (50-150kg)","0","0","0","0","","FINISH","Store MHEL","","","","0","No","2026-04-22 17:22:11","2026-04-22 17:22:11"
"1600","Conveyor Belt","Raw Material","1","mtr","","0","","42","700mm","A (150kg)","0","0","0","0","","FINISH","2 Unit CNC M/C Ke Pass","","","","0","No","2026-04-22 17:23:23","2026-04-22 17:23:23"
"1601","Oil Pump 1 Hp","Raw Material","1","Nos","","0","","5","1 Hp","B (50-150kg)","0","0","0","0","","FINISH","Store MHEL","","","","0","No","2026-04-22 17:24:00","2026-04-22 17:24:00"
"1602","Filter Element","Raw Material","1","Nos","","0","","2","1.5''","C (Less Then 50kg)","0","0","0","0","","FINISH","Store MHEL","","","","0","No","2026-04-22 17:24:33","2026-04-22 17:24:33"
"1603","Bearing","Raw Material","1","Nos","","0","","6","22324 C3","B (50-150kg)","0","0","0","0","","FINISH","Store MHEL","","","","0","No","2026-04-22 17:25:03","2026-04-22 17:25:03"
"1604","Bearing ARB","Raw Material","1","Nos","","0","","1","22330 C3","C (Less Then 50kg)","0","0","0","0","","FINISH","Store MHEL","","","","0","No","2026-04-22 17:25:37","2026-04-22 17:25:37"
"1605","Bearing","Raw Material","1","Nos","","0","","2","22322 C4","B (50-150kg)","0","0","0","0","","FINISH","Store MHEL","","","","0","No","2026-04-22 17:26:13","2026-04-22 17:26:13"
"1606","UCP ARB","Raw Material","1","Nos","","0","","4","212","B (50-150kg)","0","0","0","0","","FINISH","Store MHEL","","","","0","No","2026-04-22 17:26:44","2026-04-22 17:26:44"
"1607","UCP ARB 213","Raw Material","1","Nos","","0","","12","213","B (50-150kg)","0","0","0","0","","FINISH","Store MHEL","","","","0","No","2026-04-22 17:27:34","2026-04-22 17:27:34"
"1608","Lock Nut","Raw Material","1","Nos","","0","","4","KM-28","C (Less Then 50kg)","0","0","0","0","","FINISH","Store MHEL","","","","0","No","2026-04-22 17:29:35","2026-04-22 17:29:35"
"1609","Lock Washer","Raw Material","1","Nos","","0","","4","MB-28","C (Less Then 50kg)","0","0","0","0","","FINISH","Store MHEL","","","","0","No","2026-04-22 17:30:11","2026-04-22 17:30:11"
"1610","Lock Washer MB","Raw Material","1","Nos","","0","","4","MB-28","C (Less Then 50kg)","0","0","0","0","","FINISH","Store MHEL","","","","0","No","2026-04-22 17:30:42","2026-04-22 17:30:42"
"1611","Stator 5 Hp","Raw Material","1","Nos","","0","","3","210x140x168mm Stamping","A (150kg)","0","0","0","0","","FINISH","Store MHEL","","","","0","No","2026-04-22 17:31:49","2026-04-22 17:31:49"
"1612","D.C. Rotor","Raw Material","1","Nos","","0","","3","5 Hp","B (50-150kg)","0","0","0","0","","FINISH","Store MHEL","","","","0","No","2026-04-22 17:32:16","2026-04-22 17:32:16"
"1613","Stator 3 Hp","Raw Material","1","Nos","","0","","7","180x120x153mm Stamping","A (150kg)","0","0","0","0","","FINISH","Store MHEL","","","","0","No","2026-04-22 17:32:57","2026-04-22 17:32:57"
"1614","D.C. Rotor","Raw Material","1","Nos","","0","","7","3 Hp","B (50-150kg)","0","0","0","0","","FINISH","Store MHEL","","","","0","No","2026-04-22 17:33:23","2026-04-22 17:33:23"
"1615","Stator 1 Hp","Raw Material","1","Nos","","0","","13","165x105x100mm Stamping","B (50-150kg)","0","0","0","0","","FINISH","Store MHEL","","","","0","No","2026-04-22 17:34:11","2026-04-22 17:34:11"
"1616","D.C. Rotor","Raw Material","1","Nos","","0","","13","1 Hp","B (50-150kg)","0","0","0","0","","FINISH","Store MHEL","","","","0","No","2026-04-22 17:34:36","2026-04-22 17:34:36"
"1617","Piston Seal","Raw Material","1","Nos","","0","","5","238x282x22mm","B (50-150kg)","0","0","0","0","","FINISH","Store MHEL","","","","0","No","2026-04-22 17:36:41","2026-04-22 17:36:41"
"1618","Cardan Shaft","Raw Material","1","Nos","","0","","1","AI-146 Model","B (50-150kg)","0","0","1250","0","","FINISH","Store MHEL","","","","0","No","2026-04-22 17:40:10","2026-04-22 17:40:10"
"1619","Cardan Shaft AI-146","Raw Material","1","Nos","","0","","1","AI-146 Model","B (50-150kg)","0","0","944.98","0","","FINISH","Store MHEL","","","","0","No","2026-04-22 17:41:15","2026-04-22 17:41:15"
"1620","Bandsaw Blade","Raw Material","1","Nos","","0","","20","400mm","A (150kg)","0","0","0","0","","FINISH","Store MHEL","","","","0","No","2026-04-22 17:42:01","2026-04-22 17:42:01"
"1621","Hose Pipe","Raw Material","1","Nos","","0","","2","2''x1200mm","B (50-150kg)","0","0","0","0","","FINISH","Store MHEL","","","","0","No","2026-04-22 17:42:41","2026-04-22 17:42:41"
"1622","Wooden Gatte 8x8x8","Raw Material","1","Nos","","0","","20","8x8x8","B (50-150kg)","0","0","0","0","","FINISH","Store MHEL","","","","0","No","2026-04-22 17:43:20","2026-04-22 17:43:20"
"1623","Pipe","Raw Material","1","Nos","","0","","14","4''x2''","B (50-150kg)","0","0","0","0","","FINISH","Hacksaw Machine Ke Pass","","","","0","No","2026-04-22 17:44:53","2026-04-22 17:44:53"
"1624","Pipe","Raw Material","1","Nos","","0","","22","5''x2.5''","B (50-150kg)","0","0","0","0","","FINISH","Hacksaw Machine Ke Pass","","","","0","No","2026-04-22 17:45:25","2026-04-22 17:45:25"
"1625","Rotry Dirction Valve 4DL","Raw Material","1","Nos","","0","","3","4DL","B (50-150kg)","0","0","0","0","","FINISH","Store MHEL","","","","0","No","2026-04-22 17:46:33","2026-04-22 17:46:33"
"1626","Hand Pump HP","Raw Material","1","Nos","","0","","3","HP 16","B (50-150kg)","0","0","0","0","","FINISH","Store MHEL","","","","0","No","2026-04-22 17:47:55","2026-04-22 17:47:55"
"1627","Grease Seal","Raw Material","1","Nos","","0","","5","260x310x20mm","B (50-150kg)","0","0","0","0","","FINISH","Store MHEL","","","","0","No","2026-04-22 17:48:31","2026-04-22 17:48:31"
"1628","I Beam","Raw Material","1","Nos","","0","","5","300x140","A (150kg)","0","0","0","0","","FINISH","Store MHEL","","","","0","No","2026-04-22 17:49:03","2026-04-22 17:49:03"
"1629","Plate 10mm","Raw Material","1","Nos","","0","","4","1500x6300","A (150kg)","0","0","0","0","","FINISH","2 Unit CNC M/C Ke Pass","","","","0","No","2026-04-22 17:49:53","2026-04-22 17:49:53"
"1630","Plate 8mm","Raw Material","1","Nos","","0","","4","2000x6300","A (150kg)","0","0","0","0","","FINISH","Store MHEL","","","","0","No","2026-04-22 17:50:23","2026-04-22 17:50:23"
"1631","Plate 10","Raw Material","1","Nos","","0","","4","2000x6300","A (150kg)","0","0","0","0","","FINISH","2 Unit CNC M/C Ke Pass","","","","0","No","2026-04-22 17:50:59","2026-04-22 17:50:59"
"1632","CSK Bolt 12x40","Raw Material","1","Nos","","0","","200","12x40","B (50-150kg)","0","0","0","0","","FINISH","Store MHEL","","","","0","No","2026-04-22 17:53:50","2026-04-22 17:53:50"
"1633","Cable 4 Sqmm","Raw Material","1","mtr","","0","","100","4 Sqmm X 4 Core","A (150kg)","0","0","0","0","","FINISH","Store MHEL","","","","0","No","2026-04-22 17:55:49","2026-04-22 17:55:49"
"1634","Motor 40 Hp","Raw Material","1","Nos","","0","","2","40 Hp","A (150kg)","0","0","0","0","","FINISH","Store MHEL","","","","0","No","2026-04-22 17:58:28","2026-04-22 17:58:28"
"1635","Oil - 460","Others","5","Ltr","","0","","1","2026","","0","0","0","0","","FINISH","MTPL","","","","0","No","2026-04-23 11:35:05","2026-04-23 11:35:05"
"1636","V Belt","Raw Material","1","Nos","","0","","7","SPC-2800","C (Less Then 50kg)","0","0","0","0","","FINISH","Store MHEL","","","","0","No","2026-04-24 15:59:42","2026-04-24 15:59:42"
"1637","V Belt","Raw Material","1","Nos","","0","","6","C-210","C (Less Then 50kg)","0","0","0","0","","FINISH","Store MHEL","","","","0","No","2026-04-24 16:00:10","2026-04-24 16:00:10"
"1638","V Belt Fener","Raw Material","1","Nos","","0","","2","D-260","","0","0","0","0","","FINISH","Store MHEL","","","","0","No","2026-04-24 16:01:07","2026-04-24 16:01:07"
"1639","HT Bolt","Raw Material","1","Nos","","0","","36","24x300","B (50-150kg)","0","0","0","0","","FINISH","Store MHEL","","","","0","No","2026-04-24 16:01:46","2026-04-24 16:01:46"
"1640","Key Way Bar","Raw Material","1","Nos","","0","","4","8x8x300","C (Less Then 50kg)","0","0","0","0","","FINISH","Store MHEL","","","","0","No","2026-04-24 16:03:39","2026-04-24 16:03:39"
"1641","Key Way Bar","Raw Material","1","Nos","","0","","4","10x10x300","C (Less Then 50kg)","0","0","0","0","","FINISH","Store MHEL","","","","0","No","2026-04-24 16:04:22","2026-04-24 16:04:22"
"1642","Key Way Bar","Raw Material","1","Nos","","0","","4","12x12x300","B (50-150kg)","0","0","0","0","","FINISH","Store MHEL","","","","0","No","2026-04-24 16:05:12","2026-04-24 16:05:12"
"1643","Key Way Bar","Raw Material","1","Nos","","0","","1","22x16x300","B (50-150kg)","0","0","0","0","","FINISH","Store MHEL","","","","0","No","2026-04-24 16:05:40","2026-04-24 16:05:40"
"1644","Key Way Bar","Raw Material","1","Nos","","0","","2","28x16x300","C (Less Then 50kg)","0","0","0","0","","FINISH","Store MHEL","","","","0","No","2026-04-24 16:06:05","2026-04-24 16:06:05"
"1645","Bearing ARB","Raw Material","1","Nos","","0","","2","30320","C (Less Then 50kg)","0","0","0","0","","FINISH","Store MHEL","","","","0","No","2026-04-24 16:06:48","2026-04-24 16:06:48"
"1646","Round Bar EN-8","Raw Material","1","Nos","","0","","1","165x2150mm","A (150kg)","0","0","0","0","","FINISH","Hacksaw Machine Ke Pass","","","","0","No","2026-04-24 16:07:43","2026-04-24 16:07:43"
"1647","Round Bar EN-8","Raw Material","1","Nos","","0","","1","205x1510","A (150kg)","0","0","0","0","","FINISH","Hacksaw Machine Ke Pass","","","","0","No","2026-04-24 16:08:15","2026-04-24 16:08:15"
"1648","Conveyor Belt","Raw Material","1","mtr","","0","","186","800mm 4ply","A (150kg)","0","0","0","0","","FINISH","Conveyor Dept.","","","","0","No","2026-04-24 16:09:22","2026-04-24 16:09:22"
"1649","Conveyor Belt","Raw Material","1","mtr","","0","","39","650mm 4ply","A (150kg)","0","0","0","0","","FINISH","Conveyor Dept.","","","","0","No","2026-04-24 16:10:00","2026-04-24 16:10:00"
"1650","Conveyor Belt","Raw Material","1","mtr","","0","","160","500mm 3ply","B (50-150kg)","0","0","0","0","","FINISH","Conveyor Dept.","","","","0","No","2026-04-24 16:10:39","2026-04-24 16:10:39"
"1651","Diamond Rubber Lagging Sheet","Raw Material","1","mtr","","0","","20","10mm","A (150kg)","0","0","0","0","","FINISH","Vibration Dept. Me","","","","0","No","2026-04-24 16:12:04","2026-04-24 16:12:04"
"1652","Revolving Center","Raw Material","1","Nos","","0","","2","MT-5","B (50-150kg)","0","0","0","0","","FINISH","Store MHEL","","","","0","No","2026-04-25 17:41:22","2026-04-25 17:41:22"
"1653","Revolving Center","Raw Material","1","Nos","","0","","2","MT-6","A (150kg)","0","0","0","0","","FINISH","Store MHEL","","","","0","No","2026-04-25 17:41:44","2026-04-25 17:41:44"
"1654","Hard Faching Mig Roll","Raw Material","1","Nos","","0","","5","FC-580","A (150kg)","0","0","0","0","","FINISH","Store MHEL","","","","0","No","2026-04-25 17:43:59","2026-04-25 17:43:59"
"1655","Copper Winding Wire","Raw Material","1","Kg","","0","","10","21 No","C (Less Then 50kg)","0","0","0","0","","FINISH","Store MHEL","","","","0","No","2026-04-25 17:45:08","2026-04-25 17:45:08"
"1656","Insulation Paper Sheet","Raw Material","1","Nos","","0","","5","7 No","C (Less Then 50kg)","0","0","0","0","","FINISH","Store MHEL","","","","0","No","2026-04-25 17:45:41","2026-04-25 17:45:41"
"1657","Insulation Paper Sheet","Raw Material","1","Nos","","0","","5","10 No","C (Less Then 50kg)","0","0","0","0","","FINISH","Store MHEL","","","","0","No","2026-04-25 17:46:10","2026-04-25 17:46:10"
"1658","Insulation Varnish","Raw Material","1","Ltr","","0","","2","Nil","C (Less Then 50kg)","0","0","0","0","","FINISH","Vibro Motor Dept.","","","","0","No","2026-04-25 17:47:00","2026-04-25 17:47:00"
"1659","Arolite + Harder","Raw Material","1","Ltr","","0","","3","Nil","C (Less Then 50kg)","0","0","0","0","","FINISH","Vibro Motor Dept.","","","","0","No","2026-04-25 17:47:34","2026-04-25 17:47:34"
"1660","Sleeve","Raw Material","1","Nos","","0","","100","1mm","C (Less Then 50kg)","0","0","0","0","","FINISH","Vibro Motor Dept.","","","","0","No","2026-04-25 17:50:30","2026-04-25 17:50:30"
"1661","Sleeve","Raw Material","1","Nos","","0","","100","2mm","C (Less Then 50kg)","0","0","0","0","","FINISH","Vibro Motor Dept.","","","","0","No","2026-04-25 17:51:12","2026-04-25 17:51:12"
"1662","Grinder Machine","Spare Parts","4","Nos","","0","","1","4''","C (Less Then 50kg)","0","0","0","0","","FINISH","Store MHEL","","","","0","No","2026-04-27 14:43:12","2026-04-27 14:43:12"
"1663","Cutting Wheel 14''","Raw Material","1","Nos","","0","","50","14''","B (50-150kg)","0","0","0","0","","FINISH","Store MHEL","","","","0","No","2026-04-27 14:45:00","2026-04-27 14:45:00"
"1664","Hydraulic Hand pump Set","Others","5","Nos","","0","","1","2026","","0","0","0","0","","FINISH","Store MHEL","","","","0","No","2026-04-27 17:08:00","2026-04-27 17:08:00"
"1665","Metal detector for 800mm","Others","5","Nos","","0","","1","2026","","0","0","0","0","","FINISH","Store MHEL","","","","0","No","2026-04-27 18:25:27","2026-04-27 18:25:27"
"1666","Steel Chain","Raw Material","1","mtr","","0","","6","6mm","B (50-150kg)","0","0","0","0","","FINISH","Store MHEL","","","","0","No","2026-04-28 13:53:05","2026-04-28 13:53:05"
"1667","Lock Nut KM-28","Raw Material","1","Nos","","0","","5","KM-28","C (Less Then 50kg)","0","0","0","0","","FINISH","Store MHEL","","","","0","No","2026-04-28 13:54:07","2026-04-28 13:54:07"
"1668","Lock Washer MB-28","Raw Material","1","Nos","","0","","6","MB-28","C (Less Then 50kg)","0","0","0","0","","FINISH","Store MHEL","","","","0","No","2026-04-28 13:54:40","2026-04-28 13:54:40"
"1669","Lock Nut","Raw Material","1","Nos","","0","","6","KM-30","C (Less Then 50kg)","0","0","0","0","","FINISH","Store MHEL","","","","0","No","2026-04-28 13:55:19","2026-04-28 13:55:19"
"1670","Lock Washer","Raw Material","1","Nos","","0","","6","MB-30","C (Less Then 50kg)","0","0","0","0","","FINISH","Store MHEL","","","","0","No","2026-04-28 13:56:09","2026-04-28 13:56:09"
"1671","Oil Seal","Raw Material","1","Nos","","0","","10","80x100x10","C (Less Then 50kg)","0","0","0","0","","FINISH","Store MHEL","","","","0","No","2026-04-28 13:56:32","2026-04-28 13:56:32"
"1672","Pipe OD:273","Raw Material","1","Nos","","0","","3","OD:273","A (150kg)","0","0","0","0","","FINISH","2 Unit CNC M/C Ke Pass","","","","0","No","2026-04-28 16:03:30","2026-04-28 16:03:30"
"1673","Round Bar EN-8","Raw Material","1","Nos","","0","","1","142x6720mm","A (150kg)","0","0","6720","0","","FINISH","Hacksaw Machine Ke Pass","","","","0","No","2026-04-29 16:07:30","2026-04-29 16:07:30"
"1674","Oil Seal","Raw Material","1","Nos","","0","","2","110x135x13","C (Less Then 50kg)","0","0","0","0","","FINISH","Store MHEL","","","","0","No","2026-04-29 16:08:28","2026-04-29 16:08:28"
"1675","Oil Seal","Raw Material","1","Nos","","0","","2","45x60x10","C (Less Then 50kg)","0","0","0","0","","FINISH","Store MHEL","","","","0","No","2026-04-29 16:09:03","2026-04-29 16:09:03"
"1676","Bearing ARB","Raw Material","1","Nos","","0","","2","6208","C (Less Then 50kg)","0","0","0","0","","FINISH","Store MHEL","","","","0","No","2026-04-29 16:09:33","2026-04-29 16:09:33"
"1677","Bearing ARB","Raw Material","1","Nos","","0","","2","22322 C3","C (Less Then 50kg)","0","0","0","0","","FINISH","Store MHEL","","","","0","No","2026-04-29 16:10:06","2026-04-29 16:10:06"
"1678","Ferro Silicon","Raw Material","1","Kg","","0","","50","2026","","0","0","0","0","","FINISH","MTPL","","","","0","No","2026-04-29 19:13:59","2026-04-29 19:13:59"
"1679","SS Stud Bolt","Raw Material","1","Nos","","0","","14","20x400","C (Less Then 50kg)","0","0","0","0","","FINISH","Store MHEL","","","","0","No","2026-04-30 15:58:45","2026-04-30 15:58:45"
"1680","SS Nut","Raw Material","1","Nos","","0","","14","20mm","C (Less Then 50kg)","0","0","0","0","","FINISH","Store MHEL","","","","0","No","2026-04-30 15:59:09","2026-04-30 15:59:09"
"1681","Chemical","Raw Material","1","Nos","","0","","4","Cartridge","C (Less Then 50kg)","0","0","0","0","","FINISH","Store MHEL","","","","0","No","2026-04-30 16:00:06","2026-04-30 16:00:06"
"1682","Chemical","Raw Material","1","Nos","","0","","1","Gun","C (Less Then 50kg)","0","0","0","0","","FINISH","Store MHEL","","","","0","No","2026-04-30 16:00:54","2026-04-30 16:00:54"
"1683","Diaphragm","Raw Material","1","Nos","","0","","10","24x12","C (Less Then 50kg)","0","0","0","0","","FINISH","Store MHEL","","","","0","No","2026-04-30 16:01:31","2026-04-30 16:01:31"
"1684","Diaphragm 30x15","Raw Material","1","Nos","","0","","10","30x15","C (Less Then 50kg)","0","0","0","0","","FINISH","Store MHEL","","","","0","No","2026-04-30 16:02:19","2026-04-30 16:02:19"
"1685","Diaphragm 42x8","Raw Material","1","Nos","","0","","10","42x8","C (Less Then 50kg)","0","0","0","0","","FINISH","Store MHEL","","","","0","No","2026-04-30 16:02:51","2026-04-30 16:02:51"
"1686","Bearing FAG","Raw Material","1","Nos","","0","","2","NU-216","C (Less Then 50kg)","0","0","0","0","","FINISH","Store MHEL","","","","0","No","2026-04-30 16:03:46","2026-04-30 16:03:46"
"1687","Bearing","Raw Material","1","Nos","","0","","2","30216","C (Less Then 50kg)","0","0","0","0","","FINISH","Store MHEL","","","","0","No","2026-04-30 16:04:18","2026-04-30 16:04:18"
"1688","Round Bar EN-8","Raw Material","1","Nos","","0","","1","182x4060","A (150kg)","0","0","0","0","","FINISH","Hacksaw Machine Ke Pass","","","","0","No","2026-04-30 16:05:08","2026-04-30 16:05:08"
"1689","Round Bar EN-8","Raw Material","1","Nos","","0","","1","170x1570","A (150kg)","0","0","0","0","","FINISH","Hacksaw Machine Ke Pass","","","","0","No","2026-04-30 16:06:11","2026-04-30 16:06:11"
"1690","Plate Type Pulley 14''","Raw Material","1","Nos","","0","","4","14'' C2","A (150kg)","0","0","0","0","","FINISH","Store MHEL","","","","0","No","2026-04-30 16:06:54","2026-04-30 16:06:54"
"1691","Pipe 89mm","Raw Material","1","Nos","","0","","50","OD:89","A (150kg)","0","0","0","0","","FINISH","Roller Dept.","","","","0","No","2026-04-30 16:11:40","2026-04-30 16:11:40"
"1692","Mig Roll FC 1.2mm","Raw Material","1","Nos","","0","","50","1.2mm Bohler Make","A (150kg)","0","0","0","0","","FINISH","Store MHEL","","","","0","No","2026-05-04 14:53:05","2026-05-04 14:53:05"
"1693","Welding Rod","Raw Material","1","Pkt","","0","","40","8 No.","A (150kg)","0","0","0","0","","FINISH","Store MHEL","","","","0","No","2026-05-04 14:55:51","2026-05-04 14:55:51"
"1694","Welding Rod","Raw Material","1","Pkt","","0","","36","10 No.","A (150kg)","0","0","0","0","","FINISH","Store MHEL","","","","0","No","2026-05-04 14:56:16","2026-05-04 14:56:16"
"1695","Copper Winding Wire 21 No","Raw Material","1","Kg","","0","","30","21 No","B (50-150kg)","0","0","0","0","","FINISH","Store MHEL","","","","0","No","2026-05-04 14:57:03","2026-05-04 14:57:03"
"1696","Arolite + Harder 5+2","Raw Material","1","Ltr","","0","","7","Nil","C (Less Then 50kg)","0","0","0","0","","FINISH","Store MHEL","","","","0","No","2026-05-04 14:58:17","2026-05-04 14:58:17"
"1697","Insulation Varnish","Raw Material","1","Ltr","","0","","5","Na","C (Less Then 50kg)","0","0","0","0","","FINISH","Store MHEL","","","","0","No","2026-05-04 14:58:50","2026-05-04 14:58:50"
"1698","Bearing ARB 22330 C3","Raw Material","1","Nos","","0","","2","22330 C3","B (50-150kg)","0","0","0","0","","FINISH","Store MHEL","","","","0","No","2026-05-04 14:59:45","2026-05-04 14:59:45"
"1699","Bearing ARB","Raw Material","1","Nos","","0","","2","22328 C4 ARB","B (50-150kg)","0","0","0","0","","FINISH","Store MHEL","","","","0","No","2026-05-04 15:07:03","2026-05-04 15:07:03"
"1700","Bearing UCP ARB","Raw Material","1","Nos","","0","","4","213","B (50-150kg)","0","0","0","0","","FINISH","Store MHEL","","","","0","No","2026-05-04 15:08:05","2026-05-04 15:08:05"
"1701","Core Drill","Raw Material","1","Nos","","0","","4","18mm","C (Less Then 50kg)","0","0","0","0","","FINISH","Store MHEL","","","","0","No","2026-05-04 15:09:45","2026-05-04 15:09:45"
"1702","Sleeve","Raw Material","1","Nos","","0","","10","2026","","0","0","0","0","","SEMI_FINISH","MTPL","","","","0","No","2026-05-04 16:09:04","2026-05-04 16:11:26"
"1703","Vane Pump 45 LPM","Spare Parts","4","Nos","","0","","1","2026","","0","0","0","0","","FINISH","Store MHEL","","","","0","No","2026-05-06 12:24:44","2026-05-06 12:24:44"
"1704","Directional Control Valve","Spare Parts","4","Nos","","0","","1","2026","","0","0","0","0","","FINISH","Store MHEL","","","","0","No","2026-05-06 12:25:27","2026-05-06 12:25:27"
"1705","Block","Spare Parts","4","Nos","","0","","1","2026","","0","0","0","0","","FINISH","Store MHEL","","","","0","No","2026-05-06 12:25:57","2026-05-06 12:25:57"
"1706","Metal Detector","Raw Material","1","Nos","","0","","2","Nil","A (150kg)","0","0","0","0","","FINISH","Store MHEL","","","","0","No","2026-05-06 16:40:01","2026-05-06 16:40:01"
"1707","Gear Box","Raw Material","1","Nos","","0","","3","K-5 ID:2.5'' With Tapper Lock","A (150kg)","0","0","0","0","","FINISH","Store MHEL","","","","0","No","2026-05-06 16:51:19","2026-05-06 16:51:19"
"1708","Ingot 80 + 10 + 10","MTPL","6","Kg","","0","","50","2026","","0","0","0","0","","FINISH","MTPL","","","","0","No","2026-05-07 15:38:02","2026-05-07 15:38:02"
"1711","Bearing","Raw Material","1","Nos","","0","","1","GE-260","B (50-150kg)","0","0","0","0","","FINISH","Store MHEL","","","","0","No","2026-05-11 13:48:21","2026-05-11 13:48:21"
"1712","Round Bar","Raw Material","1","Kg","","0","","1","2026","","0","0","0","0","","FINISH","Store MHEL","","","","0","No","2026-05-11 14:32:11","2026-05-11 14:32:11"
"1713","Shell Make Omala gear Oil 320","Raw Material","1","Ltr","","0","","1","2026","","0","0","0","0","","FINISH","Store MHEL","","","","0","No","2026-05-11 17:33:57","2026-05-11 17:33:57"
"1714","Locking Assembly Model - N7014","Raw Material","1","Nos","","0","","1","Model - N7014","","0","0","0","0","","FINISH","Store MHEL","","","","0","No","2026-05-11 17:45:35","2026-05-11 17:45:35"
"1715","BODY BLOCK","Raw Material","1","Nos","","0","","0","DTO 42X08","","0","0","0","0","","FINISH","","MS CASTING","0","0","0","No","2026-05-14 13:31:02","2026-05-14 13:31:02"
"1716","BODY PLATE","Raw Material","1","Nos","","0","","0","DTO 42X08","","0","0","0","50","","FINISH","","MS PLATE","0","0","0","No","2026-05-14 13:31:02","2026-05-14 13:31:02"
"1717","SWING JAW","Raw Material","1","Nos","","0","","0","DTO 42X08","","0","0","0","0","","FINISH","","MS CASTING","0","0","0","No","2026-05-14 13:31:02","2026-05-14 13:31:02"
"1718","STATIONARY JAW","Raw Material","1","Nos","","0","","0","DTO 42X08","","0","0","0","0","","FINISH","","MS CASTING","0","0","0","No","2026-05-14 13:31:02","2026-05-14 13:31:02"
"1719","ECCENTRIC SHAFT","Raw Material","1","Nos","","0","","0","DTO 42X08","","0","0","1930","0","","FINISH","","EN8 ROUND BAR","205","0","0","No","2026-05-14 13:31:02","2026-05-14 13:31:02"
"1720","HING PIN","Raw Material","1","Nos","","0","","0","DTO 42X08","","0","0","1330","0","","FINISH","","EN8 ROUND BAR","142","0","0","No","2026-05-14 13:31:02","2026-05-14 13:31:02"
"1721","BEARING HING PIN DTO 42X08","Raw Material","1","Nos","","0","","0","22224 C3","","0","0","0","0","","FINISH","","","0","0","0","No","2026-05-14 13:31:02","2026-05-14 13:31:02"
"1722","BEARING FOR ECCENTRIC DTO 42X08","Raw Material","1","Nos","","0","","0","22328 C3","","0","0","0","0","","FINISH","","","0","0","0","No","2026-05-14 13:31:02","2026-05-14 13:31:02"
"1723","JAW PLATE","Raw Material","1","Nos","","0","","0","DTO 42X08","","0","0","0","0","","FINISH","","MN STEEL","0","0","0","No","2026-05-14 13:31:02","2026-05-14 13:31:02"
"1724","SIDE PLATE","Raw Material","1","Nos","","0","","0","DTO 42X08","","0","0","0","0","","FINISH","","MN STEEL","0","0","0","No","2026-05-14 13:31:02","2026-05-14 13:31:02"
"1725","TOGGLE PLATE","Raw Material","1","Nos","","0","","0","DTO 42X08","","0","0","0","0","","FINISH","","MS CASTING","0","0","0","No","2026-05-14 13:31:02","2026-05-14 13:31:02"
"1726","PITMAN","Raw Material","1","Nos","","0","","0","DTO 42X08","","0","0","0","0","","FINISH","","MS CASTING","0","0","0","No","2026-05-14 13:31:02","2026-05-14 13:31:02"
"1727","TOGGLE SHEET","Raw Material","1","Nos","","0","","0","DTO 42X08","","0","0","0","0","","FINISH","","GUNMETAL","0","0","0","No","2026-05-14 13:31:02","2026-05-14 13:31:02"
"1728","TOGGLE PIN","Raw Material","1","Nos","","0","","0","DTO 42X08","","0","0","0","0","","FINISH","","GUNMETAL","0","0","0","No","2026-05-14 13:31:02","2026-05-14 13:31:02"
"1729","FLYWHEEL","Raw Material","1","Nos","","0","","0","DTO 42X08","","0","0","0","0","","FINISH","","CAST IRON","44","0","0","No","2026-05-14 13:31:02","2026-05-14 13:31:02"
"1730","TAPER BUSH","Raw Material","1","Nos","","0","","0","DTO 42X08","","0","0","0","0","","FINISH","","MS CASTING","0","0","0","No","2026-05-14 13:31:02","2026-05-14 13:31:02"
"1731","ECCENTRIC COVER","Raw Material","1","Nos","","0","","0","DTO 42X08","","0","0","0","0","","FINISH","","MS CASTING","0","0","0","No","2026-05-14 13:31:02","2026-05-14 13:31:02"
"1732","HING PIN COVER","Raw Material","1","Nos","","0","","0","DTO 42X08","","0","0","0","0","","FINISH","","MS CASTING","0","0","0","No","2026-05-14 13:31:02","2026-05-14 13:31:02"
"1733","SWING JAW KEEPER","Raw Material","1","Nos","","0","","0","DTO 42X08","","0","0","0","0","","FINISH","","MS CASTING","0","0","0","No","2026-05-14 13:31:02","2026-05-14 13:31:02"
"1734","GUARD PLATE","Raw Material","1","Nos","","0","","0","DTO 42X08","","0","0","0","0","","FINISH","","MS CASTING","0","0","0","No","2026-05-14 13:31:02","2026-05-14 13:31:02"
"1735","STATIONARY JAW KEEPER","Raw Material","1","Nos","","0","","0","DTO 42X08","","0","0","0","0","","FINISH","","MS CASTING","0","0","0","No","2026-05-14 13:31:02","2026-05-14 13:31:02"
"1736","TOGGLE SPRING","Raw Material","1","Nos","","0","","0","DTO 42X08","","0","0","220","12","","FINISH","","SPRING STEEL","108","84","0","No","2026-05-14 13:31:02","2026-05-14 13:31:02"
"1737","PULL BACK SPRING","Raw Material","1","Nos","","0","","0","DTO 42X08","","0","0","360","28","","FINISH","","SPRING STEEL","175","119","0","No","2026-05-14 13:31:02","2026-05-14 13:31:02"
"1738","EYELET","Raw Material","1","Nos","","0","","0","DTO 42X08","","0","0","1000","0","","FINISH","","MS ROUND BAR","65","0","0","No","2026-05-14 13:31:02","2026-05-14 13:31:02"
"1739","EYELET PIN ","Raw Material","1","Nos","","0","","0","DTO 42X08","","0","0","1500","0","","FINISH","","MS ROUND BAR","25","0","0","No","2026-05-14 13:31:02","2026-05-14 13:31:02"
"1740","OIL SEAL DTO 42X08","Raw Material","1","Nos","","0","","0","135-160-13","","0","0","0","0","","FINISH","","","0","0","0","No","2026-05-14 13:31:02","2026-05-14 13:31:02"
"1741","CHECK NUT DTO 42X08","Raw Material","1","Nos","","0","","0","KM28","","0","0","0","0","","FINISH","","","0","0","0","No","2026-05-14 13:31:02","2026-05-14 13:31:02"
"1742","LOCK WASHER DTO 42X08","Raw Material","1","Nos","","0","","0","MB28","","0","0","0","0","","FINISH","","","0","0","0","No","2026-05-14 13:31:02","2026-05-14 13:31:02"
"1743","VARTICAL OIL PUMP DTO 42X08","Raw Material","1","Nos","","0","","0","1HP","","0","0","0","0","","FINISH","","","0","0","0","No","2026-05-14 13:31:02","2026-05-14 13:31:02"
"1744","RUBBER OIL HOSE PIPE  DTO 42X08","Raw Material","1","FEET","","0","","0","1.5""","","0","0","0","0","","FINISH","","","0","0","0","No","2026-05-14 13:31:02","2026-05-14 13:31:02"
"1745","RUBBER OIL HOSE PIPE  DTO 42X08","Raw Material","1","FEET","","0","","0","3/8""","","0","0","0","0","","FINISH","","","0","0","0","No","2026-05-14 13:31:02","2026-05-14 13:31:02"
"1746","OIL LEVEL GAUGE DTO 42X08","Raw Material","1","Nos","","0","","0","5""","","0","0","0","0","","FINISH","","","0","0","0","No","2026-05-14 13:31:02","2026-05-14 13:31:02"
"1747","DIAPHRAGM","Raw Material","1","Nos","","0","","0","DTO 42X08","","0","0","0","0","","FINISH","","NEOPERINE","0","0","0","No","2026-05-14 13:31:02","2026-05-14 13:31:02"
"1748","OIL TANK","Raw Material","1","Nos","","0","","0","100LTR","","0","0","0","0","","FINISH","","","0","0","0","No","2026-05-14 13:31:02","2026-05-14 13:31:02"
"1749","PULL BACK ROD","Raw Material","1","Nos","","0","","0","DTO 42X08","","0","0","1550","0","","FINISH","","MS ROUND BAR","40","0","0","No","2026-05-14 13:31:02","2026-05-14 13:31:02"
"1750","SQ HEAD BOLT WITH NUT","Raw Material","1","Nos","","0","","0","DTO 42X08","","0","0","16","0","","FINISH","","","1","0","0","No","2026-05-14 13:31:02","2026-05-14 13:31:02"
"1751","HEX HEAD BOLT WITH NUT","Raw Material","1","Nos","","0","","0","DTO 42X08","","0","0","100","0","","FINISH","","","20","0","0","No","2026-05-14 13:31:02","2026-05-14 13:31:02"
"1752","HEX HEAD BOLT","Raw Material","1","Nos","","0","","0","DTO 42X08","","0","0","75","0","","FINISH","","","20","0","0","No","2026-05-14 13:31:02","2026-05-14 13:31:02"
"1753","QUARTER PIN","Raw Material","1","Nos","","0","","0","DTO 42X08","","0","0","0","0","","FINISH","","","8","0","0","No","2026-05-14 13:31:02","2026-05-14 13:31:02"
"1754","HT STUD","Raw Material","1","Nos","","0","","0","DTO 42X08","","0","0","40","0","","FINISH","","","10","0","0","No","2026-05-14 13:31:02","2026-05-14 13:31:02"
"1755","STUD","Raw Material","1","Nos","","0","","0","DTO 42X08","","0","0","14","0","","FINISH","","","1.5","0","0","No","2026-05-14 13:31:02","2026-05-14 13:31:02"
"1756","Elecon Make Gear Box 55kw, 1440 rpm","Others","5","Nos","","0","","2","2026","","0","0","0","0","","FINISH","Store MHEL","","","","0","No","2026-05-15 12:32:48","2026-05-15 12:32:48"
"1757","(Gearbox without motor) make PBL","Others","5","Nos","","0","","1","2026","","0","0","0","0","","FINISH","Store MHEL","","","","0","No","2026-05-15 14:41:24","2026-05-15 14:41:24"
"1758","(Gearbox without motor with Holdback) Make PBL","Others","5","Nos","","0","","1","2026","","0","0","0","0","","FINISH","Store MHEL","","","","0","No","2026-05-15 14:43:44","2026-05-15 14:43:44"
"1759","Bearing Housing","Raw Material","1","Nos","","0","","500","84x47","A (150kg)","0","0","0","0","","FINISH","Roller Dept.","","","","0","No","2026-05-15 17:12:34","2026-05-15 17:12:34"
"1760","Rubber Ring","Raw Material","1","Nos","","0","","200","90x150","B (50-150kg)","0","0","0","0","","FINISH","Roller Dept.","","","","0","No","2026-05-15 17:13:13","2026-05-15 17:13:13"
"1761","Bearing ARB","Raw Material","1","Nos","","0","","1","GE-260","A (150kg)","0","0","0","0","","FINISH","Store MHEL","","","","0","No","2026-05-15 17:13:43","2026-05-15 17:13:43"
"1762","Round Bar EN-8","Raw Material","1","Nos","","0","","1","220x2125","A (150kg)","0","0","2125","0","","FINISH","Hacksaw Machine Ke Pass","","","","0","No","2026-05-15 17:14:58","2026-05-15 17:14:58"
"1763","Round Bar EN-19","Raw Material","1","Nos","","0","","1","120x1010","B (50-150kg)","0","0","0","0","","FINISH","Hacksaw Machine Ke Pass","","","","0","No","2026-05-15 17:15:29","2026-05-15 17:15:29"
"1764","Round Bar EN-19","Raw Material","1","Nos","","0","","1","110x770","B (50-150kg)","0","0","0","0","","FINISH","Hacksaw Machine Ke Pass","","","","0","No","2026-05-15 17:15:58","2026-05-15 17:15:58"
"1765","Core Drill 18mm","Raw Material","1","Nos","","0","","3","18mm","C (Less Then 50kg)","0","0","0","0","","FINISH","Store MHEL","","","","0","No","2026-05-15 17:16:46","2026-05-15 17:16:46"
"1766","Jali 45mm Hole","Raw Material","1","Nos","","0","","3","5FT X 14FT","B (50-150kg)","0","0","0","0","","FINISH","Vibration Dept. Me","","","","0","No","2026-05-15 17:17:59","2026-05-15 17:17:59"
"1767","Jali 8mm Hole","Raw Material","1","Nos","","0","","2","5FT X 4FT","B (50-150kg)","0","0","0","0","","FINISH","Vibration Dept. Me","","","","0","No","2026-05-15 17:18:43","2026-05-15 17:18:43"
"1768","Oil Pump 1 Hp Vertical","Raw Material","1","Nos","","0","","8","1 Hp","B (50-150kg)","0","0","0","0","","FINISH","Store MHEL","","","","0","No","2026-05-15 17:19:53","2026-05-15 17:19:53"
"1769","Seamless Pipe","Raw Material","1","Nos","","0","","1","270x210x400","B (50-150kg)","0","0","0","0","","FINISH","Hacksaw Machine Ke Pass","","","","0","No","2026-05-15 17:20:31","2026-05-15 17:20:31"
"1770","Bearing SKF","Raw Material","1","Nos","","0","","1","6214 ZZ","B (50-150kg)","0","0","0","0","","FINISH","Store MHEL","","","","0","No","2026-05-15 17:21:20","2026-05-15 17:21:20"
"1771","Tools","Others","5","Nos","","0","","1","2026","","0","0","0","0","","FINISH","Store MHEL","","","","0","No","2026-05-15 17:26:39","2026-05-15 17:26:39"
"1772","M S Plate","Raw Material","1","Kg","","0","","1","2026","","0","0","0","0","","SEMI_FINISH","Machine Shop Me","","","","0","No","2026-05-15 19:26:26","2026-05-15 19:26:26"
"1773","BODY BLOCK","Raw Material","1","Nos","","0","","0","DTO 48X08","","0","0","0","0","","FINISH","","MS CASTING","0","0","0","No","2026-05-18 14:09:12","2026-05-18 14:09:12"
"1774","BODY PLATE","Raw Material","1","Nos","","0","","0","DTO 48X08","","0","0","0","50","","FINISH","","MS PLATE","0","0","0","No","2026-05-18 14:09:12","2026-05-18 14:09:12"
"1775","SWING JAW","Raw Material","1","Nos","","0","","0","DTO 48X08","","0","0","0","0","","FINISH","","MS CASTING","0","0","0","No","2026-05-18 14:09:12","2026-05-18 14:09:12"
"1776","STATIONARY JAW","Raw Material","1","Nos","","0","","0","DTO 48X08","","0","0","0","0","","FINISH","","MS CASTING","0","0","0","No","2026-05-18 14:09:12","2026-05-18 14:09:12"
"1777","ECCENTRIC SHAFT","Raw Material","1","Nos","","0","","0","DTO 48X08","","0","0","2130","0","","FINISH","","EN8 ROUND BAR","220","0","0","No","2026-05-18 14:09:12","2026-05-18 14:09:12"
"1778","HING PIN","Raw Material","1","Nos","","0","","0","DTO 48X08","","0","0","1500","0","","FINISH","","EN8 ROUND BAR","160","0","0","No","2026-05-18 14:09:12","2026-05-18 14:09:12"
"1779","BEARING HING PIN DTO 42X08","Raw Material","1","Nos","","0","","0","22230 C3","","0","0","0","0","","FINISH","","","0","0","0","No","2026-05-18 14:09:12","2026-05-18 14:09:12"
"1780","BEARING FOR ECCENTRIC DTO 42X08","Raw Material","1","Nos","","0","","0","22332 C3","","0","0","0","0","","FINISH","","","0","0","0","No","2026-05-18 14:09:12","2026-05-18 14:09:12"
"1781","JAW PLATE","Raw Material","1","Nos","","0","","0","DTO 48X08","","0","0","0","0","","FINISH","","MN STEEL","0","0","0","No","2026-05-18 14:09:12","2026-05-18 14:09:12"
"1782","SIDE PLATE","Raw Material","1","Nos","","0","","0","DTO 48X08","","0","0","0","0","","FINISH","","MN STEEL","0","0","0","No","2026-05-18 14:09:12","2026-05-18 14:09:12"
"1783","TOGGLE PLATE","Raw Material","1","Nos","","0","","0","DTO 48X08","","0","0","0","0","","FINISH","","MS CASTING","0","0","0","No","2026-05-18 14:09:12","2026-05-18 14:09:12"
"1784","PITMAN","Raw Material","1","Nos","","0","","0","DTO 48X08","","0","0","0","0","","FINISH","","MS CASTING","0","0","0","No","2026-05-18 14:09:12","2026-05-18 14:09:12"
"1785","TOGGLE SHEET","Raw Material","1","Nos","","0","","0","DTO 48X08","","0","0","0","0","","FINISH","","GUNMETAL","0","0","0","No","2026-05-18 14:09:12","2026-05-18 14:09:12"
"1786","TOGGLE PIN","Raw Material","1","Nos","","0","","0","DTO 48X08","","0","0","0","0","","FINISH","","GUNMETAL","0","0","0","No","2026-05-18 14:09:12","2026-05-18 14:09:12"
"1787","FLYWHEEL","Raw Material","1","Inch","","0","","0","DTO 48X08","","0","0","0","0","","FINISH","","CAST IRON","44","0","0","No","2026-05-18 14:09:12","2026-05-18 14:09:12"
"1788","TAPER BUSH","Raw Material","1","Nos","","0","","0","DTO 48X08","","0","0","0","0","","FINISH","","MS CASTING","0","0","0","No","2026-05-18 14:09:12","2026-05-18 14:09:12"
"1789","ECCENTRIC COVER","Raw Material","1","Nos","","0","","0","DTO 48X08","","0","0","0","0","","FINISH","","MS CASTING","0","0","0","No","2026-05-18 14:09:12","2026-05-18 14:09:12"
"1790","HING PIN COVER","Raw Material","1","Nos","","0","","0","DTO 48X08","","0","0","0","0","","FINISH","","MS CASTING","0","0","0","No","2026-05-18 14:09:12","2026-05-18 14:09:12"
"1791","SWING JAW KEEPER","Raw Material","1","Nos","","0","","0","DTO 48X08","","0","0","0","0","","FINISH","","MS CASTING","0","0","0","No","2026-05-18 14:09:12","2026-05-18 14:09:12"
"1792","GUARD PLATE","Raw Material","1","Nos","","0","","0","DTO 48X08","","0","0","0","0","","FINISH","","MS CASTING","0","0","0","No","2026-05-18 14:09:12","2026-05-18 14:09:12"
"1793","STATIONARY JAW KEEPER","Raw Material","1","Nos","","0","","0","DTO 48X08","","0","0","0","0","","FINISH","","MS CASTING","0","0","0","No","2026-05-18 14:09:12","2026-05-18 14:09:12"
"1794","TOGGLE SPRING","Raw Material","1","Nos","","0","","0","DTO 48X08","","0","0","220","12","","FINISH","","SPRING STEEL","108","84","0","No","2026-05-18 14:09:12","2026-05-18 14:09:12"
"1795","PULL BACK SPRING","Raw Material","1","Nos","","0","","0","DTO 48X08","","0","0","360","28","","FINISH","","SPRING STEEL","175","119","0","No","2026-05-18 14:09:12","2026-05-18 14:09:12"
"1796","EYELET","Raw Material","1","Nos","","0","","0","DTO 48X08","","0","0","1000","0","","FINISH","","MS ROUND BAR","65","0","0","No","2026-05-18 14:09:12","2026-05-18 14:09:12"
"1797","EYELET PIN ","Raw Material","1","Nos","","0","","0","DTO 48X08","","0","0","1500","0","","FINISH","","MS ROUND BAR","25","0","0","No","2026-05-18 14:09:12","2026-05-18 14:09:12"
"1798","CHECK NUT DTO 42X08","Raw Material","1","Nos","","0","","0","KM32","","0","0","0","0","","FINISH","","","0","0","0","No","2026-05-18 14:09:12","2026-05-18 14:09:12"
"1799","LOCK WASHER DTO 42X08","Raw Material","1","Nos","","0","","0","MB32","","0","0","0","0","","FINISH","","","0","0","0","No","2026-05-18 14:09:12","2026-05-18 14:09:12"
"1800","DIAPHRAGM","Raw Material","1","Nos","","0","","0","DTO 48X08","","0","0","0","0","","FINISH","","NEOPERINE","0","0","0","No","2026-05-18 14:09:12","2026-05-18 14:09:12"
"1801","PULL BACK ROD","Raw Material","1","Nos","","0","","0","DTO 48X08","","0","0","1550","0","","FINISH","","MS ROUND BAR","40","0","0","No","2026-05-18 14:09:12","2026-05-18 14:09:12"
"1802","SQ HEAD BOLT WITH NUT","Raw Material","1","Inch","","0","","0","DTO 48X08","","0","0","16","0","","FINISH","","","1","0","0","No","2026-05-18 14:09:12","2026-05-18 14:09:12"
"1803","HEX HEAD BOLT WITH NUT","Raw Material","1","Nos","","0","","0","DTO 48X08","","0","0","100","0","","FINISH","","","M20","0","0","No","2026-05-18 14:09:12","2026-05-18 14:09:12"
"1804","HEX HEAD BOLT","Raw Material","1","Nos","","0","","0","DTO 48X08","","0","0","75","0","","FINISH","","","M20","0","0","No","2026-05-18 14:09:12","2026-05-18 14:09:12"
"1805","QUARTER PIN","Raw Material","1","Nos","","0","","0","DTO 48X08","","0","0","0","0","","FINISH","","","8","0","0","No","2026-05-18 14:09:12","2026-05-18 14:09:12"
"1806","HT STUD","Raw Material","1","Nos","","0","","0","DTO 48X08","","0","0","40","0","","FINISH","","","M10","0","0","No","2026-05-18 14:09:12","2026-05-18 14:09:12"
"1807","STUD","Raw Material","1","Inch","","0","","0","DTO 48X08","","0","0","16","0","","FINISH","","","1.5","0","0","No","2026-05-18 14:09:12","2026-05-18 14:09:12"
"1808","Aluminium","Raw Material","1","Kg","","0","","10","2026","","0","0","0","0","","FINISH","MTPL","","","","0","No","2026-05-18 19:24:02","2026-05-18 19:24:02"
"1809","Grinder Wheel  400 x 65 x 152.4","Others","5","Nos","","0","","1","2026","","0","0","0","0","","SEMI_FINISH","MTPL","","","","0","No","2026-05-19 13:22:53","2026-05-19 13:22:53"
"1810","TNMG","Raw Material","1","Nos","","0","","100","160408","C (Less Then 50kg)","0","0","0","0","","FINISH","Store MHEL","","","","0","No","2026-05-20 16:53:34","2026-05-20 16:53:34"
"1811","CNMG 120408/","Raw Material","1","Nos","","0","","30","120408","C (Less Then 50kg)","0","0","0","0","","FINISH","Store MHEL","","","","0","No","2026-05-20 16:54:35","2026-05-20 16:54:35"
"1812","Pulley","Raw Material","1","Nos","","0","","1","14'' C3","C (Less Then 50kg)","0","0","0","0","","FINISH","Store MHEL","","","","0","No","2026-05-20 16:55:39","2026-05-20 16:55:39"
"1813","Oil Seal","Raw Material","1","Nos","","0","","10","110x130x13","C (Less Then 50kg)","0","0","0","0","","FINISH","Store MHEL","","","","0","No","2026-05-20 16:56:04","2026-05-20 16:56:04"
"1814","Manganese Paint","Others","5","Kg","","0","","20","2026","","0","0","0","0","","SEMI_FINISH","MTPL","","","","0","No","2026-05-21 17:18:25","2026-05-21 17:18:25"
"1815","Zircon Paint (Mikotc 256)","Others","5","Kg","","0","","20","2026","","0","0","0","0","","SEMI_FINISH","MTPL","","","","0","No","2026-05-21 17:20:09","2026-05-21 17:20:09"
"1816","Graphite Paint","Others","5","Kg","","0","","20","2026","","0","0","0","0","","SEMI_FINISH","MTPL","","","","0","No","2026-05-21 17:27:09","2026-05-21 17:27:09"
"1817","Corefix","Others","5","Kg","","0","","5","2026","","0","0","0","0","","SEMI_FINISH","MTPL","","","","0","No","2026-05-21 18:35:17","2026-05-21 18:35:17"
"1818","Brg.","Spare Parts","4","Nos","","0","","1","2026","","0","0","0","0","","FINISH","Store MHEL","","","","0","No","2026-05-23 12:44:31","2026-05-23 12:44:31"
"1819","URB Bearing","Spare Parts","4","Nos","","0","","1","2026","","0","0","0","0","","FINISH","Store MHEL","","","","0","No","2026-05-23 17:44:07","2026-05-23 17:44:07"
"1820","Sodium Silicate","Raw Material","1","Ltr","","0","","1","2026","","0","0","0","0","","SEMI_FINISH","MTPL","","","","0","No","2026-05-25 12:12:21","2026-05-25 12:12:21"
"1821","Plate 8mm","Raw Material","1","Nos","","0","","1","2000x6000","A (150kg)","0","0","0","0","","FINISH","2 Unit CNC M/C Ke Pass","","","","0","No","2026-05-25 16:55:27","2026-05-25 16:55:27"
"1822","Plate 16mm","Raw Material","1","Nos","","0","","1","2000x3000","A (150kg)","0","0","0","0","","FINISH","2 Unit CNC M/C Ke Pass","","","","0","No","2026-05-25 16:55:58","2026-05-25 16:55:58"
"1823","Plate Mesh","Raw Material","1","Nos","","0","","2","8mm Hole X 6mm Plate","A (150kg)","0","0","0","0","","FINISH","Vibration Dept. Me","","","","0","No","2026-05-25 16:57:03","2026-05-25 16:57:03"
"1824","Plasma Nozzle 1.8mm for YK200-H","Others","5","Nos","","0","","1","2026","","0","0","0","0","","SEMI_FINISH","Store MHEL","","","","0","No","2026-05-26 19:14:41","2026-05-26 19:14:41"
"1825","Lead","Raw Material","1","Kg","","0","","1","2026","","0","0","0","0","","FINISH","MTPL","","","","0","No","2026-05-27 14:03:35","2026-05-27 14:03:35"
"1826","Tin","Raw Material","1","Kg","","0","","1","2026","","0","0","0","0","","FINISH","MTPL","","","","0","No","2026-05-27 14:07:53","2026-05-27 14:07:53"
"1827","Phosphorus","Raw Material","1","Kg","","0","","1","2026","","0","0","0","0","","FINISH","MTPL","","","","0","No","2026-05-27 14:09:17","2026-05-27 14:09:17"
"1828","Nickel","Raw Material","1","Kg","","0","","1","2026","","0","0","0","0","","FINISH","MTPL","","","","0","No","2026-05-27 14:12:45","2026-05-27 14:12:45"
"1829","C I Scrap","Raw Material","1","Ton","","0","","1","2026","","0","0","0","0","","FINISH","MTPL","","","","0","No","2026-05-27 15:10:08","2026-05-27 15:10:08"
"1830","M S Scrap","Raw Material","1","Ton","","0","","1","2026","","0","0","0","0","","FINISH","MTPL","","","","0","No","2026-05-27 15:11:20","2026-05-27 15:11:20"
"1831","Tip","Raw Material","1","Nos","","0","","1","P30","C (Less Then 50kg)","0","0","0","0","","FINISH","Store MHEL","","","","0","No","2026-05-28 17:54:03","2026-05-28 17:54:03"
"1832","Plate Mesh","Raw Material","1","Nos","","0","","2","4mm Hole X 6mm Plate","B (50-150kg)","0","0","0","0","","FINISH","Vibration Dept. Me","","","","0","No","2026-05-29 14:57:38","2026-05-29 14:57:38"
"1833","Welding Head Gloves","Raw Material","1","Pair","","0","","30","Red","C (Less Then 50kg)","0","0","0","0","","FINISH","Store MHEL","","","","0","No","2026-05-29 15:00:03","2026-05-29 15:00:03"
"1834","Hand Gloves","Raw Material","1","Pair","","0","","48","Paints","C (Less Then 50kg)","0","0","0","0","","FINISH","Store MHEL","","","","0","No","2026-05-29 15:00:47","2026-05-29 15:00:47"
"1835","Lefting Belt","Raw Material","1","Nos","","0","","6","3 Ton","C (Less Then 50kg)","0","0","0","0","","FINISH","Store MHEL","","","","0","No","2026-05-29 15:01:37","2026-05-29 15:01:37"
"1836","Lefting Belt","Raw Material","1","Nos","","0","","6","2 Ton","C (Less Then 50kg)","0","0","0","0","","FINISH","Store MHEL","","","","0","No","2026-05-29 15:02:16","2026-05-29 15:02:16"
"1837","Goggles","Raw Material","1","Nos","","0","","40","White","C (Less Then 50kg)","0","0","0","0","","FINISH","Store MHEL","","","","0","No","2026-05-29 15:03:18","2026-05-29 15:03:18"
"1838","Welding Head Gloves","Raw Material","1","Pair","","0","","20","Heavy Duty","C (Less Then 50kg)","0","0","0","0","","FINISH","Store MHEL","","","","0","No","2026-05-29 15:04:03","2026-05-29 15:04:03"
"1839","Jaw Plate Plain","Raw Material","1","Nos","","0","","2","41.5x60","A (150kg)","0","0","0","0","","FINISH","Short Blasting Machine Ke Pass","","","","0","No","2026-05-29 15:10:45","2026-05-29 15:10:45"
"1840","Jaw Plate Small","Raw Material","1","Set","","0","","1","42x32 STG","A (150kg)","0","0","0","0","","FINISH","Short Blasting Machine Ke Pass","","","","0","No","2026-05-29 15:11:36","2026-05-29 15:11:36"
"1841","Alu. Cable","Raw Material","1","mtr","","0","","75","95 Sqmm X 3.5 Core","B (50-150kg)","0","0","0","0","","FINISH","Store MHEL","","","","0","No","2026-05-29 16:01:05","2026-05-29 16:01:05"
"1842","Wire","Raw Material","1","mtr","","0","","100","6 Sqmm X 4 Core","B (50-150kg)","0","0","0","0","","FINISH","Store MHEL","","","","0","No","2026-05-29 16:02:08","2026-05-29 16:02:08"
"1843","Cable","Raw Material","1","mtr","","0","","45","1.5 Sqmm X 19 Core","B (50-150kg)","0","0","0","0","","FINISH","Store MHEL","","","","0","No","2026-05-29 16:03:05","2026-05-29 16:03:05"
"1844","Conveyor Belt","Raw Material","1","mtr","","0","","100","900mm X 4ply","A (150kg)","0","0","0","0","","FINISH","Conveyor Dept.","","","","0","No","2026-05-29 16:04:25","2026-05-29 16:04:25"
"1845","Dust Seal","Raw Material","1","Nos","","0","","2","Kcc-1200","B (50-150kg)","0","0","0","0","","FINISH","Store MHEL","","","","0","No","2026-05-29 16:05:08","2026-05-29 16:05:08"
"1846","Dust Seal","Raw Material","1","Nos","","0","","1","Kcc-900","B (50-150kg)","0","0","0","0","","FINISH","Store MHEL","","","","0","No","2026-05-29 16:05:43","2026-05-29 16:05:43"
"1847","Dust Seal","Raw Material","1","Nos","","0","","1","Kcc-1000","B (50-150kg)","0","0","0","0","","FINISH","Store MHEL","","","","0","No","2026-05-29 16:07:07","2026-05-29 16:07:07"
"1848","Calculator","Stationery","2","Nos","","0","","2","Casio","C (Less Then 50kg)","0","0","0","0","","FINISH","Store MHEL","","","","0","No","2026-05-29 16:18:37","2026-05-29 16:18:37"
"1849","Carbon Paper","Stationery","2","Nos","","0","","100","Nil","C (Less Then 50kg)","0","0","0","0","","FINISH","Store MHEL","","","","0","No","2026-05-29 16:19:22","2026-05-29 16:19:22"
"1850","Stapler","Stationery","2","Nos","","0","","3","HD-10","C (Less Then 50kg)","0","0","0","0","","FINISH","Store MHEL","","","","0","No","2026-05-29 16:20:03","2026-05-29 16:20:03"
"1851","Pendrive","Raw Material","1","Nos","","0","","1","128 GB","C (Less Then 50kg)","0","0","0","0","","FINISH","Store MHEL","","","","0","No","2026-05-29 16:20:47","2026-05-29 16:20:47"
"1852","Round Bar EN-8","Raw Material","1","Nos","","0","","5","60mm","A (150kg)","0","0","0","0","","FINISH","Hacksaw Machine Ke Pass","","","","0","No","2026-05-29 16:22:03","2026-05-29 16:22:03"
"1853","Round Bar EN-8","Raw Material","1","Nos","","0","","2","65mm","A (150kg)","0","0","0","0","","FINISH","Hacksaw Machine Ke Pass","","","","0","No","2026-05-29 16:22:37","2026-05-29 16:22:37"
"1854","Round Bar EN-8","Raw Material","1","Nos","","0","","1","70mm","A (150kg)","0","0","0","0","","FINISH","Hacksaw Machine Ke Pass","","","","0","No","2026-05-29 16:23:02","2026-05-29 16:23:02"
"1855","Round Bar EN-8","Raw Material","1","Nos","","0","","1","230x1860mm","A (150kg)","0","0","0","0","","FINISH","Hacksaw Machine Ke Pass","","","","0","No","2026-05-29 16:23:33","2026-05-29 16:23:33"
"1856","Lock Nut","Raw Material","1","Nos","","0","","2","KM-40","B (50-150kg)","0","0","0","0","","FINISH","Store MHEL","","","","0","No","2026-05-29 16:24:14","2026-05-29 16:24:14"
"1857","Lock Washer","Raw Material","1","Nos","","0","","2","MB-40","B (50-150kg)","0","0","0","0","","FINISH","Store MHEL","","","","0","No","2026-05-29 16:24:44","2026-05-29 16:24:44"
"1858","Bearing","Raw Material","1","Nos","","0","","6","6309","","0","0","0","0","","FINISH","Store MHEL","","","","0","No","2026-05-29 16:25:21","2026-05-29 16:25:21"
"1859","Bearing","Raw Material","1","Nos","","0","","1","GE-240","A (150kg)","0","0","0","0","","FINISH","Store MHEL","","","","0","No","2026-05-29 16:26:37","2026-05-29 16:26:37"
"1860","Bush Gun Metal","Raw Material","1","Nos","","0","","1","504x24","A (150kg)","0","0","0","0","","FINISH","Short Blasting Machine Ke Pass","","","","0","No","2026-05-29 16:35:06","2026-05-29 16:35:06"
"1861","Bush Gun Metal","Raw Material","1","Nos","","0","","1","382x27","A (150kg)","0","0","0","0","","FINISH","Short Blasting Machine Ke Pass","","","","0","No","2026-05-29 16:36:32","2026-05-29 16:36:32"
"1862","Bush Gun Metal","Raw Material","1","Nos","","0","","1","335x220","A (150kg)","0","0","0","0","","FINISH","Short Blasting Machine Ke Pass","","","","0","No","2026-05-29 16:37:23","2026-05-29 16:37:23"
"1863","Antivibration Pad","Raw Material","1","Nos","","0","","8","180x180x125","A (150kg)","0","0","0","0","","FINISH","Store MHEL","","","","0","No","2026-06-01 14:05:09","2026-06-01 14:05:09"
"1864","HT Bolt","Raw Material","1","Nos","","0","","13","48x220","B (50-150kg)","0","0","0","0","","FINISH","Store MHEL","","","","0","No","2026-06-01 14:05:59","2026-06-01 14:05:59"
"1865","HT Nut","Raw Material","1","Nos","","0","","58","48mm","B (50-150kg)","0","0","0","0","","FINISH","Store MHEL","","","","0","No","2026-06-01 14:06:30","2026-06-01 14:06:30"
"1866","Oil Seal","Raw Material","1","Nos","","0","","10","180x210x15","C (Less Then 50kg)","0","0","0","0","","FINISH","Store MHEL","","","","0","No","2026-06-01 14:07:27","2026-06-01 14:07:27"
"1867","Lock Nut","Raw Material","1","Nos","","0","","2","KM-38","B (50-150kg)","0","0","0","0","","FINISH","Store MHEL","","","","0","No","2026-06-01 14:08:07","2026-06-01 14:08:07"
"1868","Lock Washer","Raw Material","1","Nos","","0","","2","MB-38","C (Less Then 50kg)","0","0","0","0","","FINISH","Store MHEL","","","","0","No","2026-06-01 14:09:04","2026-06-01 14:09:04"
"1869","Bearing","Raw Material","1","Nos","","0","","1","6206","C (Less Then 50kg)","0","0","0","0","","FINISH","Store MHEL","","","","0","No","2026-06-01 14:09:57","2026-06-01 14:09:57"
"1870","Bearing","Raw Material","1","Nos","","0","","4","NJ-2315","C (Less Then 50kg)","0","0","0","0","","FINISH","Store MHEL","","","","0","No","2026-06-01 14:10:31","2026-06-01 14:10:31"
"1871","Channel","Raw Material","1","Nos","","0","","2","300x90","A (150kg)","0","0","0","0","","FINISH","Store MHEL","","","","0","No","2026-06-01 14:27:41","2026-06-01 14:27:41"
"1872","Channel","Raw Material","1","Nos","","0","","2","200x75","A (150kg)","0","0","0","0","","FINISH","Store MHEL","","","","0","No","2026-06-01 14:28:19","2026-06-01 14:28:19"
"1873","Lock Nut","Raw Material","1","Nos","","0","","2","KM-16","C (Less Then 50kg)","0","0","0","0","","FINISH","Store MHEL","","","","0","No","2026-06-01 14:29:08","2026-06-01 14:29:08"
"1874","Lock Washer","Raw Material","1","Nos","","0","","2","MB-16","C (Less Then 50kg)","0","0","0","0","","FINISH","Store MHEL","","","","0","No","2026-06-01 14:29:32","2026-06-01 14:29:32"
"1875","Bearing","Raw Material","1","Nos","","0","","2","23138 C3","B (50-150kg)","0","0","0","0","","FINISH","Store MHEL","","","","0","No","2026-06-01 14:30:14","2026-06-01 14:30:14"
"1876","Bearing","Raw Material","1","Nos","","0","","2","23044 C3","C (Less Then 50kg)","0","0","0","0","","FINISH","Store MHEL","","","","0","No","2026-06-01 14:30:41","2026-06-01 14:30:41"
"1877","Polysrter Putty","Raw Material","1","Kg","","0","","48","Polyzon","B (50-150kg)","0","0","0","0","","FINISH","Store MHEL","","","","0","No","2026-06-01 14:31:50","2026-06-01 14:31:50"
"1878","Grey Primer","Raw Material","1","Ltr","","0","","40","Epoxy","C (Less Then 50kg)","0","0","0","0","","FINISH","Store MHEL","","","","0","No","2026-06-01 14:32:40","2026-06-01 14:32:40"
"1879","Allen Key 3mm","Raw Material","1","Nos","","0","","100","3mm","C (Less Then 50kg)","0","0","0","0","","FINISH","Store MHEL","","","","0","No","2026-06-01 14:33:42","2026-06-01 14:33:42"
"1880","Allen Key 4mm","Raw Material","1","Nos","","0","","100","4mm","C (Less Then 50kg)","0","0","0","0","","FINISH","Store MHEL","","","","0","No","2026-06-01 14:34:22","2026-06-01 14:34:22"
"1881","Allen Key 6mm","Raw Material","1","Nos","","0","","100","6mm","C (Less Then 50kg)","0","0","0","0","","FINISH","Store MHEL","","","","0","No","2026-06-01 14:34:51","2026-06-01 14:34:51"
"1882","Celing Fan","Raw Material","1","Nos","","0","","1","1200mm","C (Less Then 50kg)","0","0","0","0","","FINISH","Store MHEL","","","","0","No","2026-06-01 14:36:41","2026-06-01 14:36:41"
"1883","HT Bolt 10x30","Raw Material","1","Nos","","0","","800","10x30","C (Less Then 50kg)","0","0","0","0","","FINISH","Store MHEL","","","","0","No","2026-06-01 14:37:29","2026-06-01 14:37:29"
"1884","HT Bolt","Raw Material","1","Nos","","0","","400","12x30","C (Less Then 50kg)","0","0","0","0","","FINISH","Store MHEL","","","","0","No","2026-06-01 14:38:39","2026-06-01 14:38:39"
"1885","Motor Foot Mounted","Raw Material","1","Nos","","0","","1","10 Hp","B (50-150kg)","0","0","0","0","","FINISH","Store MHEL","","","","0","No","2026-06-02 12:07:27","2026-06-02 12:07:27"
"1886","Round Bar EN-8","Raw Material","1","Nos","","0","","1","142x1330mm","B (50-150kg)","0","0","0","0","","FINISH","Hacksaw Machine Ke Pass","","","","0","No","2026-06-02 12:08:09","2026-06-02 12:08:09"
"1887","Round Bar EN-8","Raw Material","1","Nos","","0","","1","142x620mm","B (50-150kg)","0","0","0","0","","FINISH","Hacksaw Machine Ke Pass","","","","0","No","2026-06-02 12:09:12","2026-06-02 12:09:12"
"1888","Round Bar EN-8","Raw Material","1","Nos","","0","","1","142x655mm","B (50-150kg)","0","0","0","0","","FINISH","Hacksaw Machine Ke Pass","","","","0","No","2026-06-02 12:09:36","2026-06-02 12:09:36"
"1889","Industrial Fan Heavy Duty","Others","5","Nos","","0","","1","2026","","0","0","0","0","","FINISH","Store MHEL","","","","0","No","2026-06-02 14:41:31","2026-06-02 14:41:31"
"1890","Round Bar EN-24","Raw Material","1","Nos","","0","","1","110x900mm","B (50-150kg)","0","0","0","0","","FINISH","Hacksaw Machine Ke Pass","","","","0","No","2026-06-02 16:59:19","2026-06-02 16:59:19"
"1891","Hydraulic Cylinder 250mm Stroke","Spare Parts","4","Nos","","0","","1","2026","","0","0","0","0","","FINISH","Store MHEL","","","","0","No","2026-06-02 18:26:09","2026-06-02 18:26:09"
"1892","V Belt","Raw Material","1","Nos","","0","","2","A-56","C (Less Then 50kg)","0","0","0","0","","FINISH","Store MHEL","","","","0","No","2026-06-03 14:57:40","2026-06-03 14:57:40"
"1893","V Belt","Raw Material","1","Nos","","0","","2","B-82","C (Less Then 50kg)","0","0","0","0","","FINISH","Store MHEL","","","","0","No","2026-06-03 14:58:08","2026-06-03 14:58:08"
"1894","BODY BLOCK","Raw Material","1","Nos","","0","","0","DTO 36X08","","0","0","0","0","","FINISH","","MS CASTING","0","0","0","No","2026-06-04 11:11:30","2026-06-04 11:11:30"
"1895","BODY PLATE","Raw Material","1","Nos","","0","","0","DTO 36X08","","0","2350","2100","40","","FINISH","","MS PLATE","0","0","0","No","2026-06-04 11:11:30","2026-06-04 11:11:30"
"1896","SWING JAW","Raw Material","1","Nos","","0","","0","DTO 36X08","","0","0","0","0","","FINISH","","MS CASTING","0","0","0","No","2026-06-04 11:11:30","2026-06-04 11:11:30"
"1897","STATIONARY JAW","Raw Material","1","Nos","","0","","0","DTO 36X08","","0","0","0","0","","FINISH","","MS CASTING","0","0","0","No","2026-06-04 11:11:30","2026-06-04 11:11:30"
"1898","ECCENTRIC SHAFT","Raw Material","1","Nos","","0","","0","DTO 36X08","","0","0","1800","0","","FINISH","","EN8 ROUND BAR","180","0","0","No","2026-06-04 11:11:30","2026-06-04 11:11:30"
"1899","HING PIN","Raw Material","1","Nos","","0","","0","DTO 36X08","","0","0","1170","0","","FINISH","","EN8 ROUND BAR","142","0","0","No","2026-06-04 11:11:30","2026-06-04 11:11:30"
"1900","BEARING HING PIN DTO 36X08","Raw Material","1","Nos","","0","","0","23124 C3","","0","0","0","0","","FINISH","","","0","0","0","No","2026-06-04 11:11:30","2026-06-04 11:11:30"
"1901","BEARING FOR ECCENTRIC SHAFT DTO 36X08","Raw Material","1","Nos","","0","","0","22324 C3","","0","0","0","0","","FINISH","","","0","0","0","No","2026-06-04 11:11:30","2026-06-04 11:11:30"
"1902","JAW PLATE","Raw Material","1","Nos","","0","","0","DTO 36X08","","0","0","0","0","","FINISH","","MN STEEL","0","0","0","No","2026-06-04 11:11:30","2026-06-04 11:11:30"
"1903","SIDE PLATE","Raw Material","1","Nos","","0","","0","DTO 36X08","","0","0","0","0","","FINISH","","MN STEEL","0","0","0","No","2026-06-04 11:11:30","2026-06-04 11:11:30"
"1904","TOGGLE PLATE","Raw Material","1","Nos","","0","","0","DTO 36X08","","0","0","0","0","","FINISH","","MS CASTING","0","0","0","No","2026-06-04 11:11:30","2026-06-04 11:11:30"
"1905","PITMAN","Raw Material","1","Nos","","0","","0","DTO 36X08","","0","0","0","0","","FINISH","","MS CASTING","0","0","0","No","2026-06-04 11:11:30","2026-06-04 11:11:30"
"1906","TOGGLE SHEET","Raw Material","1","Nos","","0","","0","DTO 36X08","","0","0","0","0","","FINISH","","GUNMETAL","0","0","0","No","2026-06-04 11:11:30","2026-06-04 11:11:30"
"1907","TOGGLE PIN","Raw Material","1","Nos","","0","","0","DTO 36X08","","0","0","0","0","","FINISH","","GUNMETAL","0","0","0","No","2026-06-04 11:11:30","2026-06-04 11:11:30"
"1908","FLYWHEEL","Raw Material","1","Nos","","0","","0","DTO 36X08","","0","0","0","0","","FINISH","","CAST IRON","1015","0","0","No","2026-06-04 11:11:30","2026-06-04 11:11:30"
"1909","TAPER BUSH","Raw Material","1","Nos","","0","","0","DTO 36X08","","0","0","0","0","","FINISH","","MS CASTING","0","0","0","No","2026-06-04 11:11:30","2026-06-04 11:11:30"
"1910","ECCENTRIC COVER","Raw Material","1","Nos","","0","","0","DTO 36X08","","0","0","0","0","","FINISH","","MS CASTING","0","0","0","No","2026-06-04 11:11:30","2026-06-04 11:11:30"
"1911","HING PIN COVER","Raw Material","1","Nos","","0","","0","DTO 36X08","","0","0","0","0","","FINISH","","MS CASTING","0","0","0","No","2026-06-04 11:11:30","2026-06-04 11:11:30"
"1912","SWING JAW KEEPER","Raw Material","1","Nos","","0","","0","DTO 36X08","","0","0","0","0","","FINISH","","MS CASTING","0","0","0","No","2026-06-04 11:11:30","2026-06-04 11:11:30"
"1913","GUARD PLATE","Raw Material","1","Nos","","0","","0","DTO 36X08","","0","0","0","0","","FINISH","","MS CASTING","0","0","0","No","2026-06-04 11:11:30","2026-06-04 11:11:30"
"1914","STATIONARY JAW KEEPER","Raw Material","1","Nos","","0","","0","DTO 36X08","","0","0","0","0","","FINISH","","MS CASTING","0","0","0","No","2026-06-04 11:11:30","2026-06-04 11:11:30"
"1915","TOGGLE SPRING","Raw Material","1","Nos","","0","","0","DTO 36X08","","0","0","220","12","","FINISH","","SPRING STEEL","108","84","0","No","2026-06-04 11:11:30","2026-06-04 11:11:30"
"1916","PULL BACK SPRING","Raw Material","1","Nos","","0","","0","DTO 36X08","","0","0","360","28","","FINISH","","SPRING STEEL","175","119","0","No","2026-06-04 11:11:30","2026-06-04 11:11:30"
"1917","EYELET","Raw Material","1","Nos","","0","","0","DTO 36X08","","0","0","170","0","","FINISH","","EN8 ROUND BAR","65","0","0","No","2026-06-04 11:11:30","2026-06-04 11:11:30"
"1918","EYELET PIN ","Raw Material","1","Nos","","0","","0","DTO 36X08","","0","0","200","0","","FINISH","","EN8 ROUND BAR","25","0","0","No","2026-06-04 11:11:30","2026-06-04 11:11:30"
"1919","OIL SEAL 110-130-13","Raw Material","1","Nos","","0","","0","DTO 36X08","","0","0","0","0","","FINISH","","","0","0","0","No","2026-06-04 11:11:30","2026-06-04 11:11:30"
"1920","KM24","Raw Material","1","Nos","","0","","0","DTO 36X08","","0","0","0","0","","FINISH","","","0","0","0","No","2026-06-04 11:11:30","2026-06-04 11:11:30"
"1921","MB24","Raw Material","1","Nos","","0","","0","DTO 36X08","","0","0","0","0","","FINISH","","","0","0","0","No","2026-06-04 11:11:30","2026-06-04 11:11:30"
"1922","VARTICAL OIL PUMP 1HP","Raw Material","1","Nos","","0","","0","DTO 36X08","","0","0","0","0","","FINISH","","","0","0","0","No","2026-06-04 11:11:30","2026-06-04 11:11:30"
"1923","RUBBER OIL HOSE PIPE WITH CLAMP","Raw Material","1","Nos","","0","","0","DTO 36X08","","0","0","1500","0","","FINISH","","","0","38.1","0","No","2026-06-04 11:11:30","2026-06-04 11:11:30"
"1924","OIL LEVEL GAUGE 127","Raw Material","1","Nos","","0","","0","DTO 36X08","","0","0","0","0","","FINISH","","","0","127","0","No","2026-06-04 11:11:30","2026-06-04 11:11:30"
"1925","DIAPHRAGM","Raw Material","1","Nos","","0","","0","DTO 36X08","","0","0","0","0","","FINISH","","NEOPERINE","0","0","0","No","2026-06-04 11:11:30","2026-06-04 11:11:30"
"1926","POWER PACK TANK 100LTR","Raw Material","1","Nos","","0","","0","DTO 36X08","","0","0","0","0","","FINISH","","","0","0","0","No","2026-06-04 11:11:30","2026-06-04 11:11:30"
"1927","PULL BACK ROD","Raw Material","1","Nos","","0","","0","DTO 36X08","","0","0","1550","0","","FINISH","","EN8 ROUND BAR","40","0","0","No","2026-06-04 11:11:30","2026-06-04 11:11:30"
"1928","SQ HEAD BOLT WITH NUT","Raw Material","1","Nos","","0","","0","DTO 36X08","","0","0","355","0","","FINISH","","","25.4","0","0","No","2026-06-04 11:11:30","2026-06-04 11:11:30"
"1929","HEX HEAD BOLT WITH NUT, NYLON NUT, SPRING WASHER","Raw Material","1","Nos","","0","","0","DTO 36X08","","0","0","130","0","","FINISH","","","20","0","0","No","2026-06-04 11:11:30","2026-06-04 11:11:30"
"1930","HEX HEAD BOLT","Raw Material","1","Nos","","0","","0","DTO 36X08","","0","0","75","0","","FINISH","","","16","0","0","No","2026-06-04 11:11:30","2026-06-04 11:11:30"
"1931","QUARTER PIN","Raw Material","1","Nos","","0","","0","DTO 36X08","","0","0","0","0","","FINISH","","","8","0","0","No","2026-06-04 11:11:30","2026-06-04 11:11:30"
"1932","HT STUD","Raw Material","1","Nos","","0","","0","DTO 36X08","","0","0","40","0","","FINISH","","","10","0","0","No","2026-06-04 11:11:30","2026-06-04 11:11:30"
"1933","STUD","Raw Material","1","Nos","","0","","0","DTO 36X08","","0","0","400","0","","FINISH","","EN8 ROUND BAR","40","0","0","No","2026-06-04 11:11:30","2026-06-04 11:11:30"
"1934","TURN BUCKEL PIN","Raw Material","1","Nos","","0","","0","DTO 36X08","","0","0","175","0","","FINISH","","EN8 ROUND BAR","32","0","0","No","2026-06-04 11:11:30","2026-06-04 11:11:30"
"1935","TURN BUCKEL","Raw Material","1","Nos","","0","","0","DTO 36X08","","0","0","0","0","","FINISH","","","0","0","0","No","2026-06-04 11:11:30","2026-06-04 11:11:30"
"1936","NIPPLE","Raw Material","1","Nos","","0","","0","DTO 36X08","","0","0","0","0","","FINISH","","","9.5","0","0","No","2026-06-04 11:11:30","2026-06-04 11:11:30"
"1937","NIPPLE NUT","Raw Material","1","Nos","","0","","0","DTO 36X08","","0","0","0","0","","FINISH","","","12.2","0","0","No","2026-06-04 11:11:30","2026-06-04 11:11:30"
"1938","HEX HEAD BOLT WITH WASHER","Raw Material","1","Nos","","0","","0","DTO 36X08","","0","0","30","0","","FINISH","","","12","0","0","No","2026-06-04 11:11:30","2026-06-04 11:11:30"
"1939","GI PIPE","Raw Material","1","Nos","","0","","0","DTO 36X08","","0","0","975","0","","FINISH","","","12.2","0","0","No","2026-06-04 11:11:30","2026-06-04 11:11:30"
"1940","ROUND BAR","Raw Material","1","Nos","","0","","0","DTO 36X08","","0","0","1055","0","","FINISH","","EN8 ROUND BAR","65","0","0","No","2026-06-04 11:11:30","2026-06-04 11:11:30"
"1941","D BAR","Raw Material","1","Nos","","0","","0","DTO 36X08","","0","0","900","0","","FINISH","","EN8 ROUND BAR","65","0","0","No","2026-06-04 11:11:30","2026-06-04 11:11:30"
"1942","SPRING CAP","Raw Material","1","Nos","","0","","0","DTO 36X08","","0","0","0","50","","FINISH","","MS CIRCLE","180","0","0","No","2026-06-04 11:11:30","2026-06-04 11:11:30"
"1943","BODY CAP","Raw Material","1","Nos","","0","","0","DTO 36X08","","0","0","0","50","","FINISH","","MS CIRCLE","100","0","0","No","2026-06-04 11:11:30","2026-06-04 11:11:30"
"1944","OIL TRAY","Raw Material","1","Nos","","0","","0","DTO 36X08","","0","0","0","0","","FINISH","","FIBER","0","0","0","No","2026-06-04 11:11:30","2026-06-04 11:11:30"
"1945","PACKING RUBBER SHEET","Raw Material","1","Nos","","0","","0","DTO 36X08","","0","0","3500","8","","FINISH","","RUBBER","0","0","0","No","2026-06-04 11:11:30","2026-06-04 11:11:30"
"1946","GAS KIT","Raw Material","1","Nos","","0","","0","DTO 36X08","","0","500","500","2","","FINISH","","","0","0","0","No","2026-06-04 11:11:30","2026-06-04 11:11:30"
"1947","PULL BACK PIPE","Raw Material","1","Nos","","0","","0","DTO 36X08","","0","0","300","0","","FINISH","","MS ROUND PIPE","65","45","0","No","2026-06-04 11:11:30","2026-06-04 11:11:30"
"1948","SETTING SEAM","Raw Material","1","Nos","","0","","0","DTO 36X08","","0","0","1210","10","","FINISH","","MS FLAT","0","0","0","No","2026-06-04 11:11:30","2026-06-04 11:11:30"
"1949","HEX HEAD BOLT WITH NUT, NYLON NUT, WASHER","Raw Material","1","Nos","","0","","0","DTO 36X08","","0","0","127","0","","FINISH","","","15.8","0","0","No","2026-06-04 11:11:30","2026-06-04 11:11:30"
"1950","HEX HEAD BOLT WITH NUT, WASHER","Raw Material","1","Nos","","0","","0","DTO 36X08","","0","0","300","0","","FINISH","","","15.8","0","0","No","2026-06-04 11:11:30","2026-06-04 11:11:30"
"1951","WOODEN BLOCK","Raw Material","1","Nos","","0","","0","DTO 36X08","","200","200","200","0","","FINISH","","","0","0","0","No","2026-06-04 11:11:30","2026-06-04 11:11:30"
"2016","BEARING HING PIN DTO 48X08","Raw Material","1","Nos","","0","","0","22230 C3","","0","0","0","0","","FINISH","","","0","0","0","No","2026-06-04 15:13:02","2026-06-04 15:13:02"
"2017","BEARING FOR ECCENTRIC SHAFT DTO 48X08","Raw Material","1","Nos","","0","","0","22332 C3","","0","0","0","0","","FINISH","","","0","0","0","No","2026-06-04 15:13:02","2026-06-04 15:13:02"
"2018","OIL SEAL 150-180-13","Raw Material","1","Nos","","0","","0","DTO 48X08","","0","0","0","0","","FINISH","","","0","0","0","No","2026-06-04 15:13:03","2026-06-04 15:13:03"
"2019","KM32","Raw Material","1","Nos","","0","","0","DTO 48X08","","0","0","0","0","","FINISH","","","0","0","0","No","2026-06-04 15:13:03","2026-06-04 15:13:03"
"2020","MB32","Raw Material","1","Nos","","0","","0","DTO 48X08","","0","0","0","0","","FINISH","","","0","0","0","No","2026-06-04 15:13:03","2026-06-04 15:13:03"
"2021","VARTICAL OIL PUMP DTO 48X08","Raw Material","1","Nos","","0","","0","1HP","","0","0","0","0","","FINISH","","","0","0","0","No","2026-06-04 15:13:03","2026-06-04 15:13:03"
"2022","RUBBER OIL HOSE PIPE WITH CLAMP","Raw Material","1","Nos","","0","","0","DTO 48X08","","0","0","1500","0","","FINISH","","","0","38.1","0","No","2026-06-04 15:13:03","2026-06-04 15:13:03"
"2023","OIL LEVEL GAUGE 127","Raw Material","1","Nos","","0","","0","DTO 48X08","","0","0","0","0","","FINISH","","","0","0","0","No","2026-06-04 15:13:03","2026-06-04 15:13:03"
"2024","POWER PACK TANK","Raw Material","1","Nos","","0","","0","100LTR","","0","0","0","0","","FINISH","","","0","0","0","No","2026-06-04 15:13:03","2026-06-04 15:13:03"
"2025","HEX HEAD BOLT WITH NUT, NYLON NUT, SPRING WASHER","Raw Material","1","Nos","","0","","0","DTO 48X08","","0","0","130","0","","FINISH","","","20","0","0","No","2026-06-04 15:13:03","2026-06-04 15:13:03"
"2026","HEX HEAD BOLT WITH WASHER","Raw Material","1","Nos","","0","","0","DTO 48X08","","0","0","75","0","","FINISH","","","20","0","0","No","2026-06-04 15:13:03","2026-06-04 15:13:03"
"2027","TURN BUCKEL PIN","Raw Material","1","Nos","","0","","0","DTO 48X08","","0","0","175","0","","FINISH","","MS ROUND BAR","32","0","0","No","2026-06-04 15:13:03","2026-06-04 15:13:03"
"2028","TURN BUCKEL","Raw Material","1","Nos","","0","","0","DTO 48X08","","0","0","0","0","","FINISH","","","0","0","0","No","2026-06-04 15:13:03","2026-06-04 15:13:03"
"2029","NIPPLE","Raw Material","1","Nos","","0","","0","DTO 48X08","","0","0","0","0","","FINISH","","","9.5","0","0","No","2026-06-04 15:13:03","2026-06-04 15:13:03"
"2030","NIPPLE NUT","Raw Material","1","Nos","","0","","0","DTO 48X08","","0","0","0","0","","FINISH","","","12","0","0","No","2026-06-04 15:13:03","2026-06-04 15:13:03"
"2031","GI PIPE","Raw Material","1","Nos","","0","","0","DTO 48X08","","0","0","1275","0","","FINISH","","","12.2","0","0","No","2026-06-04 15:13:03","2026-06-04 15:13:03"
"2032","ROUND BAR","Raw Material","1","Nos","","0","","0","DTO 48X08","","0","0","1350","0","","FINISH","","EN8 ROUND BAR","65","0","0","No","2026-06-04 15:13:03","2026-06-04 15:13:03"
"2033","D BAR","Raw Material","1","Nos","","0","","0","DTO 48X08","","0","0","1200","0","","FINISH","","EN8 ROUND BAR","65","0","0","No","2026-06-04 15:13:03","2026-06-04 15:13:03"
"2034","SPRING CAP","Raw Material","1","Nos","","0","","0","DTO 48X08","","0","0","0","50","","FINISH","","MS CIRCLE","180","0","0","No","2026-06-04 15:13:03","2026-06-04 15:13:03"
"2035","BODY CAP","Raw Material","1","Nos","","0","","0","DTO 48X08","","0","0","0","50","","FINISH","","MS CIRCLE","100","0","0","No","2026-06-04 15:13:03","2026-06-04 15:13:03"
"2036","OIL TRAY","Raw Material","1","Nos","","0","","0","DTO 48X08","","0","0","0","0","","FINISH","","","0","0","0","No","2026-06-04 15:13:03","2026-06-04 15:13:03"
"2037","PACKING RUBBER SHEET","Raw Material","1","Nos","","0","","0","DTO 48X08","","0","0","3500","8","","FINISH","","","0","0","0","No","2026-06-04 15:13:03","2026-06-04 15:13:03"
"2038","GAS KIT","Raw Material","1","Nos","","0","","0","DTO 48X08","","0","500","500","2","","FINISH","","","0","0","0","No","2026-06-04 15:13:03","2026-06-04 15:13:03"
"2039","PULL BACK PIPE","Raw Material","1","Nos","","0","","0","DTO 48X08","","0","0","300","0","","FINISH","","MS ROUND PIPE","65","45","0","No","2026-06-04 15:13:03","2026-06-04 15:13:03"
"2040","SETTING SEAM","Raw Material","1","Nos","","0","","0","DTO 48X08","","0","0","1520","10","","FINISH","","","0","0","0","No","2026-06-04 15:13:03","2026-06-04 15:13:03"
"2041","HEX HEAD BOLT WITH NUT, NYLON NUT, WASHER","Raw Material","1","Nos","","0","","0","DTO 48X08","","0","0","127","0","","FINISH","","","15.8","0","0","No","2026-06-04 15:13:03","2026-06-04 15:13:03"
"2042","HEX HEAD BOLT WITH NUT, WASHER","Raw Material","1","Nos","","0","","0","DTO 48X08","","0","0","300","0","","FINISH","","","15.8","0","0","No","2026-06-04 15:13:03","2026-06-04 15:13:03"
"2043","WOODEN BLOCK","Raw Material","1","Nos","","0","","0","DTO 48X08","","200","200","200","0","","FINISH","","","0","0","0","No","2026-06-04 15:13:03","2026-06-04 15:13:03"
"2044","BODY BLOCK","Raw Material","1","Nos","","0","","0","DTO 24X12","","0","0","0","0","","FINISH","","MS CASTING","0","0","0","No","2026-06-04 15:14:38","2026-06-04 15:14:38"
"2045","BODY PLATE","Raw Material","1","Nos","","0","","0","DTO 24X12","","0","2000","1900","40","","FINISH","","MS PLATE","0","0","0","No","2026-06-04 15:14:38","2026-06-04 15:14:38"
"2046","SWING JAW","Raw Material","1","Nos","","0","","0","DTO 24X12","","0","0","0","0","","FINISH","","MS CASTING","0","0","0","No","2026-06-04 15:14:38","2026-06-04 15:14:38"
"2047","STATIONARY JAW","Raw Material","1","Nos","","0","","0","DTO 24X12","","0","0","0","0","","FINISH","","MS CASTING","0","0","0","No","2026-06-04 15:14:38","2026-06-04 15:14:38"
"2048","ECCENTRIC SHAFT","Raw Material","1","Nos","","0","","0","DTO 24X12","","0","0","1420","0","","FINISH","","EN8 ROUND BAR","170","0","0","No","2026-06-04 15:14:38","2026-06-04 15:14:38"
"2049","HING PIN","Raw Material","1","Nos","","0","","0","DTO 24X12","","0","0","835","0","","FINISH","","EN8 ROUND BAR","130","0","0","No","2026-06-04 15:14:38","2026-06-04 15:14:38"
"2050","BEARING HING PIN DTO 24x12","Raw Material","1","Nos","","0","","0","22222 C3","","0","0","0","0","","FINISH","","","0","0","0","No","2026-06-04 15:14:38","2026-06-04 15:14:38"
"2051","BEARING FOR ECCENTRIC SHAFT DTO 24X12","Raw Material","1","Nos","","0","","0","22322 C3","","0","0","0","0","","FINISH","","","0","0","0","No","2026-06-04 15:14:38","2026-06-04 15:14:38"
"2052","JAW PLATE","Raw Material","1","Nos","","0","","0","DTO 24X12","","0","0","0","0","","FINISH","","MN STEEL","0","0","0","No","2026-06-04 15:14:38","2026-06-04 15:14:38"
"2053","SIDE PLATE","Raw Material","1","Nos","","0","","0","DTO 24X12","","0","0","0","0","","FINISH","","MN STEEL","0","0","0","No","2026-06-04 15:14:38","2026-06-04 15:14:38"
"2054","TOGGLE PLATE","Raw Material","1","Nos","","0","","0","DTO 24X12","","0","0","0","0","","FINISH","","MS CASTING","0","0","0","No","2026-06-04 15:14:38","2026-06-04 15:14:38"
"2055","PITMAN","Raw Material","1","Nos","","0","","0","DTO 24X12","","0","0","0","0","","FINISH","","MS CASTING","0","0","0","No","2026-06-04 15:14:38","2026-06-04 15:14:38"
"2056","TOGGLE SHEET","Raw Material","1","Nos","","0","","0","DTO 24X12","","0","0","0","0","","FINISH","","GUNMETAL","0","0","0","No","2026-06-04 15:14:38","2026-06-04 15:14:38"
"2057","TOGGLE PIN","Raw Material","1","Nos","","0","","0","DTO 24X12","","0","0","0","0","","FINISH","","GUNMETAL","0","0","0","No","2026-06-04 15:14:38","2026-06-04 15:14:38"
"2058","FLYWHEEL ARM","Raw Material","1","Nos","","0","","0","DTO 24X12","","0","0","0","0","","FINISH","","CAST IRON","1015","0","0","No","2026-06-04 15:14:38","2026-06-04 15:14:38"
"2059","TAPER BUSH","Raw Material","1","Nos","","0","","0","DTO 24X12","","0","0","0","0","","FINISH","","MS CASTING","0","0","0","No","2026-06-04 15:14:38","2026-06-04 15:14:38"
"2060","ECCENTRIC COVER","Raw Material","1","Nos","","0","","0","DTO 24X12","","0","0","0","0","","FINISH","","MS CASTING","0","0","0","No","2026-06-04 15:14:38","2026-06-04 15:14:38"
"2061","HING PIN COVER","Raw Material","1","Nos","","0","","0","DTO 24X12","","0","0","0","0","","FINISH","","MS CASTING","0","0","0","No","2026-06-04 15:14:38","2026-06-04 15:14:38"
"2062","SWING JAW KEEPER","Raw Material","1","Nos","","0","","0","DTO 24X12","","0","0","0","0","","FINISH","","MS CASTING","0","0","0","No","2026-06-04 15:14:38","2026-06-04 15:14:38"
"2063","GUARD PLATE","Raw Material","1","Nos","","0","","0","DTO 24X12","","0","0","0","0","","FINISH","","MS CASTING","0","0","0","No","2026-06-04 15:14:38","2026-06-04 15:14:38"
"2064","STATIONARY JAW KEEPER","Raw Material","1","Nos","","0","","0","DTO 24X12","","0","0","0","0","","FINISH","","MS CASTING","0","0","0","No","2026-06-04 15:14:38","2026-06-04 15:14:38"
"2065","TOGGLE SPRING","Raw Material","1","Nos","","0","","0","DTO 24X12","","0","0","240","8","","FINISH","","SPRING STEEL","89","75","0","No","2026-06-04 15:14:38","2026-06-04 15:14:38"
"2066","PULL BACK SPRING","Raw Material","1","Nos","","0","","0","DTO 24X12","","0","0","360","22","","FINISH","","SPRING STEEL","126","82","0","No","2026-06-04 15:14:38","2026-06-04 15:14:38"
"2067","EYELET","Raw Material","1","Nos","","0","","0","DTO 24X12","","0","0","150","0","","FINISH","","MS ROUND BAR","50","0","0","No","2026-06-04 15:14:38","2026-06-04 15:14:38"
"2068","EYELET PIN ","Raw Material","1","Nos","","0","","0","DTO 24X12","","0","0","200","0","","FINISH","","MS ROUND BAR","25","0","0","No","2026-06-04 15:14:38","2026-06-04 15:14:38"
"2069","OIL SEAL 100-120-13","Raw Material","1","Nos","","0","","0","DTO 24X12","","0","0","0","0","","FINISH","","","0","0","0","No","2026-06-04 15:14:38","2026-06-04 15:14:38"
"2070","KM22","Raw Material","1","Nos","","0","","0","DTO 24X12","","0","0","0","0","","FINISH","","","0","0","0","No","2026-06-04 15:14:38","2026-06-04 15:14:38"
"2071","MB22","Raw Material","1","Nos","","0","","0","DTO 24X12","","0","0","0","0","","FINISH","","","0","0","0","No","2026-06-04 15:14:38","2026-06-04 15:14:38"
"2072","VARTICAL OIL PUMP DTO 24X12","Raw Material","1","Nos","","0","","0","1HP","","0","0","0","0","","FINISH","","","0","0","0","No","2026-06-04 15:14:38","2026-06-04 15:14:38"
"2073","RUBBER OIL HOSE PIPE WITH CLAMP","Raw Material","1","Nos","","0","","0","DTO 24X12","","0","0","1500","0","","FINISH","","","0","38.1","0","No","2026-06-04 15:14:38","2026-06-04 15:14:38"
"2074","OIL LEVEL GAUGE 127","Raw Material","1","Nos","","0","","0","DTO 24X12","","0","0","0","0","","FINISH","","","0","0","0","No","2026-06-04 15:14:38","2026-06-04 15:14:38"
"2075","DIAPHRAGM","Raw Material","1","Nos","","0","","0","DTO 24X12","","0","0","0","0","","FINISH","","NEOPERINE","0","0","0","No","2026-06-04 15:14:38","2026-06-04 15:14:38"
"2076","PULL BACK ROD","Raw Material","1","Nos","","0","","0","DTO 24X12","","0","0","1550","0","","FINISH","","MS ROUND BAR","40","0","0","No","2026-06-04 15:14:38","2026-06-04 15:14:38"
"2077","SQ HEAD BOLT WITH NUT","Raw Material","1","Nos","","0","","0","DTO 24X12","","0","0","400","0","","FINISH","","","25.4","0","0","No","2026-06-04 15:14:38","2026-06-04 15:14:38"
"2078","HEX HEAD BOLT WITH NUT","Raw Material","1","Nos","","0","","0","DTO 24X12","","0","0","130","0","","FINISH","","","20","0","0","No","2026-06-04 15:14:38","2026-06-04 15:14:38"
"2079","HEX HEAD BOLT","Raw Material","1","Nos","","0","","0","DTO 24X12","","0","0","75","0","","FINISH","","","20","0","0","No","2026-06-04 15:14:38","2026-06-04 15:14:38"
"2080","QUARTER PIN","Raw Material","1","Nos","","0","","0","DTO 24X12","","0","0","0","0","","FINISH","","","8","0","0","No","2026-06-04 15:14:39","2026-06-04 15:14:39"
"2081","HT STUD","Raw Material","1","Nos","","0","","0","DTO 24X12","","0","0","40","0","","FINISH","","","10","0","0","No","2026-06-04 15:14:39","2026-06-04 15:14:39"
"2082","STUD","Raw Material","1","Nos","","0","","0","DTO 24X12","","0","0","360","0","","FINISH","","","32","0","0","No","2026-06-04 15:14:39","2026-06-04 15:14:39"
"2083","BODY BLOCK","Raw Material","1","Nos","","0","","0","DTO 30X09","","0","0","0","0","","FINISH","","MS CASTING","0","0","0","No","2026-06-04 15:16:09","2026-06-04 15:16:09"
"2084","BODY PLATE","Raw Material","1","Nos","","0","","0","DTO 30X09","","0","2200","1955","40","","FINISH","","MS PLATE","0","0","0","No","2026-06-04 15:16:09","2026-06-04 15:16:09"
"2085","SWING JAW","Raw Material","1","Nos","","0","","0","DTO 30X09","","0","0","0","0","","FINISH","","MS CASTING","0","0","0","No","2026-06-04 15:16:09","2026-06-04 15:16:09"
"2086","STATIONARY JAW","Raw Material","1","Nos","","0","","0","DTO 30X09","","0","0","0","0","","FINISH","","MS CASTING","0","0","0","No","2026-06-04 15:16:09","2026-06-04 15:16:09"
"2087","ECCENTRIC SHAFT","Raw Material","1","Nos","","0","","0","DTO 30X09","","0","0","1600","0","","FINISH","","EN8 ROUND BAR","180","0","0","No","2026-06-04 15:16:09","2026-06-04 15:16:09"
"2088","HING PIN","Raw Material","1","Nos","","0","","0","DTO 30X09","","0","0","1070","0","","FINISH","","EN8 ROUND BAR","142","0","0","No","2026-06-04 15:16:09","2026-06-04 15:16:09"
"2089","BEARING HING PIN DTO 30X09","Raw Material","1","Nos","","0","","0","23124 C3","","0","0","0","0","","FINISH","","","0","0","0","No","2026-06-04 15:16:09","2026-06-04 15:16:09"
"2090","BEARING FOR ECCENTRIC SHAFT DTO 30X09","Raw Material","1","Nos","","0","","0","22322 C3","","0","0","0","0","","FINISH","","","0","0","0","No","2026-06-04 15:16:09","2026-06-04 15:16:09"
"2091","JAW PLATE","Raw Material","1","Nos","","0","","0","DTO 30X09","","0","0","0","0","","FINISH","","MN STEEL","0","0","0","No","2026-06-04 15:16:09","2026-06-04 15:16:09"
"2092","SIDE PLATE","Raw Material","1","Nos","","0","","0","DTO 30X09","","0","0","0","0","","FINISH","","MN STEEL","0","0","0","No","2026-06-04 15:16:09","2026-06-04 15:16:09"
"2093","TOGGLE PLATE","Raw Material","1","Nos","","0","","0","DTO 30X09","","0","0","0","0","","FINISH","","MS CASTING","0","0","0","No","2026-06-04 15:16:09","2026-06-04 15:16:09"
"2094","PITMAN","Raw Material","1","Nos","","0","","0","DTO 30X09","","0","0","0","0","","FINISH","","MS CASTING","0","0","0","No","2026-06-04 15:16:09","2026-06-04 15:16:09"
"2095","TOGGLE SHEET","Raw Material","1","Nos","","0","","0","DTO 30X09","","0","0","0","0","","FINISH","","GUNMETAL","0","0","0","No","2026-06-04 15:16:09","2026-06-04 15:16:09"
"2096","TOGGLE PIN","Raw Material","1","Nos","","0","","0","DTO 30X09","","0","0","0","0","","FINISH","","GUNMETAL","0","0","0","No","2026-06-04 15:16:09","2026-06-04 15:16:09"
"2097","FLYWHEEL","Raw Material","1","Nos","","0","","0","DTO 30X09","","0","0","0","0","","FINISH","","CAST IRON","1015","0","0","No","2026-06-04 15:16:09","2026-06-04 15:16:09"
"2098","TAPER BUSH","Raw Material","1","Nos","","0","","0","DTO 30X09","","0","0","0","0","","FINISH","","MS CASTING","0","0","0","No","2026-06-04 15:16:09","2026-06-04 15:16:09"
"2099","ECCENTRIC COVER","Raw Material","1","Nos","","0","","0","DTO 30X09","","0","0","0","0","","FINISH","","MS CASTING","0","0","0","No","2026-06-04 15:16:09","2026-06-04 15:16:09"
"2100","HING PIN COVER","Raw Material","1","Nos","","0","","0","DTO 30X09","","0","0","0","0","","FINISH","","MS CASTING","0","0","0","No","2026-06-04 15:16:09","2026-06-04 15:16:09"
"2101","SWING JAW KEEPER","Raw Material","1","Nos","","0","","0","DTO 30X09","","0","0","0","0","","FINISH","","MS CASTING","0","0","0","No","2026-06-04 15:16:09","2026-06-04 15:16:09"
"2102","GUARD PLATE","Raw Material","1","Nos","","0","","0","DTO 30X09","","0","0","0","0","","FINISH","","MS CASTING","0","0","0","No","2026-06-04 15:16:09","2026-06-04 15:16:09"
"2103","STATIONARY JAW KEEPER","Raw Material","1","Nos","","0","","0","DTO 30X09","","0","0","0","0","","FINISH","","MS CASTING","0","0","0","No","2026-06-04 15:16:09","2026-06-04 15:16:09"
"2104","TOGGLE SPRING","Raw Material","1","Nos","","0","","0","DTO 30X09","","0","0","220","12","","FINISH","","SPRING STEEL","108","84","0","No","2026-06-04 15:16:09","2026-06-04 15:16:09"
"2105","PULL BACK SPRING","Raw Material","1","Nos","","0","","0","DTO 30X09","","0","0","360","25","","FINISH","","SPRING STEEL","132","82","0","No","2026-06-04 15:16:09","2026-06-04 15:16:09"
"2106","EYELET","Raw Material","1","Nos","","0","","0","DTO 30X09","","0","0","170","0","","FINISH","","MS ROUND BAR","65","0","0","No","2026-06-04 15:16:09","2026-06-04 15:16:09"
"2107","EYELET PIN ","Raw Material","1","Nos","","0","","0","DTO 30X09","","0","0","200","0","","FINISH","","MS ROUND BAR","25","0","0","No","2026-06-04 15:16:09","2026-06-04 15:16:09"
"2108","OIL SEAL 108-130-13","Raw Material","1","Nos","","0","","0","DTO 30X09","","0","0","0","0","","FINISH","","","0","0","0","No","2026-06-04 15:16:09","2026-06-04 15:16:09"
"2109","KM22","Raw Material","1","Nos","","0","","0","DTO 30X09","","0","0","0","0","","FINISH","","","0","0","0","No","2026-06-04 15:16:09","2026-06-04 15:16:09"
"2110","MB22","Raw Material","1","Nos","","0","","0","DTO 30X09","","0","0","0","0","","FINISH","","","0","0","0","No","2026-06-04 15:16:09","2026-06-04 15:16:09"
"2111","VARTICAL OIL PUMP DTO 30X09","Raw Material","1","Nos","","0","","0","1HP","","0","0","0","0","","FINISH","","","0","0","0","No","2026-06-04 15:16:09","2026-06-04 15:16:09"
"2112","RUBBER OIL HOSE PIPE WITH CLAMP","Raw Material","1","Nos","","0","","0","DTO 30X09","","0","0","1500","0","","FINISH","","","0","38.1","0","No","2026-06-04 15:16:09","2026-06-04 15:16:09"
"2113","OIL LEVEL GAUGE 127","Raw Material","1","Nos","","0","","0","DTO 30X09","","0","0","0","0","","FINISH","","","0","0","0","No","2026-06-04 15:16:09","2026-06-04 15:16:09"
"2114","DIAPHRAGM","Raw Material","1","Nos","","0","","0","DTO 30X09","","0","0","0","0","","FINISH","","NEOPERINE","0","0","0","No","2026-06-04 15:16:09","2026-06-04 15:16:09"
"2115","PULL BACK ROD","Raw Material","1","Nos","","0","","0","DTO 30X09","","0","0","1550","0","","FINISH","","MS ROUND BAR","40","0","0","No","2026-06-04 15:16:09","2026-06-04 15:16:09"
"2116","SQ HEAD BOLT WITH NUT","Raw Material","1","Nos","","0","","0","DTO 30X09","","0","0","400","0","","FINISH","","","25.4","0","0","No","2026-06-04 15:16:09","2026-06-04 15:16:09"
"2117","HEX HEAD BOLT WITH NUT","Raw Material","1","Nos","","0","","0","DTO 30X09","","0","0","130","0","","FINISH","","","20","0","0","No","2026-06-04 15:16:09","2026-06-04 15:16:09"
"2118","HEX HEAD BOLT","Raw Material","1","Nos","","0","","0","DTO 30X09","","0","0","75","0","","FINISH","","","20","0","0","No","2026-06-04 15:16:09","2026-06-04 15:16:09"
"2119","QUARTER PIN","Raw Material","1","Nos","","0","","0","DTO 30X09","","0","0","0","0","","FINISH","","","8","0","0","No","2026-06-04 15:16:09","2026-06-04 15:16:09"
"2120","HT STUD","Raw Material","1","Nos","","0","","0","DTO 30X09","","0","0","40","0","","FINISH","","","10","0","0","No","2026-06-04 15:16:09","2026-06-04 15:16:09"
"2121","STUD","Raw Material","1","Nos","","0","","0","DTO 30X09","","0","0","300","0","","FINISH","","","38.1","0","0","No","2026-06-04 15:16:09","2026-06-04 15:16:09"
"2122","HEX HEAD BOLT WITH WASHER","Raw Material","1","Nos","","0","","0","DTO 30X09","","0","0","100","0","","FINISH","","","20","0","0","No","2026-06-04 15:16:09","2026-06-04 15:16:09"
"2123","TURN BUCKEL PIN","Raw Material","1","Nos","","0","","0","DTO 30X09","","0","0","175","0","","FINISH","","MS ROUND BAR","32","0","0","No","2026-06-04 15:16:09","2026-06-04 15:16:09"
"2124","TURN BUCKEL","Raw Material","1","Nos","","0","","0","DTO 30X09","","0","0","0","0","","FINISH","","","0","0","0","No","2026-06-04 15:16:09","2026-06-04 15:16:09"
"2125","NIPPLE","Raw Material","1","Nos","","0","","0","DTO 30X09","","0","0","0","0","","FINISH","","","9.5","0","0","No","2026-06-04 15:16:09","2026-06-04 15:16:09"
"2126","NIPPLE NUT","Raw Material","1","Nos","","0","","0","DTO 30X09","","0","0","0","0","","FINISH","","","12","0","0","No","2026-06-04 15:16:09","2026-06-04 15:16:09"
"2127","GI PIPE","Raw Material","1","Nos","","0","","0","DTO 30X09","","0","0","825","0","","FINISH","","","12.2","0","0","No","2026-06-04 15:16:09","2026-06-04 15:16:09"
"2128","ROUND BAR","Raw Material","1","Nos","","0","","0","DTO 30X09","","0","0","910","0","","FINISH","","EN8 ROUND BAR","65","0","0","No","2026-06-04 15:16:09","2026-06-04 15:16:09"
"2129","D BAR","Raw Material","1","Nos","","0","","0","DTO 30X09","","0","0","750","0","","FINISH","","EN8 ROUND BAR","65","0","0","No","2026-06-04 15:16:09","2026-06-04 15:16:09"
"2130","SPRING CAP","Raw Material","1","Nos","","0","","0","DTO 30X09","","0","0","0","50","","FINISH","","MS CIRCLE","180","0","0","No","2026-06-04 15:16:09","2026-06-04 15:16:09"
"2131","BODY CAP","Raw Material","1","Nos","","0","","0","DTO 30X09","","0","0","0","50","","FINISH","","MS CIRCLE","100","0","0","No","2026-06-04 15:16:09","2026-06-04 15:16:09"
"2132","OIL TRAY","Raw Material","1","Nos","","0","","0","DTO 30X09","","0","0","0","0","","FINISH","","","0","0","0","No","2026-06-04 15:16:09","2026-06-04 15:16:09"
"2133","PACKING RUBBER SHEET","Raw Material","1","Nos","","0","","0","DTO 30X09","","0","0","3500","8","","FINISH","","","0","0","0","No","2026-06-04 15:16:09","2026-06-04 15:16:09"
"2134","GAS KIT","Raw Material","1","Nos","","0","","0","DTO 30X09","","0","500","500","2","","FINISH","","","0","0","0","No","2026-06-04 15:16:09","2026-06-04 15:16:09"
"2135","PULL BACK PIPE","Raw Material","1","Nos","","0","","0","DTO 30X09","","0","0","300","0","","FINISH","","MS ROUND PIPE","65","45","0","No","2026-06-04 15:16:09","2026-06-04 15:16:09"
"2136","SETTING SEAM","Raw Material","1","Nos","","0","","0","DTO 30X09","","0","0","1060","10","","FINISH","","","0","0","0","No","2026-06-04 15:16:09","2026-06-04 15:16:09"
"2137","HEX HEAD BOLT WITH NUT, NYLON NUT, WASHER","Raw Material","1","Nos","","0","","0","DTO 30X09","","0","0","127","0","","FINISH","","","15.8","0","0","No","2026-06-04 15:16:09","2026-06-04 15:16:09"
"2138","HEX HEAD BOLT WITH NUT, WASHER","Raw Material","1","Nos","","0","","0","DTO 30X09","","0","0","300","0","","FINISH","","","15.8","0","0","No","2026-06-04 15:16:09","2026-06-04 15:16:09"
"2139","WOODEN BLOCK","Raw Material","1","Nos","","0","","0","DTO 30X09","","200","200","200","0","","FINISH","","","0","0","0","No","2026-06-04 15:16:09","2026-06-04 15:16:09"
"2140","BODY BLOCK","Raw Material","1","Nos","","0","","0","DTO 30X15","","0","0","0","0","","FINISH","","MS CASTING","0","0","0","No","2026-06-04 15:17:23","2026-06-04 15:17:23"
"2141","BODY PLATE","Raw Material","1","Nos","","0","","0","DTO 30X15","","0","1500","3600","50","","FINISH","","MS PLATE","0","0","0","No","2026-06-04 15:17:23","2026-06-04 15:17:23"
"2142","SWING JAW","Raw Material","1","Nos","","0","","0","DTO 30X15","","0","0","0","0","","FINISH","","MS CASTING","0","0","0","No","2026-06-04 15:17:23","2026-06-04 15:17:23"
"2143","STATIONARY JAW","Raw Material","1","Nos","","0","","0","DTO 30X15","","0","0","0","0","","FINISH","","MS CASTING","0","0","0","No","2026-06-04 15:17:23","2026-06-04 15:17:23"
"2144","ECCENTRIC SHAFT","Raw Material","1","Nos","","0","","0","DTO 30X15","","0","0","1610","0","","FINISH","","EN8 ROUND BAR","180","0","0","No","2026-06-04 15:17:23","2026-06-04 15:17:23"
"2145","HING PIN","Raw Material","1","Nos","","0","","0","DTO 30X15","","0","0","1070","0","","FINISH","","EN8 ROUND BAR","140","0","0","No","2026-06-04 15:17:24","2026-06-04 15:17:24"
"2146","BEARING HING PIN 22324 C3","Raw Material","1","Nos","","0","","0","DTO 30X15","","0","0","0","0","","FINISH","","","0","0","0","No","2026-06-04 15:17:24","2026-06-04 15:17:24"
"2147","BEARING FOR ECCENTRIC SHAFT  22324 C3","Raw Material","1","Nos","","0","","0","DTO 30X15","","0","0","0","0","","FINISH","","","0","0","0","No","2026-06-04 15:17:24","2026-06-04 15:17:24"
"2148","JAW PLATE","Raw Material","1","Nos","","0","","0","DTO 30X15","","0","0","0","0","","FINISH","","MN STEEL","0","0","0","No","2026-06-04 15:17:24","2026-06-04 15:17:24"
"2149","SIDE PLATE","Raw Material","1","Nos","","0","","0","DTO 30X15","","0","0","0","0","","FINISH","","MN STEEL","0","0","0","No","2026-06-04 15:17:24","2026-06-04 15:17:24"
"2150","TOGGLE PLATE","Raw Material","1","Nos","","0","","0","DTO 30X15","","0","0","0","0","","FINISH","","MS CASTING","0","0","0","No","2026-06-04 15:17:24","2026-06-04 15:17:24"
"2151","PITMAN","Raw Material","1","Nos","","0","","0","DTO 30X15","","0","0","0","0","","FINISH","","MS CASTING","0","0","0","No","2026-06-04 15:17:24","2026-06-04 15:17:24"
"2152","TOGGLE SHEET","Raw Material","1","Nos","","0","","0","DTO 30X15","","0","0","0","0","","FINISH","","GUNMETAL","0","0","0","No","2026-06-04 15:17:24","2026-06-04 15:17:24"
"2153","TOGGLE PIN","Raw Material","1","Nos","","0","","0","DTO 30X15","","0","0","0","0","","FINISH","","GUNMETAL","0","0","0","No","2026-06-04 15:17:24","2026-06-04 15:17:24"
"2154","FLYWHEEL","Raw Material","1","Nos","","0","","0","DTO 30X15","","0","0","0","0","","FINISH","","CAST IRON","1020","0","0","No","2026-06-04 15:17:24","2026-06-04 15:17:24"
"2155","TAPER BUSH","Raw Material","1","Nos","","0","","0","DTO 30X15","","0","0","0","0","","FINISH","","MS CASTING","0","0","0","No","2026-06-04 15:17:24","2026-06-04 15:17:24"
"2156","ECCENTRIC COVER","Raw Material","1","Nos","","0","","0","DTO 30X15","","0","0","0","0","","FINISH","","MS CASTING","0","0","0","No","2026-06-04 15:17:24","2026-06-04 15:17:24"
"2157","HING PIN COVER","Raw Material","1","Nos","","0","","0","DTO 30X15","","0","0","0","0","","FINISH","","MS CASTING","0","0","0","No","2026-06-04 15:17:24","2026-06-04 15:17:24"
"2158","SWING JAW KEEPER","Raw Material","1","Nos","","0","","0","DTO 30X15","","0","0","0","0","","FINISH","","MS CASTING","0","0","0","No","2026-06-04 15:17:24","2026-06-04 15:17:24"
"2159","GUARD PLATE","Raw Material","1","Nos","","0","","0","DTO 30X15","","0","0","0","0","","FINISH","","MS CASTING","0","0","0","No","2026-06-04 15:17:24","2026-06-04 15:17:24"
"2160","STATIONARY JAW KEEPER","Raw Material","1","Nos","","0","","0","DTO 30X15","","0","0","0","0","","FINISH","","MS CASTING","0","0","0","No","2026-06-04 15:17:24","2026-06-04 15:17:24"
"2161","TOGGLE SPRING","Raw Material","1","Nos","","0","","0","DTO 30X15","","0","0","220","12","","FINISH","","SPRING STEEL","108","84","0","No","2026-06-04 15:17:24","2026-06-04 15:17:24"
"2162","PULL BACK SPRING","Raw Material","1","Nos","","0","","0","DTO 30X15","","0","0","360","25","","FINISH","","SPRING STEEL","132","82","0","No","2026-06-04 15:17:24","2026-06-04 15:17:24"
"2163","EYELET","Raw Material","1","Nos","","0","","0","DTO 30X15","","0","0","170","0","","FINISH","","MS ROUND BAR","65","0","0","No","2026-06-04 15:17:24","2026-06-04 15:17:24"
"2164","EYELET PIN ","Raw Material","1","Nos","","0","","0","DTO 30X15","","0","0","200","0","","FINISH","","MS ROUND BAR","25","0","0","No","2026-06-04 15:17:24","2026-06-04 15:17:24"
"2165","OIL SEAL 108-130-13","Raw Material","1","Nos","","0","","0","DTO 30X15","","0","0","0","0","","FINISH","","","0","0","0","No","2026-06-04 15:17:24","2026-06-04 15:17:24"
"2166","KM22","Raw Material","1","Nos","","0","","0","DTO 30X15","","0","0","0","0","","FINISH","","","0","0","0","No","2026-06-04 15:17:24","2026-06-04 15:17:24"
"2167","MB22","Raw Material","1","Nos","","0","","0","DTO 30X15","","0","0","0","0","","FINISH","","","0","0","0","No","2026-06-04 15:17:24","2026-06-04 15:17:24"
"2168","VARTICAL OIL PUMP 1HP","Raw Material","1","Nos","","0","","0","DTO 30X15","","0","0","0","0","","FINISH","","","0","0","0","No","2026-06-04 15:17:24","2026-06-04 15:17:24"
"2169","RUBBER OIL HOSE PIPE WITH CLAMP","Raw Material","1","Nos","","0","","0","DTO 30X15","","0","0","1500","0","","FINISH","","","0","38.1","0","No","2026-06-04 15:17:24","2026-06-04 15:17:24"
"2170","OIL LEVEL GAUGE 127","Raw Material","1","Nos","","0","","0","DTO 30X15","","0","0","0","0","","FINISH","","","0","0","0","No","2026-06-04 15:17:24","2026-06-04 15:17:24"
"2171","DIAPHRAGM","Raw Material","1","Nos","","0","","0","DTO 30X15","","0","0","0","0","","FINISH","","NEOPERINE","0","0","0","No","2026-06-04 15:17:24","2026-06-04 15:17:24"
"2172","PULL BACK ROD","Raw Material","1","Nos","","0","","0","DTO 30X15","","0","0","1550","0","","FINISH","","MS ROUND BAR","40","0","0","No","2026-06-04 15:17:24","2026-06-04 15:17:24"
"2173","SQ HEAD BOLT WITH NUT","Raw Material","1","Nos","","0","","0","DTO 30X15","","0","0","400","0","","FINISH","","","25.4","0","0","No","2026-06-04 15:17:24","2026-06-04 15:17:24"
"2174","HEX HEAD BOLT WITH NUT","Raw Material","1","Nos","","0","","0","DTO 30X15","","0","0","130","0","","FINISH","","","20","0","0","No","2026-06-04 15:17:24","2026-06-04 15:17:24"
"2175","HEX HEAD BOLT","Raw Material","1","Nos","","0","","0","DTO 30X15","","0","0","75","0","","FINISH","","","20","0","0","No","2026-06-04 15:17:24","2026-06-04 15:17:24"
"2176","QUARTER PIN","Raw Material","1","Nos","","0","","0","DTO 30X15","","0","0","0","0","","FINISH","","","8","0","0","No","2026-06-04 15:17:24","2026-06-04 15:17:24"
"2177","HT STUD","Raw Material","1","Nos","","0","","0","DTO 30X15","","0","0","40","0","","FINISH","","","10","0","0","No","2026-06-04 15:17:24","2026-06-04 15:17:24"
"2178","STUD","Raw Material","1","Nos","","0","","0","DTO 30X15","","0","0","300","0","","FINISH","","","38.1","0","0","No","2026-06-04 15:17:24","2026-06-04 15:17:24"
"2179","HEX HEAD BOLT WITH WASHER","Raw Material","1","Nos","","0","","0","DTO 30X15","","0","0","100","0","","FINISH","","","20","0","0","No","2026-06-04 15:17:24","2026-06-04 15:17:24"
"2180","TURN BUCKEL PIN","Raw Material","1","Nos","","0","","0","DTO 30X15","","0","0","175","0","","FINISH","","MS ROUND BAR","32","0","0","No","2026-06-04 15:17:24","2026-06-04 15:17:24"
"2181","TURN BUCKEL","Raw Material","1","Nos","","0","","0","DTO 30X15","","0","0","0","0","","FINISH","","","0","0","0","No","2026-06-04 15:17:24","2026-06-04 15:17:24"
"2182","NIPPLE","Raw Material","1","Nos","","0","","0","DTO 30X15","","0","0","0","0","","FINISH","","","9.5","0","0","No","2026-06-04 15:17:24","2026-06-04 15:17:24"
"2183","NIPPLE NUT","Raw Material","1","Nos","","0","","0","DTO 30X15","","0","0","0","0","","FINISH","","","12","0","0","No","2026-06-04 15:17:24","2026-06-04 15:17:24"
"2184","GI PIPE","Raw Material","1","Nos","","0","","0","DTO 30X15","","0","0","825","0","","FINISH","","","12.2","0","0","No","2026-06-04 15:17:24","2026-06-04 15:17:24"
"2185","ROUND BAR","Raw Material","1","Nos","","0","","0","DTO 30X15","","0","0","910","0","","FINISH","","EN8 ROUND BAR","65","0","0","No","2026-06-04 15:17:24","2026-06-04 15:17:24"
"2186","D BAR","Raw Material","1","Nos","","0","","0","DTO 30X15","","0","0","750","0","","FINISH","","EN8 ROUND BAR","65","0","0","No","2026-06-04 15:17:24","2026-06-04 15:17:24"
"2187","SPRING CAP","Raw Material","1","Nos","","0","","0","DTO 30X15","","0","0","0","50","","FINISH","","MS CIRCLE","180","0","0","No","2026-06-04 15:17:24","2026-06-04 15:17:24"
"2188","BODY CAP","Raw Material","1","Nos","","0","","0","DTO 30X15","","0","0","0","50","","FINISH","","MS CIRCLE","100","0","0","No","2026-06-04 15:17:24","2026-06-04 15:17:24"
"2189","OIL TRAY","Raw Material","1","Nos","","0","","0","DTO 30X15","","0","0","0","0","","FINISH","","","0","0","0","No","2026-06-04 15:17:24","2026-06-04 15:17:24"
"2190","PACKING RUBBER SHEET","Raw Material","1","Nos","","0","","0","DTO 30X15","","0","0","3500","8","","FINISH","","","0","0","0","No","2026-06-04 15:17:24","2026-06-04 15:17:24"
"2191","GAS KIT","Raw Material","1","Nos","","0","","0","DTO 30X15","","0","500","500","2","","FINISH","","","0","0","0","No","2026-06-04 15:17:24","2026-06-04 15:17:24"
"2192","PULL BACK PIPE","Raw Material","1","Nos","","0","","0","DTO 30X15","","0","0","300","0","","FINISH","","MS ROUND PIPE","65","45","0","No","2026-06-04 15:17:24","2026-06-04 15:17:24"
"2193","SETTING SEAM","Raw Material","1","Nos","","0","","0","DTO 30X15","","0","0","1060","10","","FINISH","","","0","0","0","No","2026-06-04 15:17:24","2026-06-04 15:17:24"
"2194","HEX HEAD BOLT WITH NUT, NYLON NUT, WASHER","Raw Material","1","Nos","","0","","0","DTO 30X15","","0","0","127","0","","FINISH","","","15.8","0","0","No","2026-06-04 15:17:24","2026-06-04 15:17:24"
"2195","HEX HEAD BOLT WITH NUT, WASHER","Raw Material","1","Nos","","0","","0","DTO 30X15","","0","0","300","0","","FINISH","","","15.8","0","0","No","2026-06-04 15:17:24","2026-06-04 15:17:24"
"2196","WOODEN BLOCK","Raw Material","1","Nos","","0","","0","DTO 30X15","","200","200","200","0","","FINISH","","","0","0","0","No","2026-06-04 15:17:24","2026-06-04 15:17:24"
"2197","BODY BLOCK","Raw Material","1","Nos","","0","","0","DTO 30X20","","0","0","0","0","","FINISH","","MS CASTING","0","0","0","No","2026-06-04 15:18:14","2026-06-04 15:18:14"
"2198","BODY PLATE","Raw Material","1","Nos","","0","","0","DTO 30X20","","0","1850","4000","50","","FINISH","","MS PLATE","0","0","0","No","2026-06-04 15:18:14","2026-06-04 15:18:14"
"2199","SWING JAW","Raw Material","1","Nos","","0","","0","DTO 30X20","","0","0","0","0","","FINISH","","MS CASTING","0","0","0","No","2026-06-04 15:18:14","2026-06-04 15:18:14"
"2200","STATIONARY JAW","Raw Material","1","Nos","","0","","0","DTO 30X20","","0","0","0","0","","FINISH","","MS CASTING","0","0","0","No","2026-06-04 15:18:14","2026-06-04 15:18:14"
"2201","ECCENTRIC SHAFT","Raw Material","1","Nos","","0","","0","DTO 30X20","","0","0","1700","0","","FINISH","","EN8 ROUND BAR","200","0","0","No","2026-06-04 15:18:14","2026-06-04 15:18:14"
"2202","HING PIN","Raw Material","1","Nos","","0","","0","DTO 30X20","","0","0","1070","0","","FINISH","","EN8 ROUND BAR","142","0","0","No","2026-06-04 15:18:14","2026-06-04 15:18:14"
"2203","BEARING HING PIN 22324 C3","Raw Material","1","Nos","","0","","0","DTO 30X20","","0","0","0","0","","FINISH","","","0","0","0","No","2026-06-04 15:18:14","2026-06-04 15:18:14"
"2204","BEARING FOR ECCENTRIC SHAFT 22326 C3","Raw Material","1","Nos","","0","","0","DTO 30X20","","0","0","0","0","","FINISH","","","0","0","0","No","2026-06-04 15:18:14","2026-06-04 15:18:14"
"2205","JAW PLATE","Raw Material","1","Nos","","0","","0","DTO 30X20","","0","0","0","0","","FINISH","","MN STEEL","0","0","0","No","2026-06-04 15:18:14","2026-06-04 15:18:14"
"2206","SIDE PLATE","Raw Material","1","Nos","","0","","0","DTO 30X20","","0","0","0","0","","FINISH","","MN STEEL","0","0","0","No","2026-06-04 15:18:14","2026-06-04 15:18:14"
"2207","TOGGLE PLATE","Raw Material","1","Nos","","0","","0","DTO 30X20","","0","0","0","0","","FINISH","","MS CASTING","0","0","0","No","2026-06-04 15:18:14","2026-06-04 15:18:14"
"2208","PITMAN","Raw Material","1","Nos","","0","","0","DTO 30X20","","0","0","0","0","","FINISH","","MS CASTING","0","0","0","No","2026-06-04 15:18:14","2026-06-04 15:18:14"
"2209","TOGGLE SHEET","Raw Material","1","Nos","","0","","0","DTO 30X20","","0","0","0","0","","FINISH","","GUNMETAL","0","0","0","No","2026-06-04 15:18:14","2026-06-04 15:18:14"
"2210","TOGGLE PIN","Raw Material","1","Nos","","0","","0","DTO 30X20","","0","0","0","0","","FINISH","","GUNMETAL","0","0","0","No","2026-06-04 15:18:14","2026-06-04 15:18:14"
"2211","FLYWHEEL","Raw Material","1","Nos","","0","","0","DTO 30X20","","0","0","0","0","","FINISH","","CAST IRON","1120","0","0","No","2026-06-04 15:18:14","2026-06-04 15:18:14"
"2212","TAPER BUSH","Raw Material","1","Nos","","0","","0","DTO 30X20","","0","0","0","0","","FINISH","","MS CASTING","0","0","0","No","2026-06-04 15:18:14","2026-06-04 15:18:14"
"2213","ECCENTRIC COVER","Raw Material","1","Nos","","0","","0","DTO 30X20","","0","0","0","0","","FINISH","","MS CASTING","0","0","0","No","2026-06-04 15:18:14","2026-06-04 15:18:14"
"2214","HING PIN COVER","Raw Material","1","Nos","","0","","0","DTO 30X20","","0","0","0","0","","FINISH","","MS CASTING","0","0","0","No","2026-06-04 15:18:14","2026-06-04 15:18:14"
"2215","SWING JAW KEEPER","Raw Material","1","Nos","","0","","0","DTO 30X20","","0","0","0","0","","FINISH","","MS CASTING","0","0","0","No","2026-06-04 15:18:14","2026-06-04 15:18:14"
"2216","GUARD PLATE","Raw Material","1","Nos","","0","","0","DTO 30X20","","0","0","0","0","","FINISH","","MS CASTING","0","0","0","No","2026-06-04 15:18:14","2026-06-04 15:18:14"
"2217","STATIONARY JAW KEEPER","Raw Material","1","Nos","","0","","0","DTO 30X20","","0","0","0","0","","FINISH","","MS CASTING","0","0","0","No","2026-06-04 15:18:14","2026-06-04 15:18:14"
"2218","TOGGLE SPRING","Raw Material","1","Nos","","0","","0","DTO 30X20","","0","0","220","12","","FINISH","","SPRING STEEL","108","84","0","No","2026-06-04 15:18:14","2026-06-04 15:18:14"
"2219","PULL BACK SPRING","Raw Material","1","Nos","","0","","0","DTO 30X20","","0","0","450","28","","FINISH","","SPRING STEEL","151","95","0","No","2026-06-04 15:18:14","2026-06-04 15:18:14"
"2220","EYELET","Raw Material","1","Nos","","0","","0","DTO 30X20","","0","0","170","0","","FINISH","","MS ROUND BAR","65","0","0","No","2026-06-04 15:18:14","2026-06-04 15:18:14"
"2221","EYELET PIN ","Raw Material","1","Nos","","0","","0","DTO 30X20","","0","0","200","0","","FINISH","","MS ROUND BAR","25","0","0","No","2026-06-04 15:18:14","2026-06-04 15:18:14"
"2222","OIL SEAL 120-140-13","Raw Material","1","Nos","","0","","0","DTO 30X20","","0","0","0","0","","FINISH","","","0","0","0","No","2026-06-04 15:18:14","2026-06-04 15:18:14"
"2223","KM26","Raw Material","1","Nos","","0","","0","DTO 30X20","","0","0","0","0","","FINISH","","","0","0","0","No","2026-06-04 15:18:14","2026-06-04 15:18:14"
"2224","MB26","Raw Material","1","Nos","","0","","0","DTO 30X20","","0","0","0","0","","FINISH","","","0","0","0","No","2026-06-04 15:18:14","2026-06-04 15:18:14"
"2225","VARTICAL OIL PUMP 1HP","Raw Material","1","Nos","","0","","0","DTO 30X20","","0","0","0","0","","FINISH","","","0","0","0","No","2026-06-04 15:18:14","2026-06-04 15:18:14"
"2226","RUBBER OIL HOSE PIPE WITH CLAMP","Raw Material","1","Nos","","0","","0","DTO 30X20","","0","0","1500","0","","FINISH","","","0","38.1","0","No","2026-06-04 15:18:14","2026-06-04 15:18:14"
"2227","OIL LEVEL GAUGE 127","Raw Material","1","Nos","","0","","0","DTO 30X20","","0","0","0","0","","FINISH","","","0","0","0","No","2026-06-04 15:18:14","2026-06-04 15:18:14"
"2228","DIAPHRAGM","Raw Material","1","Nos","","0","","0","DTO 30X20","","0","0","0","0","","FINISH","","NEOPERINE","0","0","0","No","2026-06-04 15:18:14","2026-06-04 15:18:14"
"2229","PULL BACK ROD","Raw Material","1","Nos","","0","","0","DTO 30X20","","0","0","1550","0","","FINISH","","MS ROUND BAR","40","0","0","No","2026-06-04 15:18:14","2026-06-04 15:18:14"
"2230","SQ HEAD BOLT WITH NUT","Raw Material","1","Nos","","0","","0","DTO 30X20","","0","0","400","0","","FINISH","","","25.4","0","0","No","2026-06-04 15:18:14","2026-06-04 15:18:14"
"2231","HEX HEAD BOLT WITH NUT","Raw Material","1","Nos","","0","","0","DTO 30X20","","0","0","150","0","","FINISH","","","20","0","0","No","2026-06-04 15:18:14","2026-06-04 15:18:14"
"2232","HEX HEAD BOLT","Raw Material","1","Nos","","0","","0","DTO 30X20","","0","0","75","0","","FINISH","","","20","0","0","No","2026-06-04 15:18:14","2026-06-04 15:18:14"
"2233","QUARTER PIN","Raw Material","1","Nos","","0","","0","DTO 30X20","","0","0","0","0","","FINISH","","","8","0","0","No","2026-06-04 15:18:14","2026-06-04 15:18:14"
"2234","HT STUD","Raw Material","1","Nos","","0","","0","DTO 30X20","","0","0","40","0","","FINISH","","","10","0","0","No","2026-06-04 15:18:14","2026-06-04 15:18:14"
"2235","STUD","Raw Material","1","Nos","","0","","0","DTO 30X20","","0","0","450","0","","FINISH","","","38.1","0","0","No","2026-06-04 15:18:14","2026-06-04 15:18:14"
"2236","HEX HEAD BOLT WITH WASHER","Raw Material","1","Nos","","0","","0","DTO 30X20","","0","0","100","0","","FINISH","","","20","0","0","No","2026-06-04 15:18:14","2026-06-04 15:18:14"
"2237","TURN BUCKEL PIN","Raw Material","1","Nos","","0","","0","DTO 30X20","","0","0","175","0","","FINISH","","MS ROUND BAR","32","0","0","No","2026-06-04 15:18:14","2026-06-04 15:18:14"
"2238","TURN BUCKEL","Raw Material","1","Nos","","0","","0","DTO 30X20","","0","0","0","0","","FINISH","","","0","0","0","No","2026-06-04 15:18:14","2026-06-04 15:18:14"
"2239","NIPPLE","Raw Material","1","Nos","","0","","0","DTO 30X20","","0","0","0","0","","FINISH","","","9.5","0","0","No","2026-06-04 15:18:14","2026-06-04 15:18:14"
"2240","NIPPLE NUT","Raw Material","1","Nos","","0","","0","DTO 30X20","","0","0","0","0","","FINISH","","","12","0","0","No","2026-06-04 15:18:14","2026-06-04 15:18:14"
"2241","GI PIPE","Raw Material","1","Nos","","0","","0","DTO 30X20","","0","0","855","0","","FINISH","","","12.2","0","0","No","2026-06-04 15:18:14","2026-06-04 15:18:14"
"2242","ROUND BAR","Raw Material","1","Nos","","0","","0","DTO 30X20","","0","0","930","0","","FINISH","","EN8 ROUND BAR","65","0","0","No","2026-06-04 15:18:14","2026-06-04 15:18:14"
"2243","D BAR","Raw Material","1","Nos","","0","","0","DTO 30X20","","0","0","750","0","","FINISH","","EN8 ROUND BAR","65","0","0","No","2026-06-04 15:18:14","2026-06-04 15:18:14"
"2244","SPRING CAP","Raw Material","1","Nos","","0","","0","DTO 30X20","","0","0","0","50","","FINISH","","MS CIRCLE","180","0","0","No","2026-06-04 15:18:14","2026-06-04 15:18:14"
"2245","BODY CAP","Raw Material","1","Nos","","0","","0","DTO 30X20","","0","0","0","50","","FINISH","","MS CIRCLE","100","0","0","No","2026-06-04 15:18:14","2026-06-04 15:18:14"
"2246","OIL TRAY","Raw Material","1","Nos","","0","","0","DTO 30X20","","0","0","0","0","","FINISH","","","0","0","0","No","2026-06-04 15:18:14","2026-06-04 15:18:14"
"2247","PACKING RUBBER SHEET","Raw Material","1","Nos","","0","","0","DTO 30X20","","0","0","3500","8","","FINISH","","","0","0","0","No","2026-06-04 15:18:14","2026-06-04 15:18:14"
"2248","GAS KIT","Raw Material","1","Nos","","0","","0","DTO 30X20","","0","500","500","2","","FINISH","","","0","0","0","No","2026-06-04 15:18:14","2026-06-04 15:18:14"
"2249","PULL BACK PIPE","Raw Material","1","Nos","","0","","0","DTO 30X20","","0","0","300","0","","FINISH","","MS ROUND PIPE","65","45","0","No","2026-06-04 15:18:14","2026-06-04 15:18:14"
"2250","SETTING SEAM","Raw Material","1","Nos","","0","","0","DTO 30X20","","0","75","1060","10","","FINISH","","","0","0","0","No","2026-06-04 15:18:14","2026-06-04 15:18:14"
"2251","HEX HEAD BOLT WITH NUT, NYLON NUT, WASHER","Raw Material","1","Nos","","0","","0","DTO 30X20","","0","0","127","0","","FINISH","","","15.8","0","0","No","2026-06-04 15:18:14","2026-06-04 15:18:14"
"2252","HEX HEAD BOLT WITH NUT, WASHER","Raw Material","1","Nos","","0","","0","DTO 30X20","","0","0","300","0","","FINISH","","","15.8","0","0","No","2026-06-04 15:18:14","2026-06-04 15:18:14"
"2253","WOODEN BLOCK","Raw Material","1","Nos","","0","","0","DTO 30X20","","200","200","200","0","","FINISH","","","0","0","0","No","2026-06-04 15:18:14","2026-06-04 15:18:14"
"2254","BODY BLOCK","Raw Material","1","Nos","","0","","0","DTO 30X24","","0","0","0","0","","FINISH","","MS CASTING","0","0","0","No","2026-06-04 15:19:06","2026-06-04 15:19:06"
"2255","BODY PLATE","Raw Material","1","Nos","","0","","0","DTO 30X24","","0","2500","4300","50","","FINISH","","MS PLATE","0","0","0","No","2026-06-04 15:19:06","2026-06-04 15:19:06"
"2256","SWING JAW","Raw Material","1","Nos","","0","","0","DTO 30X24","","0","0","0","0","","FINISH","","MS CASTING","0","0","0","No","2026-06-04 15:19:06","2026-06-04 15:19:06"
"2257","STATIONARY JAW","Raw Material","1","Nos","","0","","0","DTO 30X24","","0","0","0","0","","FINISH","","MS CASTING","0","0","0","No","2026-06-04 15:19:06","2026-06-04 15:19:06"
"2258","ECCENTRIC SHAFT","Raw Material","1","Nos","","0","","0","DTO 30X24","","0","0","1710","0","","FINISH","","EN8 ROUND BAR","210","0","0","No","2026-06-04 15:19:06","2026-06-04 15:19:06"
"2259","HING PIN","Raw Material","1","Nos","","0","","0","DTO 30X24","","0","0","1070","0","","FINISH","","EN8 ROUND BAR","160","0","0","No","2026-06-04 15:19:06","2026-06-04 15:19:06"
"2260","BEARING HING PIN 22324 C3","Raw Material","1","Nos","","0","","0","DTO 30X24","","0","0","0","0","","FINISH","","","0","0","0","No","2026-06-04 15:19:06","2026-06-04 15:19:06"
"2261","BEARING FOR ECCENTRIC SHAFT 22330 C3","Raw Material","1","Nos","","0","","0","DTO 30X24","","0","0","0","0","","FINISH","","","0","0","0","No","2026-06-04 15:19:06","2026-06-04 15:19:06"
"2262","JAW PLATE","Raw Material","1","Nos","","0","","0","DTO 30X24","","0","0","0","0","","FINISH","","MN STEEL","0","0","0","No","2026-06-04 15:19:06","2026-06-04 15:19:06"
"2263","SIDE PLATE","Raw Material","1","Nos","","0","","0","DTO 30X24","","0","0","0","0","","FINISH","","MN STEEL","0","0","0","No","2026-06-04 15:19:06","2026-06-04 15:19:06"
"2264","TOGGLE PLATE","Raw Material","1","Nos","","0","","0","DTO 30X24","","0","0","0","0","","FINISH","","MS CASTING","0","0","0","No","2026-06-04 15:19:06","2026-06-04 15:19:06"
"2265","PITMAN","Raw Material","1","Nos","","0","","0","DTO 30X24","","0","0","0","0","","FINISH","","MS CASTING","0","0","0","No","2026-06-04 15:19:06","2026-06-04 15:19:06"
"2266","TOGGLE SHEET","Raw Material","1","Nos","","0","","0","DTO 30X24","","0","0","0","0","","FINISH","","GUNMETAL","0","0","0","No","2026-06-04 15:19:06","2026-06-04 15:19:06"
"2267","TOGGLE PIN","Raw Material","1","Nos","","0","","0","DTO 30X24","","0","0","0","0","","FINISH","","GUNMETAL","0","0","0","No","2026-06-04 15:19:06","2026-06-04 15:19:06"
"2268","FLYWHEEL","Raw Material","1","Nos","","0","","0","DTO 30X24","","0","0","0","0","","FINISH","","CAST IRON","1120","0","0","No","2026-06-04 15:19:06","2026-06-04 15:19:06"
"2269","TAPER BUSH","Raw Material","1","Nos","","0","","0","DTO 30X24","","0","0","0","0","","FINISH","","MS CASTING","0","0","0","No","2026-06-04 15:19:06","2026-06-04 15:19:06"
"2270","ECCENTRIC COVER","Raw Material","1","Nos","","0","","0","DTO 30X24","","0","0","0","0","","FINISH","","MS CASTING","0","0","0","No","2026-06-04 15:19:06","2026-06-04 15:19:06"
"2271","HING PIN COVER","Raw Material","1","Nos","","0","","0","DTO 30X24","","0","0","0","0","","FINISH","","MS CASTING","0","0","0","No","2026-06-04 15:19:06","2026-06-04 15:19:06"
"2272","SWING JAW KEEPER","Raw Material","1","Nos","","0","","0","DTO 30X24","","0","0","0","0","","FINISH","","MS CASTING","0","0","0","No","2026-06-04 15:19:06","2026-06-04 15:19:06"
"2273","GUARD PLATE","Raw Material","1","Nos","","0","","0","DTO 30X24","","0","0","0","0","","FINISH","","MS CASTING","0","0","0","No","2026-06-04 15:19:06","2026-06-04 15:19:06"
"2274","STATIONARY JAW KEEPER","Raw Material","1","Nos","","0","","0","DTO 30X24","","0","0","0","0","","FINISH","","MS CASTING","0","0","0","No","2026-06-04 15:19:06","2026-06-04 15:19:06"
"2275","TOGGLE SPRING","Raw Material","1","Nos","","0","","0","DTO 30X24","","0","0","220","12","","FINISH","","SPRING STEEL","108","84","0","No","2026-06-04 15:19:06","2026-06-04 15:19:06"
"2276","PULL BACK SPRING","Raw Material","1","Nos","","0","","0","DTO 30X24","","0","0","450","28","","FINISH","","SPRING STEEL","151","95","0","No","2026-06-04 15:19:06","2026-06-04 15:19:06"
"2277","EYELET","Raw Material","1","Nos","","0","","0","DTO 30X24","","0","0","170","0","","FINISH","","MS ROUND BAR","65","0","0","No","2026-06-04 15:19:06","2026-06-04 15:19:06"
"2278","EYELET PIN ","Raw Material","1","Nos","","0","","0","DTO 30X24","","0","0","200","0","","FINISH","","MS ROUND BAR","25","0","0","No","2026-06-04 15:19:06","2026-06-04 15:19:06"
"2279","OIL SEAL 140-160-13","Raw Material","1","Nos","","0","","0","DTO 30X24","","0","0","0","0","","FINISH","","","0","0","0","No","2026-06-04 15:19:06","2026-06-04 15:19:06"
"2280","KM30","Raw Material","1","Nos","","0","","0","DTO 30X24","","0","0","0","0","","FINISH","","","0","0","0","No","2026-06-04 15:19:06","2026-06-04 15:19:06"
"2281","MB30","Raw Material","1","Nos","","0","","0","DTO 30X24","","0","0","0","0","","FINISH","","","0","0","0","No","2026-06-04 15:19:06","2026-06-04 15:19:06"
"2282","VARTICAL OIL PUMP 1HP","Raw Material","1","Nos","","0","","0","DTO 30X24","","0","0","0","0","","FINISH","","","0","0","0","No","2026-06-04 15:19:06","2026-06-04 15:19:06"
"2283","RUBBER OIL HOSE PIPE WITH CLAMP","Raw Material","1","Nos","","0","","0","DTO 30X24","","0","0","1500","0","","FINISH","","","0","38.1","0","No","2026-06-04 15:19:06","2026-06-04 15:19:06"
"2284","OIL LEVEL GAUGE 127","Raw Material","1","Nos","","0","","0","DTO 30X24","","0","0","0","0","","FINISH","","","0","0","0","No","2026-06-04 15:19:06","2026-06-04 15:19:06"
"2285","DIAPHRAGM","Raw Material","1","Nos","","0","","0","DTO 30X24","","0","0","0","0","","FINISH","","NEOPERINE","0","0","0","No","2026-06-04 15:19:06","2026-06-04 15:19:06"
"2286","PULL BACK ROD","Raw Material","1","Nos","","0","","0","DTO 30X24","","0","0","1550","0","","FINISH","","MS ROUND BAR","40","0","0","No","2026-06-04 15:19:06","2026-06-04 15:19:06"
"2287","SQ HEAD BOLT WITH NUT","Raw Material","1","Nos","","0","","0","DTO 30X24","","0","0","400","0","","FINISH","","","25.4","0","0","No","2026-06-04 15:19:06","2026-06-04 15:19:06"
"2288","HEX HEAD BOLT WITH NUT","Raw Material","1","Nos","","0","","0","DTO 30X24","","0","0","150","0","","FINISH","","","20","0","0","No","2026-06-04 15:19:06","2026-06-04 15:19:06"
"2289","HEX HEAD BOLT","Raw Material","1","Nos","","0","","0","DTO 30X24","","0","0","75","0","","FINISH","","","20","0","0","No","2026-06-04 15:19:06","2026-06-04 15:19:06"
"2290","QUARTER PIN","Raw Material","1","Nos","","0","","0","DTO 30X24","","0","0","0","0","","FINISH","","","8","0","0","No","2026-06-04 15:19:06","2026-06-04 15:19:06"
"2291","HT STUD","Raw Material","1","Nos","","0","","0","DTO 30X24","","0","0","40","0","","FINISH","","","10","0","0","No","2026-06-04 15:19:06","2026-06-04 15:19:06"
"2292","STUD","Raw Material","1","Nos","","0","","0","DTO 30X24","","0","0","450","0","","FINISH","","","38.1","0","0","No","2026-06-04 15:19:06","2026-06-04 15:19:06"
"2293","HEX HEAD BOLT WITH WASHER","Raw Material","1","Nos","","0","","0","DTO 30X24","","0","0","100","0","","FINISH","","","20","0","0","No","2026-06-04 15:19:06","2026-06-04 15:19:06"
"2294","TURN BUCKEL PIN","Raw Material","1","Nos","","0","","0","DTO 30X24","","0","0","175","0","","FINISH","","MS ROUND BAR","32","0","0","No","2026-06-04 15:19:06","2026-06-04 15:19:06"
"2295","TURN BUCKEL","Raw Material","1","Nos","","0","","0","DTO 30X24","","0","0","0","0","","FINISH","","","0","0","0","No","2026-06-04 15:19:06","2026-06-04 15:19:06"
"2296","NIPPLE","Raw Material","1","Nos","","0","","0","DTO 30X24","","0","0","0","0","","FINISH","","","9.5","0","0","No","2026-06-04 15:19:06","2026-06-04 15:19:06"
"2297","NIPPLE NUT","Raw Material","1","Nos","","0","","0","DTO 30X24","","0","0","0","0","","FINISH","","","12","0","0","No","2026-06-04 15:19:06","2026-06-04 15:19:06"
"2298","GI PIPE","Raw Material","1","Nos","","0","","0","DTO 30X24","","0","0","855","0","","FINISH","","","12.2","0","0","No","2026-06-04 15:19:06","2026-06-04 15:19:06"
"2299","ROUND BAR","Raw Material","1","Nos","","0","","0","DTO 30X24","","0","0","930","0","","FINISH","","EN8 ROUND BAR","65","0","0","No","2026-06-04 15:19:06","2026-06-04 15:19:06"
"2300","D BAR","Raw Material","1","Nos","","0","","0","DTO 30X24","","0","0","750","0","","FINISH","","EN8 ROUND BAR","65","0","0","No","2026-06-04 15:19:06","2026-06-04 15:19:06"
"2301","SPRING CAP","Raw Material","1","Nos","","0","","0","DTO 30X24","","0","0","0","50","","FINISH","","MS CIRCLE","180","0","0","No","2026-06-04 15:19:06","2026-06-04 15:19:06"
"2302","BODY CAP","Raw Material","1","Nos","","0","","0","DTO 30X24","","0","0","0","50","","FINISH","","MS CIRCLE","100","0","0","No","2026-06-04 15:19:06","2026-06-04 15:19:06"
"2303","OIL TRAY","Raw Material","1","Nos","","0","","0","DTO 30X24","","0","0","0","0","","FINISH","","","0","0","0","No","2026-06-04 15:19:06","2026-06-04 15:19:06"
"2304","PACKING RUBBER SHEET","Raw Material","1","Nos","","0","","0","DTO 30X24","","0","0","3500","8","","FINISH","","","0","0","0","No","2026-06-04 15:19:06","2026-06-04 15:19:06"
"2305","GAS KIT","Raw Material","1","Nos","","0","","0","DTO 30X24","","0","500","500","2","","FINISH","","","0","0","0","No","2026-06-04 15:19:06","2026-06-04 15:19:06"
"2306","PULL BACK PIPE","Raw Material","1","Nos","","0","","0","DTO 30X24","","0","0","300","0","","FINISH","","MS ROUND PIPE","65","45","0","No","2026-06-04 15:19:06","2026-06-04 15:19:06"
"2307","SETTING SEAM","Raw Material","1","Nos","","0","","0","DTO 30X24","","0","75","1060","10","","FINISH","","","0","0","0","No","2026-06-04 15:19:06","2026-06-04 15:19:06"
"2308","HEX HEAD BOLT WITH NUT, NYLON NUT, WASHER","Raw Material","1","Nos","","0","","0","DTO 30X24","","0","0","127","0","","FINISH","","","15.8","0","0","No","2026-06-04 15:19:06","2026-06-04 15:19:06"
"2309","HEX HEAD BOLT WITH NUT, WASHER","Raw Material","1","Nos","","0","","0","DTO 30X24","","0","0","300","0","","FINISH","","","15.8","0","0","No","2026-06-04 15:19:06","2026-06-04 15:19:06"
"2310","WOODEN BLOCK","Raw Material","1","Nos","","0","","0","DTO 30X24","","200","200","200","0","","FINISH","","","0","0","0","No","2026-06-04 15:19:06","2026-06-04 15:19:06"
"2311","BODY BLOCK","Raw Material","1","Nos","","0","","0","DTO 36X24","","0","0","0","0","","FINISH","","MS CASTING","0","0","0","No","2026-06-04 15:22:49","2026-06-04 15:22:49"
"2312","BODY PLATE","Raw Material","1","Nos","","0","","0","DTO 36X24","","0","2350","5500","50","","FINISH","","MS PLATE","0","0","0","No","2026-06-04 15:22:49","2026-06-04 15:22:49"
"2313","SWING JAW","Raw Material","1","Nos","","0","","0","DTO 36X24","","0","0","0","0","","FINISH","","MS CASTING","0","0","0","No","2026-06-04 15:22:49","2026-06-04 15:22:49"
"2314","STATIONARY JAW","Raw Material","1","Nos","","0","","0","DTO 36X24","","0","0","0","0","","FINISH","","MS CASTING","0","0","0","No","2026-06-04 15:22:49","2026-06-04 15:22:49"
"2315","ECCENTRIC SHAFT","Raw Material","1","Nos","","0","","0","DTO 36X24","","0","0","2100","0","","FINISH","","EN8 ROUND BAR","290","0","0","No","2026-06-04 15:22:49","2026-06-04 15:22:49"
"2316","HING PIN","Raw Material","1","Nos","","0","","0","DTO 36X24","","0","0","1280","0","","FINISH","","EN8 ROUND BAR","180","0","0","No","2026-06-04 15:22:49","2026-06-04 15:22:49"
"2317","BEARING HING PIN DTO 36x24","Raw Material","1","Nos","","0","","0","23230 C3","","0","0","0","0","","FINISH","","","0","0","0","No","2026-06-04 15:22:49","2026-06-04 15:22:49"
"2318","BEARING FOR ECCENTRIC SHAFT DTO 36x24","Raw Material","1","Nos","","0","","0","22340 C3","","0","0","0","0","","FINISH","","","0","0","0","No","2026-06-04 15:22:49","2026-06-04 15:22:49"
"2319","JAW PLATE","Raw Material","1","Nos","","0","","0","DTO 36X24","","0","0","0","0","","FINISH","","MN STEEL","0","0","0","No","2026-06-04 15:22:49","2026-06-04 15:22:49"
"2320","SIDE PLATE","Raw Material","1","Nos","","0","","0","DTO 36X24","","0","0","0","0","","FINISH","","MN STEEL","0","0","0","No","2026-06-04 15:22:49","2026-06-04 15:22:49"
"2321","TOGGLE PLATE","Raw Material","1","Nos","","0","","0","DTO 36X24","","0","0","0","0","","FINISH","","MS CASTING","0","0","0","No","2026-06-04 15:22:49","2026-06-04 15:22:49"
"2322","PITMAN","Raw Material","1","Nos","","0","","0","DTO 36X24","","0","0","0","0","","FINISH","","MS CASTING","0","0","0","No","2026-06-04 15:22:49","2026-06-04 15:22:49"
"2323","TOGGLE SHEET","Raw Material","1","Nos","","0","","0","DTO 36X24","","0","0","0","0","","FINISH","","GUNMETAL","0","0","0","No","2026-06-04 15:22:49","2026-06-04 15:22:49"
"2324","TOGGLE PIN","Raw Material","1","Nos","","0","","0","DTO 36X24","","0","0","0","0","","FINISH","","GUNMETAL","0","0","0","No","2026-06-04 15:22:49","2026-06-04 15:22:49"
"2325","FLYWHEEL","Raw Material","1","Nos","","0","","0","DTO 36X24","","0","0","0","0","","FINISH","","CAST IRON","1220","0","0","No","2026-06-04 15:22:49","2026-06-04 15:22:49"
"2326","TAPER BUSH","Raw Material","1","Nos","","0","","0","DTO 36X24","","0","0","0","0","","FINISH","","MS CASTING","0","0","0","No","2026-06-04 15:22:49","2026-06-04 15:22:49"
"2327","ECCENTRIC COVER","Raw Material","1","Nos","","0","","0","DTO 36X24","","0","0","0","0","","FINISH","","MS CASTING","0","0","0","No","2026-06-04 15:22:49","2026-06-04 15:22:49"
"2328","HING PIN COVER","Raw Material","1","Nos","","0","","0","DTO 36X24","","0","0","0","0","","FINISH","","MS CASTING","0","0","0","No","2026-06-04 15:22:49","2026-06-04 15:22:49"
"2329","SWING JAW KEEPER","Raw Material","1","Nos","","0","","0","DTO 36X24","","0","0","0","0","","FINISH","","MS CASTING","0","0","0","No","2026-06-04 15:22:49","2026-06-04 15:22:49"
"2330","GUARD PLATE","Raw Material","1","Nos","","0","","0","DTO 36X24","","0","0","0","0","","FINISH","","MS CASTING","0","0","0","No","2026-06-04 15:22:49","2026-06-04 15:22:49"
"2331","STATIONARY JAW KEEPER","Raw Material","1","Nos","","0","","0","DTO 36X24","","0","0","0","0","","FINISH","","MS CASTING","0","0","0","No","2026-06-04 15:22:49","2026-06-04 15:22:49"
"2332","TOGGLE SPRING","Raw Material","1","Nos","","0","","0","DTO 36X24","","0","0","320","14","","FINISH","","SPRING STEEL","118","90","0","No","2026-06-04 15:22:49","2026-06-04 15:22:49"
"2333","PULL BACK SPRING","Raw Material","1","Nos","","0","","0","DTO 36X24","","0","0","450","28","","FINISH","","SPRING STEEL","151","95","0","No","2026-06-04 15:22:49","2026-06-04 15:22:49"
"2334","EYELET","Raw Material","1","Nos","","0","","0","DTO 36X24","","0","0","200","0","","FINISH","","MS ROUND BAR","100","0","0","No","2026-06-04 15:22:49","2026-06-04 15:22:49"
"2335","EYELET PIN ","Raw Material","1","Nos","","0","","0","DTO 36X24","","0","0","250","0","","FINISH","","MS ROUND BAR","32","0","0","No","2026-06-04 15:22:49","2026-06-04 15:22:49"
"2336","OIL SEAL 180-210-15","Raw Material","1","Nos","","0","","0","DTO 36X24","","0","0","0","0","","FINISH","","","0","0","0","No","2026-06-04 15:22:49","2026-06-04 15:22:49"
"2337","KM40","Raw Material","1","Nos","","0","","0","DTO 36X24","","0","0","0","0","","FINISH","","","0","0","0","No","2026-06-04 15:22:49","2026-06-04 15:22:49"
"2338","MB40","Raw Material","1","Nos","","0","","0","DTO 36X24","","0","0","0","0","","FINISH","","","0","0","0","No","2026-06-04 15:22:49","2026-06-04 15:22:49"
"2339","VARTICAL OIL PUMP 1HP","Raw Material","1","Nos","","0","","0","DTO 36X24","","0","0","0","0","","FINISH","","","0","0","0","No","2026-06-04 15:22:49","2026-06-04 15:22:49"
"2340","RUBBER OIL HOSE PIPE WITH CLAMP","Raw Material","1","mm","","0","","0","DTO 36X24","","0","0","1500","0","","FINISH","","","0","38.1","0","No","2026-06-04 15:22:49","2026-06-04 15:22:49"
"2341","OIL LEVEL GAUGE 127","Raw Material","1","Nos","","0","","0","DTO 36X24","","0","0","0","0","","FINISH","","","0","0","0","No","2026-06-04 15:22:49","2026-06-04 15:22:49"
"2342","DIAPHRAGM","Raw Material","1","Nos","","0","","0","DTO 36X24","","0","0","0","0","","FINISH","","NEOPERINE","0","0","0","No","2026-06-04 15:22:49","2026-06-04 15:22:49"
"2343","POWER PACK TANK 100LTR","Raw Material","1","Nos","","0","","0","DTO 36X24","","0","0","0","0","","FINISH","","","0","0","0","No","2026-06-04 15:22:49","2026-06-04 15:22:49"
"2344","PULL BACK ROD","Raw Material","1","mm","","0","","0","DTO 36X24","","0","0","1850","0","","FINISH","","MS ROUND BAR","50","0","0","No","2026-06-04 15:22:49","2026-06-04 15:22:49"
"2345","SQ HEAD BOLT WITH NUT","Raw Material","1","mm","","0","","0","DTO 36X24","","0","0","600","0","","FINISH","","","32","0","0","No","2026-06-04 15:22:49","2026-06-04 15:22:49"
"2346","HEX HEAD BOLT WITH NUT","Raw Material","1","Nos","","0","","0","DTO 36X24","","0","0","150","0","","FINISH","","","20","0","0","No","2026-06-04 15:22:49","2026-06-04 15:22:49"
"2347","HEX HEAD BOLT","Raw Material","1","Nos","","0","","0","DTO 36X24","","0","0","75","0","","FINISH","","","20","0","0","No","2026-06-04 15:22:49","2026-06-04 15:22:49"
"2348","QUARTER PIN","Raw Material","1","Nos","","0","","0","DTO 36X24","","0","0","0","0","","FINISH","","","8","0","0","No","2026-06-04 15:22:49","2026-06-04 15:22:49"
"2349","HT STUD","Raw Material","1","Nos","","0","","0","DTO 36X24","","0","0","40","0","","FINISH","","","10","0","0","No","2026-06-04 15:22:49","2026-06-04 15:22:49"
"2350","STUD","Raw Material","1","Nos","","0","","0","DTO 36X24","","0","0","550","0","","FINISH","","","50","0","0","No","2026-06-04 15:22:49","2026-06-04 15:22:49"
"2351","HEX HEAD BOLT WITH WASHER","Raw Material","1","Nos","","0","","0","DTO 36X24","","0","0","100","0","","FINISH","","","20","0","0","No","2026-06-04 15:22:49","2026-06-04 15:22:49"
"2352","TURN BUCKEL PIN","Raw Material","1","Nos","","0","","0","DTO 36X24","","0","0","175","0","","FINISH","","MS ROUND BAR","32","0","0","No","2026-06-04 15:22:49","2026-06-04 15:22:49"
"2353","TURN BUCKEL","Raw Material","1","Nos","","0","","0","DTO 36X24","","0","0","0","0","","FINISH","","","0","0","0","No","2026-06-04 15:22:49","2026-06-04 15:22:49"
"2354","NIPPLE","Raw Material","1","Nos","","0","","0","DTO 36X24","","0","0","0","0","","FINISH","","","9.5","0","0","No","2026-06-04 15:22:49","2026-06-04 15:22:49"
"2355","NIPPLE NUT","Raw Material","1","Nos","","0","","0","DTO 36X24","","0","0","0","0","","FINISH","","","12","0","0","No","2026-06-04 15:22:49","2026-06-04 15:22:49"
"2356","GI PIPE","Raw Material","1","Nos","","0","","0","DTO 36X24","","0","0","975","0","","FINISH","","","12.2","0","0","No","2026-06-04 15:22:49","2026-06-04 15:22:49"
"2357","ROUND BAR","Raw Material","1","Nos","","0","","0","DTO 36X24","","0","0","1075","0","","FINISH","","EN8 ROUND BAR","100","0","0","No","2026-06-04 15:22:49","2026-06-04 15:22:49"
"2358","D BAR","Raw Material","1","Nos","","0","","0","DTO 36X24","","0","0","900","0","","FINISH","","EN8 ROUND BAR","100","0","0","No","2026-06-04 15:22:49","2026-06-04 15:22:49"
"2359","SPRING CAP","Raw Material","1","Nos","","0","","0","DTO 36X24","","0","0","0","50","","FINISH","","MS CIRCLE","180","0","0","No","2026-06-04 15:22:49","2026-06-04 15:22:49"
"2360","BODY CAP","Raw Material","1","Nos","","0","","0","DTO 36X24","","0","0","0","50","","FINISH","","MS CIRCLE","100","0","0","No","2026-06-04 15:22:49","2026-06-04 15:22:49"
"2361","OIL TRAY","Raw Material","1","Nos","","0","","0","DTO 36X24","","0","0","0","0","","FINISH","","","0","0","0","No","2026-06-04 15:22:49","2026-06-04 15:22:49"
"2362","PACKING RUBBER SHEET","Raw Material","1","Nos","","0","","0","DTO 36X24","","0","0","5000","8","","FINISH","","","0","0","0","No","2026-06-04 15:22:49","2026-06-04 15:22:49"
"2363","GAS KIT","Raw Material","1","Nos","","0","","0","DTO 36X24","","0","1000","500","2","","FINISH","","","0","0","0","No","2026-06-04 15:22:49","2026-06-04 15:22:49"
"2364","PULL BACK PIPE","Raw Material","1","Nos","","0","","0","DTO 36X24","","0","0","300","0","","FINISH","","MS ROUND PIPE","65","45","0","No","2026-06-04 15:22:49","2026-06-04 15:22:49"
"2365","SETTING SEAM","Raw Material","1","Nos","","0","","0","DTO 36X24","","0","100","1230","16","","FINISH","","","0","0","0","No","2026-06-04 15:22:49","2026-06-04 15:22:49"
"2366","HEX HEAD BOLT WITH NUT, NYLON NUT, WASHER","Raw Material","1","Nos","","0","","0","DTO 36X24","","0","0","127","0","","FINISH","","","15.8","0","0","No","2026-06-04 15:22:49","2026-06-04 15:22:49"
"2367","HEX HEAD BOLT WITH NUT, WASHER","Raw Material","1","Nos","","0","","0","DTO 36X24","","0","0","300","0","","FINISH","","","15.8","0","0","No","2026-06-04 15:22:49","2026-06-04 15:22:49"
"2368","WOODEN BLOCK","Raw Material","1","Nos","","0","","0","DTO 36X24","","200","200","200","0","","FINISH","","","0","0","0","No","2026-06-04 15:22:49","2026-06-04 15:22:49"
"2369","BODY BLOCK","Raw Material","1","Nos","","0","","0","DTO 36X30","","0","0","0","0","","FINISH","","MS CASTING","0","0","0","No","2026-06-04 15:27:05","2026-06-04 15:27:05"
"2370","BODY PLATE","Raw Material","1","Nos","","0","","0","DTO 36X30","","0","2050","5500","50","","FINISH","","MS PLATE","0","0","0","No","2026-06-04 15:27:05","2026-06-04 15:27:05"
"2371","SWING JAW","Raw Material","1","Nos","","0","","0","DTO 36X30","","0","0","0","0","","FINISH","","MS CASTING","0","0","0","No","2026-06-04 15:27:05","2026-06-04 15:27:05"
"2372","STATIONARY JAW","Raw Material","1","Nos","","0","","0","DTO 36X30","","0","0","0","0","","FINISH","","MS CASTING","0","0","0","No","2026-06-04 15:27:05","2026-06-04 15:27:05"
"2373","ECCENTRIC SHAFT","Raw Material","1","Nos","","0","","0","DTO 36X30","","0","0","2100","0","","FINISH","","EN8 ROUND BAR","290","0","0","No","2026-06-04 15:27:05","2026-06-04 15:27:05"
"2374","HING PIN","Raw Material","1","Nos","","0","","0","DTO 36X30","","0","0","1350","0","","FINISH","","EN8 ROUND BAR","205","0","0","No","2026-06-04 15:27:05","2026-06-04 15:27:05"
"2375","BEARING HING PIN 23236 C3","Raw Material","1","Nos","","0","","0","DTO 36X30","","0","0","0","0","","FINISH","","","0","0","0","No","2026-06-04 15:27:05","2026-06-04 15:27:05"
"2376","BEARING FOR ECCENTRIC SHAFT 22340 C3","Raw Material","1","Nos","","0","","0","DTO 36X30","","0","0","0","0","","FINISH","","","0","0","0","No","2026-06-04 15:27:05","2026-06-04 15:27:05"
"2377","JAW PLATE","Raw Material","1","Nos","","0","","0","DTO 36X30","","0","0","0","0","","FINISH","","MN STEEL","0","0","0","No","2026-06-04 15:27:05","2026-06-04 15:27:05"
"2378","SIDE PLATE","Raw Material","1","Nos","","0","","0","DTO 36X30","","0","0","0","0","","FINISH","","MN STEEL","0","0","0","No","2026-06-04 15:27:05","2026-06-04 15:27:05"
"2379","TOGGLE PLATE","Raw Material","1","Nos","","0","","0","DTO 36X30","","0","0","0","0","","FINISH","","MS CASTING","0","0","0","No","2026-06-04 15:27:05","2026-06-04 15:27:05"
"2380","PITMAN","Raw Material","1","Nos","","0","","0","DTO 36X30","","0","0","0","0","","FINISH","","MS CASTING","0","0","0","No","2026-06-04 15:27:05","2026-06-04 15:27:05"
"2381","TOGGLE SHEET","Raw Material","1","Nos","","0","","0","DTO 36X30","","0","0","0","0","","FINISH","","GUNMETAL","0","0","0","No","2026-06-04 15:27:05","2026-06-04 15:27:05"
"2382","TOGGLE PIN","Raw Material","1","Nos","","0","","0","DTO 36X30","","0","0","0","0","","FINISH","","GUNMETAL","0","0","0","No","2026-06-04 15:27:05","2026-06-04 15:27:05"
"2383","FLYWHEEL","Raw Material","1","Nos","","0","","0","DTO 36X30","","0","0","0","0","","FINISH","","CAST IRON","1220","0","0","No","2026-06-04 15:27:05","2026-06-04 15:27:05"
"2384","TAPER BUSH","Raw Material","1","Nos","","0","","0","DTO 36X30","","0","0","0","0","","FINISH","","MS CASTING","0","0","0","No","2026-06-04 15:27:05","2026-06-04 15:27:05"
"2385","ECCENTRIC COVER","Raw Material","1","Nos","","0","","0","DTO 36X30","","0","0","0","0","","FINISH","","MS CASTING","0","0","0","No","2026-06-04 15:27:05","2026-06-04 15:27:05"
"2386","HING PIN COVER","Raw Material","1","Nos","","0","","0","DTO 36X30","","0","0","0","0","","FINISH","","MS CASTING","0","0","0","No","2026-06-04 15:27:05","2026-06-04 15:27:05"
"2387","SWING JAW KEEPER","Raw Material","1","Nos","","0","","0","DTO 36X30","","0","0","0","0","","FINISH","","MS CASTING","0","0","0","No","2026-06-04 15:27:05","2026-06-04 15:27:05"
"2388","GUARD PLATE","Raw Material","1","Nos","","0","","0","DTO 36X30","","0","0","0","0","","FINISH","","MS CASTING","0","0","0","No","2026-06-04 15:27:05","2026-06-04 15:27:05"
"2389","STATIONARY JAW KEEPER","Raw Material","1","Nos","","0","","0","DTO 36X30","","0","0","0","0","","FINISH","","MS CASTING","0","0","0","No","2026-06-04 15:27:05","2026-06-04 15:27:05"
"2390","TOGGLE SPRING","Raw Material","1","Nos","","0","","0","DTO 36X30","","0","0","320","14","","FINISH","","SPRING STEEL","118","90","0","No","2026-06-04 15:27:05","2026-06-04 15:27:05"
"2391","PULL BACK SPRING","Raw Material","1","Nos","","0","","0","DTO 36X30","","0","0","450","28","","FINISH","","SPRING STEEL","151","95","0","No","2026-06-04 15:27:05","2026-06-04 15:27:05"
"2392","EYELET","Raw Material","1","Nos","","0","","0","DTO 36X30","","0","0","200","0","","FINISH","","MS ROUND BAR","100","0","0","No","2026-06-04 15:27:05","2026-06-04 15:27:05"
"2393","EYELET PIN ","Raw Material","1","Nos","","0","","0","DTO 36X30","","0","0","250","0","","FINISH","","MS ROUND BAR","32","0","0","No","2026-06-04 15:27:05","2026-06-04 15:27:05"
"2394","OIL SEAL 180-210-15","Raw Material","1","Nos","","0","","0","DTO 36X30","","0","0","0","0","","FINISH","","","0","0","0","No","2026-06-04 15:27:05","2026-06-04 15:27:05"
"2395","KM40","Raw Material","1","Nos","","0","","0","DTO 36X30","","0","0","0","0","","FINISH","","","0","0","0","No","2026-06-04 15:27:05","2026-06-04 15:27:05"
"2396","MB40","Raw Material","1","Nos","","0","","0","DTO 36X30","","0","0","0","0","","FINISH","","","0","0","0","No","2026-06-04 15:27:05","2026-06-04 15:27:05"
"2397","VARTICAL OIL PUMP 1HP","Raw Material","1","Nos","","0","","0","DTO 36X30","","0","0","0","0","","FINISH","","","0","0","0","No","2026-06-04 15:27:05","2026-06-04 15:27:05"
"2398","RUBBER OIL HOSE PIPE WITH CLAMP","Raw Material","1","mm","","0","","0","DTO 36X30","","0","0","1500","0","","FINISH","","","0","38.1","0","No","2026-06-04 15:27:05","2026-06-04 15:27:05"
"2399","OIL LEVEL GAUGE 127","Raw Material","1","Nos","","0","","0","DTO 36X30","","0","0","0","0","","FINISH","","","0","0","0","No","2026-06-04 15:27:05","2026-06-04 15:27:05"
"2400","DIAPHRAGM","Raw Material","1","Nos","","0","","0","DTO 36X30","","0","0","0","0","","FINISH","","NEOPERINE","0","0","0","No","2026-06-04 15:27:05","2026-06-04 15:27:05"
"2401","POWER PACK TANK 100LTR","Raw Material","1","Nos","","0","","0","DTO 36X30","","0","0","0","0","","FINISH","","","0","0","0","No","2026-06-04 15:27:05","2026-06-04 15:27:05"
"2402","PULL BACK ROD","Raw Material","1","mm","","0","","0","DTO 36X30","","0","0","1850","0","","FINISH","","MS ROUND BAR","50","0","0","No","2026-06-04 15:27:05","2026-06-04 15:27:05"
"2403","SQ HEAD BOLT WITH NUT","Raw Material","1","mm","","0","","0","DTO 36X30","","0","0","600","0","","FINISH","","","32","0","0","No","2026-06-04 15:27:05","2026-06-04 15:27:05"
"2404","HEX HEAD BOLT WITH NUT","Raw Material","1","Nos","","0","","0","DTO 36X30","","0","0","150","0","","FINISH","","","20","0","0","No","2026-06-04 15:27:05","2026-06-04 15:27:05"
"2405","HEX HEAD BOLT","Raw Material","1","Nos","","0","","0","DTO 36X30","","0","0","75","0","","FINISH","","","20","0","0","No","2026-06-04 15:27:05","2026-06-04 15:27:05"
"2406","QUARTER PIN","Raw Material","1","Nos","","0","","0","DTO 36X30","","0","0","0","0","","FINISH","","","8","0","0","No","2026-06-04 15:27:05","2026-06-04 15:27:05"
"2407","HT STUD","Raw Material","1","Nos","","0","","0","DTO 36X30","","0","0","40","0","","FINISH","","","10","0","0","No","2026-06-04 15:27:05","2026-06-04 15:27:05"
"2408","STUD","Raw Material","1","Nos","","0","","0","DTO 36X30","","0","0","550","0","","FINISH","","","50","0","0","No","2026-06-04 15:27:05","2026-06-04 15:27:05"
"2409","HEX HEAD BOLT WITH WASHER","Raw Material","1","Nos","","0","","0","DTO 36X30","","0","0","100","0","","FINISH","","","20","0","0","No","2026-06-04 15:27:05","2026-06-04 15:27:05"
"2410","TURN BUCKEL PIN","Raw Material","1","Nos","","0","","0","DTO 36X30","","0","0","175","0","","FINISH","","MS ROUND BAR","32","0","0","No","2026-06-04 15:27:05","2026-06-04 15:27:05"
"2411","TURN BUCKEL","Raw Material","1","Nos","","0","","0","DTO 36X30","","0","0","0","0","","FINISH","","","0","0","0","No","2026-06-04 15:27:05","2026-06-04 15:27:05"
"2412","NIPPLE","Raw Material","1","Nos","","0","","0","DTO 36X30","","0","0","0","0","","FINISH","","","9.5","0","0","No","2026-06-04 15:27:05","2026-06-04 15:27:05"
"2413","NIPPLE NUT","Raw Material","1","Nos","","0","","0","DTO 36X30","","0","0","0","0","","FINISH","","","12","0","0","No","2026-06-04 15:27:05","2026-06-04 15:27:05"
"2414","GI PIPE","Raw Material","1","Nos","","0","","0","DTO 36X30","","0","0","975","0","","FINISH","","","12.2","0","0","No","2026-06-04 15:27:05","2026-06-04 15:27:05"
"2415","ROUND BAR","Raw Material","1","Nos","","0","","0","DTO 36X30","","0","0","1075","0","","FINISH","","EN8 ROUND BAR","100","0","0","No","2026-06-04 15:27:05","2026-06-04 15:27:05"
"2416","D BAR","Raw Material","1","Nos","","0","","0","DTO 36X30","","0","0","900","0","","FINISH","","EN8 ROUND BAR","100","0","0","No","2026-06-04 15:27:05","2026-06-04 15:27:05"
"2417","SPRING CAP","Raw Material","1","Nos","","0","","0","DTO 36X30","","0","0","0","50","","FINISH","","MS CIRCLE","180","0","0","No","2026-06-04 15:27:05","2026-06-04 15:27:05"
"2418","BODY CAP","Raw Material","1","Nos","","0","","0","DTO 36X30","","0","0","0","50","","FINISH","","MS CIRCLE","100","0","0","No","2026-06-04 15:27:05","2026-06-04 15:27:05"
"2419","OIL TRAY","Raw Material","1","Nos","","0","","0","DTO 36X30","","0","0","0","0","","FINISH","","","0","0","0","No","2026-06-04 15:27:05","2026-06-04 15:27:05"
"2420","PACKING RUBBER SHEET","Raw Material","1","Nos","","0","","0","DTO 36X30","","0","0","5000","8","","FINISH","","","0","0","0","No","2026-06-04 15:27:05","2026-06-04 15:27:05"
"2421","GAS KIT","Raw Material","1","Nos","","0","","0","DTO 36X30","","0","1000","500","2","","FINISH","","","0","0","0","No","2026-06-04 15:27:05","2026-06-04 15:27:05"
"2422","PULL BACK PIPE","Raw Material","1","Nos","","0","","0","DTO 36X30","","0","0","300","0","","FINISH","","MS ROUND PIPE","65","45","0","No","2026-06-04 15:27:05","2026-06-04 15:27:05"
"2423","SETTING SEAM","Raw Material","1","Nos","","0","","0","DTO 36X30","","0","100","1230","16","","FINISH","","","0","0","0","No","2026-06-04 15:27:05","2026-06-04 15:27:05"
"2424","HEX HEAD BOLT WITH NUT, NYLON NUT, WASHER","Raw Material","1","Nos","","0","","0","DTO 36X30","","0","0","127","0","","FINISH","","","15.8","0","0","No","2026-06-04 15:27:05","2026-06-04 15:27:05"
"2425","HEX HEAD BOLT WITH NUT, WASHER","Raw Material","1","Nos","","0","","0","DTO 36X30","","0","0","300","0","","FINISH","","","15.8","0","0","No","2026-06-04 15:27:05","2026-06-04 15:27:05"
"2426","WOODEN BLOCK","Raw Material","1","Nos","","0","","0","DTO 36X30","","200","200","200","0","","FINISH","","","0","0","0","No","2026-06-04 15:27:05","2026-06-04 15:27:05"
"2427","BODY BLOCK","Raw Material","1","Nos","","0","","0","DTO 48X15","","0","0","0","0","","FINISH","","MS CASTING","0","0","0","No","2026-06-04 15:28:52","2026-06-04 15:28:52"
"2428","BODY PLATE","Raw Material","1","Nos","","0","","0","DTO 48X15","","0","1540","4500","50","","FINISH","","MS PLATE","0","0","0","No","2026-06-04 15:28:52","2026-06-04 15:28:52"
"2429","SWING JAW","Raw Material","1","Nos","","0","","0","DTO 48X15","","0","0","0","0","","FINISH","","MS CASTING","0","0","0","No","2026-06-04 15:28:52","2026-06-04 15:28:52"
"2430","STATIONARY JAW","Raw Material","1","Nos","","0","","0","DTO 48X15","","0","0","0","0","","FINISH","","MS CASTING","0","0","0","No","2026-06-04 15:28:52","2026-06-04 15:28:52"
"2431","ECCENTRIC SHAFT","Raw Material","1","Nos","","0","","0","DTO 48X15","","0","0","2175","0","","FINISH","","EN8 ROUND BAR","270","0","0","No","2026-06-04 15:28:52","2026-06-04 15:28:52"
"2432","HING PIN","Raw Material","1","Nos","","0","","0","DTO 48X15","","0","0","1550","0","","FINISH","","EN8 ROUND BAR","165","0","0","No","2026-06-04 15:28:52","2026-06-04 15:28:52"
"2433","BEARING HING PIN 23230 C3","Raw Material","1","Nos","","0","","0","DTO 48X15","","0","0","0","0","","FINISH","","","0","0","0","No","2026-06-04 15:28:52","2026-06-04 15:28:52"
"2434","BEARING FOR ECCENTRIC SHAFT 22336 C3","Raw Material","1","Nos","","0","","0","DTO 48X15","","0","0","0","0","","FINISH","","","0","0","0","No","2026-06-04 15:28:52","2026-06-04 15:28:52"
"2435","JAW PLATE","Raw Material","1","Nos","","0","","0","DTO 48X15","","0","0","0","0","","FINISH","","MN STEEL","0","0","0","No","2026-06-04 15:28:52","2026-06-04 15:28:52"
"2436","SIDE PLATE","Raw Material","1","Nos","","0","","0","DTO 48X15","","0","0","0","0","","FINISH","","MN STEEL","0","0","0","No","2026-06-04 15:28:52","2026-06-04 15:28:52"
"2437","TOGGLE PLATE","Raw Material","1","Nos","","0","","0","DTO 48X15","","0","0","0","0","","FINISH","","MS CASTING","0","0","0","No","2026-06-04 15:28:52","2026-06-04 15:28:52"
"2438","PITMAN","Raw Material","1","Nos","","0","","0","DTO 48X15","","0","0","0","0","","FINISH","","MS CASTING","0","0","0","No","2026-06-04 15:28:52","2026-06-04 15:28:52"
"2439","TOGGLE SHEET","Raw Material","1","Nos","","0","","0","DTO 48X15","","0","0","0","0","","FINISH","","GUNMETAL","0","0","0","No","2026-06-04 15:28:52","2026-06-04 15:28:52"
"2440","TOGGLE PIN","Raw Material","1","Nos","","0","","0","DTO 48X15","","0","0","0","0","","FINISH","","GUNMETAL","0","0","0","No","2026-06-04 15:28:52","2026-06-04 15:28:52"
"2441","FLYWHEEL","Raw Material","1","Nos","","0","","0","DTO 48X15","","0","0","0","0","","FINISH","","CAST IRON","1120","0","0","No","2026-06-04 15:28:52","2026-06-04 15:28:52"
"2442","TAPER BUSH","Raw Material","1","Nos","","0","","0","DTO 48X15","","0","0","0","0","","FINISH","","MS CASTING","0","0","0","No","2026-06-04 15:28:52","2026-06-04 15:28:52"
"2443","ECCENTRIC COVER","Raw Material","1","Nos","","0","","0","DTO 48X15","","0","0","0","0","","FINISH","","MS CASTING","0","0","0","No","2026-06-04 15:28:52","2026-06-04 15:28:52"
"2444","HING PIN COVER","Raw Material","1","Nos","","0","","0","DTO 48X15","","0","0","0","0","","FINISH","","MS CASTING","0","0","0","No","2026-06-04 15:28:52","2026-06-04 15:28:52"
"2445","SWING JAW KEEPER","Raw Material","1","Nos","","0","","0","DTO 48X15","","0","0","0","0","","FINISH","","MS CASTING","0","0","0","No","2026-06-04 15:28:52","2026-06-04 15:28:52"
"2446","GUARD PLATE","Raw Material","1","Nos","","0","","0","DTO 48X15","","0","0","0","0","","FINISH","","MS CASTING","0","0","0","No","2026-06-04 15:28:52","2026-06-04 15:28:52"
"2447","STATIONARY JAW KEEPER","Raw Material","1","Nos","","0","","0","DTO 48X15","","0","0","0","0","","FINISH","","MS CASTING","0","0","0","No","2026-06-04 15:28:52","2026-06-04 15:28:52"
"2448","TOGGLE SPRING","Raw Material","1","Nos","","0","","0","DTO 48X15","","0","0","240","14","","FINISH","","SPRING STEEL","110","84","0","No","2026-06-04 15:28:52","2026-06-04 15:28:52"
"2449","PULL BACK SPRING","Raw Material","1","Nos","","0","","0","DTO 48X15","","0","0","360","28","","FINISH","","SPRING STEEL","175","119","0","No","2026-06-04 15:28:52","2026-06-04 15:28:52"
"2450","EYELET","Raw Material","1","Nos","","0","","0","DTO 48X15","","0","0","170","0","","FINISH","","MS ROUND BAR","65","0","0","No","2026-06-04 15:28:52","2026-06-04 15:28:52"
"2451","EYELET PIN ","Raw Material","1","Nos","","0","","0","DTO 48X15","","0","0","200","0","","FINISH","","MS ROUND BAR","25","0","0","No","2026-06-04 15:28:52","2026-06-04 15:28:52"
"2452","OIL SEAL 170-200-15","Raw Material","1","Nos","","0","","0","DTO 48X15","","0","0","0","0","","FINISH","","","0","0","0","No","2026-06-04 15:28:52","2026-06-04 15:28:52"
"2453","KM36","Raw Material","1","Nos","","0","","0","DTO 48X15","","0","0","0","0","","FINISH","","","0","0","0","No","2026-06-04 15:28:52","2026-06-04 15:28:52"
"2454","MB36","Raw Material","1","Nos","","0","","0","DTO 48X15","","0","0","0","0","","FINISH","","","0","0","0","No","2026-06-04 15:28:52","2026-06-04 15:28:52"
"2455","VARTICAL OIL PUMP 1HP","Raw Material","1","Nos","","0","","0","DTO 48X15","","0","0","0","0","","FINISH","","","0","0","0","No","2026-06-04 15:28:52","2026-06-04 15:28:52"
"2456","RUBBER OIL HOSE PIPE WITH CLAMP","Raw Material","1","mm","","0","","0","DTO 48X15","","0","0","1500","0","","FINISH","","","0","38.1","0","No","2026-06-04 15:28:52","2026-06-04 15:28:52"
"2457","OIL LEVEL GAUGE 127","Raw Material","1","Nos","","0","","0","DTO 48X15","","0","0","0","0","","FINISH","","","0","0","0","No","2026-06-04 15:28:52","2026-06-04 15:28:52"
"2458","DIAPHRAGM","Raw Material","1","Nos","","0","","0","DTO 48X15","","0","0","0","0","","FINISH","","NEOPERINE","0","0","0","No","2026-06-04 15:28:52","2026-06-04 15:28:52"
"2459","POWER PACK TANK 100LTR","Raw Material","1","Nos","","0","","0","DTO 48X15","","0","0","0","0","","FINISH","","","0","0","0","No","2026-06-04 15:28:52","2026-06-04 15:28:52"
"2460","PULL BACK ROD","Raw Material","1","Nos","","0","","0","DTO 48X15","","0","0","1650","0","","FINISH","","MS ROUND BAR","40","0","0","No","2026-06-04 15:28:52","2026-06-04 15:28:52"
"2461","SQ HEAD BOLT WITH NUT","Raw Material","1","Nos","","0","","0","DTO 48X15","","0","0","450","0","","FINISH","","","25.4","0","0","No","2026-06-04 15:28:52","2026-06-04 15:28:52"
"2462","HEX HEAD BOLT WITH NUT","Raw Material","1","Nos","","0","","0","DTO 48X15","","0","0","150","0","","FINISH","","","20","0","0","No","2026-06-04 15:28:52","2026-06-04 15:28:52"
"2463","HEX HEAD BOLT","Raw Material","1","Nos","","0","","0","DTO 48X15","","0","0","90","0","","FINISH","","","20","0","0","No","2026-06-04 15:28:52","2026-06-04 15:28:52"
"2464","QUARTER PIN","Raw Material","1","Nos","","0","","0","DTO 48X15","","0","0","0","0","","FINISH","","","8","0","0","No","2026-06-04 15:28:52","2026-06-04 15:28:52"
"2465","HT STUD","Raw Material","1","Nos","","0","","0","DTO 48X15","","0","0","40","0","","FINISH","","","10","0","0","No","2026-06-04 15:28:52","2026-06-04 15:28:52"
"2466","STUD","Raw Material","1","Nos","","0","","0","DTO 48X15","","0","0","550","0","","FINISH","","","38.1","0","0","No","2026-06-04 15:28:52","2026-06-04 15:28:52"
"2467","HEX HEAD BOLT WITH WASHER","Raw Material","1","Nos","","0","","0","DTO 48X15","","0","0","100","0","","FINISH","","","20","0","0","No","2026-06-04 15:28:52","2026-06-04 15:28:52"
"2468","TURN BUCKEL PIN","Raw Material","1","Nos","","0","","0","DTO 48X15","","0","0","175","0","","FINISH","","MS ROUND BAR","32","0","0","No","2026-06-04 15:28:52","2026-06-04 15:28:52"
"2469","TURN BUCKEL","Raw Material","1","Nos","","0","","0","DTO 48X15","","0","0","0","0","","FINISH","","","0","0","0","No","2026-06-04 15:28:52","2026-06-04 15:28:52"
"2470","NIPPLE","Raw Material","1","Nos","","0","","0","DTO 48X15","","0","0","0","0","","FINISH","","","9.5","0","0","No","2026-06-04 15:28:52","2026-06-04 15:28:52"
"2471","NIPPLE NUT","Raw Material","1","Nos","","0","","0","DTO 48X15","","0","0","0","0","","FINISH","","","12","0","0","No","2026-06-04 15:28:52","2026-06-04 15:28:52"
"2472","GI PIPE","Raw Material","1","Nos","","0","","0","DTO 48X15","","0","0","1275","0","","FINISH","","","12.2","0","0","No","2026-06-04 15:28:52","2026-06-04 15:28:52"
"2473","ROUND BAR","Raw Material","1","Nos","","0","","0","DTO 48X15","","0","0","1375","0","","FINISH","","EN8 ROUND BAR","65","0","0","No","2026-06-04 15:28:52","2026-06-04 15:28:52"
"2474","D BAR","Raw Material","1","Nos","","0","","0","DTO 48X15","","0","0","1200","0","","FINISH","","EN8 ROUND BAR","65","0","0","No","2026-06-04 15:28:52","2026-06-04 15:28:52"
"2475","SPRING CAP","Raw Material","1","Nos","","0","","0","DTO 48X15","","0","0","0","50","","FINISH","","MS CIRCLE","180","0","0","No","2026-06-04 15:28:52","2026-06-04 15:28:52"
"2476","BODY CAP","Raw Material","1","Nos","","0","","0","DTO 48X15","","0","0","0","50","","FINISH","","MS CIRCLE","100","0","0","No","2026-06-04 15:28:52","2026-06-04 15:28:52"
"2477","OIL TRAY","Raw Material","1","Nos","","0","","0","DTO 48X15","","0","0","0","0","","FINISH","","","0","0","0","No","2026-06-04 15:28:52","2026-06-04 15:28:52"
"2478","PACKING RUBBER SHEET","Raw Material","1","Nos","","0","","0","DTO 48X15","","0","0","3500","8","","FINISH","","","0","0","0","No","2026-06-04 15:28:52","2026-06-04 15:28:52"
"2479","GAS KIT","Raw Material","1","Nos","","0","","0","DTO 48X15","","0","500","800","2","","FINISH","","","0","0","0","No","2026-06-04 15:28:52","2026-06-04 15:28:52"
"2480","PULL BACK PIPE","Raw Material","1","Nos","","0","","0","DTO 48X15","","0","0","300","0","","FINISH","","MS ROUND PIPE","65","45","0","No","2026-06-04 15:28:52","2026-06-04 15:28:52"
"2481","SETTING SEAM","Raw Material","1","Nos","","0","","0","DTO 48X15","","0","75","1540","16","","FINISH","","","0","0","0","No","2026-06-04 15:28:52","2026-06-04 15:28:52"
"2482","HEX HEAD BOLT WITH NUT, NYLON NUT, WASHER","Raw Material","1","Nos","","0","","0","DTO 48X15","","0","0","127","0","","FINISH","","","15.8","0","0","No","2026-06-04 15:28:52","2026-06-04 15:28:52"
"2483","HEX HEAD BOLT WITH NUT, WASHER","Raw Material","1","Nos","","0","","0","DTO 48X15","","0","0","300","0","","FINISH","","","15.8","0","0","No","2026-06-04 15:28:52","2026-06-04 15:28:52"
"2484","WOODEN BLOCK","Raw Material","1","Nos","","0","","0","DTO 48X15","","200","200","200","0","","FINISH","","","0","0","0","No","2026-06-04 15:28:52","2026-06-04 15:28:52"
"2485","BODY BLOCK","Raw Material","1","Nos","","0","","0","DTO 42X30","","0","0","0","0","","FINISH","","MS CASTING","0","0","0","No","2026-06-04 15:32:02","2026-06-04 15:32:02"
"2486","BODY PLATE","Raw Material","1","Nos","","0","","0","DTO 42X30","","0","2350","6500","50","","FINISH","","MS PLATE","0","0","0","No","2026-06-04 15:32:03","2026-06-04 15:32:03"
"2487","SWING JAW","Raw Material","1","Nos","","0","","0","DTO 42X30","","0","0","0","0","","FINISH","","MS CASTING","0","0","0","No","2026-06-04 15:32:03","2026-06-04 15:32:03"
"2488","STATIONARY JAW","Raw Material","1","Nos","","0","","0","DTO 42X30","","0","0","0","0","","FINISH","","MS CASTING","0","0","0","No","2026-06-04 15:32:03","2026-06-04 15:32:03"
"2489","ECCENTRIC SHAFT","Raw Material","1","Nos","","0","","0","DTO 42X30","","0","0","2350","0","","FINISH","","EN8 ROUND BAR","305","0","0","No","2026-06-04 15:32:03","2026-06-04 15:32:03"
"2490","HING PIN","Raw Material","1","Nos","","0","","0","DTO 42X30","","0","0","1500","0","","FINISH","","EN8 ROUND BAR","205","0","0","No","2026-06-04 15:32:03","2026-06-04 15:32:03"
"2491","BEARING HING PIN 23236 C3","Raw Material","1","Nos","","0","","0","DTO 42X30","","0","0","0","0","","FINISH","","","0","0","0","No","2026-06-04 15:32:03","2026-06-04 15:32:03"
"2492","BEARING FOR ECCENTRIC SHAFT 22340 C3","Raw Material","1","Nos","","0","","0","DTO 42X30","","0","0","0","0","","FINISH","","","0","0","0","No","2026-06-04 15:32:03","2026-06-04 15:32:03"
"2493","JAW PLATE","Raw Material","1","Nos","","0","","0","DTO 42X30","","0","0","0","0","","FINISH","","MN STEEL","0","0","0","No","2026-06-04 15:32:03","2026-06-04 15:32:03"
"2494","SIDE PLATE","Raw Material","1","Nos","","0","","0","DTO 42X30","","0","0","0","0","","FINISH","","MN STEEL","0","0","0","No","2026-06-04 15:32:03","2026-06-04 15:32:03"
"2495","TOGGLE PLATE","Raw Material","1","Nos","","0","","0","DTO 42X30","","0","0","0","0","","FINISH","","MS CASTING","0","0","0","No","2026-06-04 15:32:03","2026-06-04 15:32:03"
"2496","PITMAN","Raw Material","1","Nos","","0","","0","DTO 42X30","","0","0","0","0","","FINISH","","MS CASTING","0","0","0","No","2026-06-04 15:32:03","2026-06-04 15:32:03"
"2497","TOGGLE SHEET","Raw Material","1","Nos","","0","","0","DTO 42X30","","0","0","0","0","","FINISH","","GUNMETAL","0","0","0","No","2026-06-04 15:32:03","2026-06-04 15:32:03"
"2498","TOGGLE PIN","Raw Material","1","Nos","","0","","0","DTO 42X30","","0","0","0","0","","FINISH","","GUNMETAL","0","0","0","No","2026-06-04 15:32:03","2026-06-04 15:32:03"
"2499","FLYWHEEL","Raw Material","1","Nos","","0","","0","DTO 42X30","","0","0","0","0","","FINISH","","CAST IRON","1220","0","0","No","2026-06-04 15:32:03","2026-06-04 15:32:03"
"2500","TAPER BUSH","Raw Material","1","Nos","","0","","0","DTO 42X30","","0","0","0","0","","FINISH","","MS CASTING","0","0","0","No","2026-06-04 15:32:03","2026-06-04 15:32:03"
"2501","ECCENTRIC COVER","Raw Material","1","Nos","","0","","0","DTO 42X30","","0","0","0","0","","FINISH","","MS CASTING","0","0","0","No","2026-06-04 15:32:03","2026-06-04 15:32:03"
"2502","HING PIN COVER","Raw Material","1","Nos","","0","","0","DTO 42X30","","0","0","0","0","","FINISH","","MS CASTING","0","0","0","No","2026-06-04 15:32:03","2026-06-04 15:32:03"
"2503","SWING JAW KEEPER","Raw Material","1","Nos","","0","","0","DTO 42X30","","0","0","0","0","","FINISH","","MS CASTING","0","0","0","No","2026-06-04 15:32:03","2026-06-04 15:32:03"
"2504","GUARD PLATE","Raw Material","1","Nos","","0","","0","DTO 42X30","","0","0","0","0","","FINISH","","MS CASTING","0","0","0","No","2026-06-04 15:32:03","2026-06-04 15:32:03"
"2505","STATIONARY JAW KEEPER","Raw Material","1","Nos","","0","","0","DTO 42X30","","0","0","0","0","","FINISH","","MS CASTING","0","0","0","No","2026-06-04 15:32:03","2026-06-04 15:32:03"
"2506","TOGGLE SPRING","Raw Material","1","Nos","","0","","0","DTO 42X30","","0","0","320","14","","FINISH","","SPRING STEEL","118","90","0","No","2026-06-04 15:32:03","2026-06-04 15:32:03"
"2507","PULL BACK SPRING","Raw Material","1","Nos","","0","","0","DTO 42X30","","0","0","450","28","","FINISH","","SPRING STEEL","151","95","0","No","2026-06-04 15:32:03","2026-06-04 15:32:03"
"2508","EYELET","Raw Material","1","Nos","","0","","0","DTO 42X30","","0","0","200","0","","FINISH","","MS ROUND BAR","100","0","0","No","2026-06-04 15:32:03","2026-06-04 15:32:03"
"2509","EYELET PIN ","Raw Material","1","Nos","","0","","0","DTO 42X30","","0","0","250","0","","FINISH","","MS ROUND BAR","32","0","0","No","2026-06-04 15:32:03","2026-06-04 15:32:03"
"2510","OIL SEAL 180-210-15","Raw Material","1","Nos","","0","","0","DTO 42X30","","0","0","0","0","","FINISH","","","0","0","0","No","2026-06-04 15:32:03","2026-06-04 15:32:03"
"2511","KM40","Raw Material","1","Nos","","0","","0","DTO 42X30","","0","0","0","0","","FINISH","","","0","0","0","No","2026-06-04 15:32:03","2026-06-04 15:32:03"
"2512","MB40","Raw Material","1","Nos","","0","","0","DTO 42X30","","0","0","0","0","","FINISH","","","0","0","0","No","2026-06-04 15:32:03","2026-06-04 15:32:03"
"2513","VARTICAL OIL PUMP 1HP","Raw Material","1","Nos","","0","","0","DTO 42X30","","0","0","0","0","","FINISH","","","0","0","0","No","2026-06-04 15:32:03","2026-06-04 15:32:03"
"2514","RUBBER OIL HOSE PIPE WITH CLAMP","Raw Material","1","mm","","0","","0","DTO 42X30","","0","0","1500","0","","FINISH","","","0","38.1","0","No","2026-06-04 15:32:03","2026-06-04 15:32:03"
"2515","OIL LEVEL GAUGE 127","Raw Material","1","Nos","","0","","0","DTO 42X30","","0","0","0","0","","FINISH","","","0","0","0","No","2026-06-04 15:32:03","2026-06-04 15:32:03"
"2516","DIAPHRAGM","Raw Material","1","Nos","","0","","0","DTO 42X30","","0","0","0","0","","FINISH","","NEOPERINE","0","0","0","No","2026-06-04 15:32:03","2026-06-04 15:32:03"
"2517","POWER PACK TANK 100LTR","Raw Material","1","Nos","","0","","0","DTO 42X30","","0","0","0","0","","FINISH","","","0","0","0","No","2026-06-04 15:32:03","2026-06-04 15:32:03"
"2518","PULL BACK ROD","Raw Material","1","mm","","0","","0","DTO 42X30","","0","0","2200","0","","FINISH","","MS ROUND BAR","50","0","0","No","2026-06-04 15:32:03","2026-06-04 15:32:03"
"2519","SQ HEAD BOLT WITH NUT","Raw Material","1","mm","","0","","0","DTO 42X30","","0","0","600","0","","FINISH","","","32","0","0","No","2026-06-04 15:32:03","2026-06-04 15:32:03"
"2520","HEX HEAD BOLT WITH NUT","Raw Material","1","Nos","","0","","0","DTO 42X30","","0","0","150","0","","FINISH","","","20","0","0","No","2026-06-04 15:32:03","2026-06-04 15:32:03"
"2521","HEX HEAD BOLT","Raw Material","1","Nos","","0","","0","DTO 42X30","","0","0","75","0","","FINISH","","","20","0","0","No","2026-06-04 15:32:03","2026-06-04 15:32:03"
"2522","QUARTER PIN","Raw Material","1","Nos","","0","","0","DTO 42X30","","0","0","0","0","","FINISH","","","8","0","0","No","2026-06-04 15:32:03","2026-06-04 15:32:03"
"2523","HT STUD","Raw Material","1","Nos","","0","","0","DTO 42X30","","0","0","40","0","","FINISH","","","10","0","0","No","2026-06-04 15:32:03","2026-06-04 15:32:03"
"2524","STUD","Raw Material","1","Nos","","0","","0","DTO 42X30","","0","0","550","0","","FINISH","","","50","0","0","No","2026-06-04 15:32:03","2026-06-04 15:32:03"
"2525","HEX HEAD BOLT WITH WASHER","Raw Material","1","Nos","","0","","0","DTO 42X30","","0","0","100","0","","FINISH","","","20","0","0","No","2026-06-04 15:32:03","2026-06-04 15:32:03"
"2526","TURN BUCKEL PIN","Raw Material","1","Nos","","0","","0","DTO 42X30","","0","0","175","0","","FINISH","","MS ROUND BAR","32","0","0","No","2026-06-04 15:32:03","2026-06-04 15:32:03"
"2527","TURN BUCKEL","Raw Material","1","Nos","","0","","0","DTO 42X30","","0","0","0","0","","FINISH","","","0","0","0","No","2026-06-04 15:32:03","2026-06-04 15:32:03"
"2528","NIPPLE","Raw Material","1","Nos","","0","","0","DTO 42X30","","0","0","0","0","","FINISH","","","9.5","0","0","No","2026-06-04 15:32:03","2026-06-04 15:32:03"
"2529","NIPPLE NUT","Raw Material","1","Nos","","0","","0","DTO 42X30","","0","0","0","0","","FINISH","","","12","0","0","No","2026-06-04 15:32:03","2026-06-04 15:32:03"
"2530","GI PIPE","Raw Material","1","Nos","","0","","0","DTO 42X30","","0","0","975","0","","FINISH","","","12.2","0","0","No","2026-06-04 15:32:03","2026-06-04 15:32:03"
"2531","ROUND BAR","Raw Material","1","Nos","","0","","0","DTO 42X30","","0","0","1075","0","","FINISH","","EN8 ROUND BAR","100","0","0","No","2026-06-04 15:32:03","2026-06-04 15:32:03"
"2532","D BAR","Raw Material","1","Nos","","0","","0","DTO 42X30","","0","0","900","0","","FINISH","","EN8 ROUND BAR","100","0","0","No","2026-06-04 15:32:03","2026-06-04 15:32:03"
"2533","SPRING CAP","Raw Material","1","Nos","","0","","0","DTO 42X30","","0","0","0","50","","FINISH","","MS CIRCLE","180","0","0","No","2026-06-04 15:32:03","2026-06-04 15:32:03"
"2534","BODY CAP","Raw Material","1","Nos","","0","","0","DTO 42X30","","0","0","0","50","","FINISH","","MS CIRCLE","100","0","0","No","2026-06-04 15:32:03","2026-06-04 15:32:03"
"2535","OIL TRAY","Raw Material","1","Nos","","0","","0","DTO 42X30","","0","0","0","0","","FINISH","","","0","0","0","No","2026-06-04 15:32:03","2026-06-04 15:32:03"
"2536","PACKING RUBBER SHEET","Raw Material","1","Nos","","0","","0","DTO 42X30","","0","0","5000","8","","FINISH","","","0","0","0","No","2026-06-04 15:32:03","2026-06-04 15:32:03"
"2537","GAS KIT","Raw Material","1","Nos","","0","","0","DTO 42X30","","0","1000","500","2","","FINISH","","","0","0","0","No","2026-06-04 15:32:03","2026-06-04 15:32:03"
"2538","PULL BACK PIPE","Raw Material","1","Nos","","0","","0","DTO 42X30","","0","0","300","0","","FINISH","","MS ROUND PIPE","65","45","0","No","2026-06-04 15:32:03","2026-06-04 15:32:03"
"2539","SETTING SEAM","Raw Material","1","Nos","","0","","0","DTO 42X30","","0","100","1380","16","","FINISH","","","0","0","0","No","2026-06-04 15:32:03","2026-06-04 15:32:03"
"2540","HEX HEAD BOLT WITH NUT, NYLON NUT, WASHER","Raw Material","1","Nos","","0","","0","DTO 42X30","","0","0","127","0","","FINISH","","","15.8","0","0","No","2026-06-04 15:32:03","2026-06-04 15:32:03"
"2541","HEX HEAD BOLT WITH NUT, WASHER","Raw Material","1","Nos","","0","","0","DTO 42X30","","0","0","300","0","","FINISH","","","15.8","0","0","No","2026-06-04 15:32:03","2026-06-04 15:32:03"
"2542","WOODEN BLOCK","Raw Material","1","Nos","","0","","0","DTO 42X30","","200","200","200","0","","FINISH","","","0","0","0","No","2026-06-04 15:32:03","2026-06-04 15:32:03"
"2659","Top Shell","Raw Material","1","Nos","","0","","0","KCC160","","0","0","0","0","","FINISH","","","0","0","0","No","2026-06-04 15:39:08","2026-06-04 15:39:08"
"2660","Bottom Shell","Raw Material","1","Nos","","0","","0","KCC160","","0","0","0","0","","FINISH","","","0","0","0","No","2026-06-04 15:39:08","2026-06-04 15:39:08"
"2661","Arm Liner (Top) ","Raw Material","1","Nos","","0","","0","KCC160","","0","0","0","0","","FINISH","","","0","0","0","No","2026-06-04 15:39:08","2026-06-04 15:39:08"
"2662","Arm Liner (Bottom) ","Raw Material","1","Nos","","0","","0","KCC160","","0","0","0","0","","FINISH","","","0","0","0","No","2026-06-04 15:39:08","2026-06-04 15:39:08"
"2663","Eccentric","Raw Material","1","Nos","","0","","0","KCC160","","0","0","0","0","","FINISH","","","0","0","0","No","2026-06-04 15:39:08","2026-06-04 15:39:08"
"2664","Top Counter Weight","Raw Material","1","Nos","","0","","0","KCC160","","0","0","0","0","","FINISH","","","0","0","0","No","2026-06-04 15:39:08","2026-06-04 15:39:08"
"2665","Head Center","Raw Material","1","Nos","","0","","0","KCC160","","0","0","0","0","","FINISH","","","0","0","0","No","2026-06-04 15:39:08","2026-06-04 15:39:08"
"2666","Cone Cave","Raw Material","1","Nos","","0","","0","KCC160","","0","0","0","0","","FINISH","","","0","0","0","No","2026-06-04 15:39:08","2026-06-04 15:39:08"
"2667","Mantle  ","Raw Material","1","Nos","","0","","0","KCC160","","0","0","0","0","","FINISH","","","0","0","0","No","2026-06-04 15:39:08","2026-06-04 15:39:08"
"2668","Inner Bush","Raw Material","1","Nos","","0","","0","KCC160","","0","0","0","0","","FINISH","","","0","0","0","No","2026-06-04 15:39:08","2026-06-04 15:39:08"
"2669","Outer Bush","Raw Material","1","Nos","","0","","0","KCC160","","0","0","0","0","","FINISH","","","0","0","0","No","2026-06-04 15:39:08","2026-06-04 15:39:08"
"2670","BUSH LOCKING Thrust Bearing","Raw Material","1","Nos","","0","","0","KCC160","","0","0","0","0","","FINISH","","","0","0","0","No","2026-06-04 15:39:08","2026-06-04 15:39:08"
"2671","Thrust Bearing","Raw Material","1","Nos","","0","","0","KCC160","","0","0","0","0","","FINISH","","","0","0","0","No","2026-06-04 15:39:08","2026-06-04 15:39:08"
"2672","Piston Step Bearing","Raw Material","1","Nos","","0","","0","KCC160","","0","0","0","0","","FINISH","","","0","0","0","No","2026-06-04 15:39:08","2026-06-04 15:39:08"
"2673","Shaft Step Bearing","Raw Material","1","Nos","","0","","0","KCC160","","0","0","0","0","","FINISH","","","0","0","0","No","2026-06-04 15:39:08","2026-06-04 15:39:08"
"2674","Crown","Raw Material","1","Nos","","0","","0","KCC160","","0","0","0","0","","FINISH","","","0","0","0","No","2026-06-04 15:39:08","2026-06-04 15:39:08"
"2675","Dust Retainer Plate","Raw Material","1","Nos","","0","","0","KCC160","","0","0","0","40","","FINISH","","","840","560","0","No","2026-06-04 15:39:08","2026-06-04 15:39:08"
"2676","Dust Seal Bonnet","Raw Material","1","Nos","","0","","0","KCC160","","0","0","0","0","","FINISH","","","0","0","0","No","2026-06-04 15:39:08","2026-06-04 15:39:08"
"2677","Head Nut","Raw Material","1","Nos","","0","","0","KCC160","","0","0","0","0","","FINISH","","","0","0","0","No","2026-06-04 15:39:08","2026-06-04 15:39:08"
"2678","Cone Pulley","Raw Material","1","Nos","","0","","0","KCC160","","0","0","0","0","","FINISH","","","0","0","0","No","2026-06-04 15:39:08","2026-06-04 15:39:08"
"2679","Motor Pulley","Raw Material","1","Nos","","0","","0","KCC160","","0","0","0","0","","FINISH","","","0","0","0","No","2026-06-04 15:39:08","2026-06-04 15:39:08"
"2680","Pinion Housing","Raw Material","1","Nos","","0","","0","KCC160","","0","0","0","0","","FINISH","","","0","0","0","No","2026-06-04 15:39:08","2026-06-04 15:39:08"
"2681","Piston","Raw Material","1","Nos","","0","","0","KCC160","","0","0","0","0","","FINISH","","","0","0","0","No","2026-06-04 15:39:08","2026-06-04 15:39:08"
"2682","Piston Housing","Raw Material","1","Nos","","0","","0","KCC160","","0","0","0","0","","FINISH","","","0","0","0","No","2026-06-04 15:39:08","2026-06-04 15:39:08"
"2683","Bearing Cover","Raw Material","1","Nos","","0","","0","KCC160","","0","0","0","0","","FINISH","","","0","0","0","No","2026-06-04 15:39:08","2026-06-04 15:39:08"
"2684","Piston Plate","Raw Material","1","Nos","","0","","0","KCC160","","0","0","0","0","","FINISH","","","0","0","0","No","2026-06-04 15:39:08","2026-06-04 15:39:08"
"2685","Bottom Plate","Raw Material","1","Nos","","0","","0","KCC160","","0","0","0","0","","FINISH","","","0","0","0","No","2026-06-04 15:39:08","2026-06-04 15:39:08"
"2686","Tapper Sleeve (Bush)","Raw Material","1","Nos","","0","","0","KCC160","","0","0","0","0","","FINISH","","","0","0","0","No","2026-06-04 15:39:08","2026-06-04 15:39:08"
"2687","Bearing GE240","Raw Material","1","Nos","","0","","0","KCC160","","0","0","0","0","","FINISH","","","0","0","0","No","2026-06-04 15:39:08","2026-06-04 15:39:08"
"2688","pinion collar","Raw Material","1","Nos","","0","","0","KCC160","","0","0","40","0","","FINISH","","Round bar En24","115","0","0","No","2026-06-04 15:39:08","2026-06-04 15:39:08"
"2689","Main Shaft","Raw Material","1","Nos","","0","","0","KCC160","","0","0","1600","0","","FINISH","","Round bar En24 forged","380","0","0","No","2026-06-04 15:39:08","2026-06-04 15:39:08"
"2690","Pinion Shaft KCC 1000","Raw Material","1","Nos","","0","","0","KCC160","","0","0","900","0","","FINISH","","Round bar En24","110","0","0","No","2026-06-04 15:39:08","2026-06-04 15:39:08"
"2691","Step Washer","Raw Material","1","Nos","","0","","0","KCC160","","0","0","0","38","","FINISH","","Circle En8","280","0","0","No","2026-06-04 15:39:08","2026-06-04 15:39:08"
"2692","Pinion Gear ","Raw Material","1","Nos","","0","","0","KCC160","","0","0","0","105","","FINISH","","Mn20cr5","210","75","0","No","2026-06-04 15:39:08","2026-06-04 15:39:08"
"2693","Bevel Gear","Raw Material","1","Nos","","0","","0","KCC160","","0","0","0","82","","FINISH","","Mn20cr5","740","545","0","No","2026-06-04 15:39:08","2026-06-04 15:39:08"
"2694","Piston Sleeve","Raw Material","1","Nos","","0","","0","KCC160","","0","0","300","0","","FINISH","","Round pipe En8","405","360","0","No","2026-06-04 15:39:08","2026-06-04 15:39:08"
"2695","Shaft Sleeve","Raw Material","1","Nos","","0","","0","KCC160","","0","0","350","0","","FINISH","","Round pipe En8","245","200","0","No","2026-06-04 15:39:08","2026-06-04 15:39:08"
"2696","Dust Seal","Raw Material","1","Nos","","0","","0","KCC160","","0","0","0","0","","FINISH","","As per drawing","0","0","0","No","2026-06-04 15:39:08","2026-06-04 15:39:08"
"2697","Splash Ring","Raw Material","1","Nos","","0","","0","KCC160","","0","0","0","0","","FINISH","","bakelite","0","0","0","No","2026-06-04 15:39:08","2026-06-04 15:39:08"
"2698","Piston Seal","Raw Material","1","Nos","","0","","0","KCC160","","0","0","0","0","","FINISH","","As per drawing","0","0","0","No","2026-06-04 15:39:08","2026-06-04 15:39:08"
"2699","Spherical Roller Bearing 22219 C3","Raw Material","1","Nos","","0","","0","KCC160","","0","0","0","0","","FINISH","","","0","0","0","No","2026-06-04 15:39:08","2026-06-04 15:39:08"
"2700","Spherical Roller Bearing 22319 C3","Raw Material","1","Nos","","0","","0","KCC160","","0","0","0","0","","FINISH","","","0","0","0","No","2026-06-04 15:39:08","2026-06-04 15:39:08"
"2701","Concave T-Bolt with nut, Nylon nut, spring washer","Raw Material","1","Nos","","0","","0","KCC160","","0","0","320","0","","FINISH","","","24","0","0","No","2026-06-04 15:39:08","2026-06-04 15:39:08"
"2702","Hex Head Bolt with nut, check nut, spring washer","Raw Material","1","Nos","","0","","0","KCC160","","0","0","220","0","","FINISH","","","42","0","0","No","2026-06-04 15:39:08","2026-06-04 15:39:08"
"2703","Hex Head Bolt","Raw Material","1","Nos","","0","","0","KCC160","","0","0","120","0","","FINISH","","","42","0","0","No","2026-06-04 15:39:08","2026-06-04 15:39:08"
"2704","Hex Bolt","Raw Material","1","Nos","","0","","0","KCC160","","0","0","65","0","","FINISH","","","16","0","0","No","2026-06-04 15:39:08","2026-06-04 15:39:08"
"2705","Allen shocket head Bolt","Raw Material","1","Nos","","0","","0","KCC160","","0","0","40","0","","FINISH","","","10","0","0","No","2026-06-04 15:39:08","2026-06-04 15:39:08"
"2706","Allen shocket head  Bolt","Raw Material","1","Nos","","0","","0","KCC160","","0","0","30","0","","FINISH","","","10","0","0","No","2026-06-04 15:39:08","2026-06-04 15:39:08"
"2707","Oil Seal","Raw Material","1","Nos","","0","","0","KCC160","","0","0","0","13","","FINISH","","","140","110","0","No","2026-06-04 15:39:08","2026-06-04 15:39:08"
"2708","Grease seal","Raw Material","1","Nos","","0","","0","KCC160","","0","0","0","0","","FINISH","","As per drawing","0","0","0","No","2026-06-04 15:39:08","2026-06-04 15:39:08"
"2709","Key","Raw Material","1","Nos","","0","","0","KCC160","","0","16","200","10","","FINISH","","","0","0","0","No","2026-06-04 15:39:08","2026-06-04 15:39:08"
"2710","O ring","Raw Material","1","Nos","","0","","0","KCC160","","0","0","6000","0","","FINISH","","","5","0","0","No","2026-06-04 15:39:08","2026-06-04 15:39:08"
"2711","Lock tite 596","Raw Material","1","Nos","","0","","0","KCC160","","0","0","0","0","","FINISH","","","0","0","0","No","2026-06-04 15:39:08","2026-06-04 15:39:08"
"2712","Lock tite 638","Raw Material","1","Nos","","0","","0","KCC160","","0","0","0","0","","FINISH","","","0","0","0","No","2026-06-04 15:39:08","2026-06-04 15:39:08"
"2713","Favikvik","Raw Material","1","Nos","","0","","0","KCC160","","0","0","0","0","","FINISH","","","0","0","0","No","2026-06-04 15:39:08","2026-06-04 15:39:08"
"2714","Blue matching tube","Raw Material","1","Nos","","0","","0","KCC160","","0","0","0","0","","FINISH","","","0","0","0","No","2026-06-04 15:39:08","2026-06-04 15:39:08"
"2715","Grease nipple","Raw Material","1","Nos","","0","","0","KCC160","","0","0","0","0","","FINISH","","","12.2","0","0","No","2026-06-04 15:39:08","2026-06-04 15:39:08"
"2716","Anti vibration pad","Raw Material","1","Nos","","0","","0","KCC160","","0","0","0","0","","FINISH","","","0","0","0","No","2026-06-04 15:39:08","2026-06-04 15:39:08"
"2717","Top Shell","Raw Material","1","Nos","","0","","0","KCC220","","0","0","0","0","","FINISH","","","0","0","0","No","2026-06-04 15:47:20","2026-06-04 15:47:20"
"2718","Bottom Shell","Raw Material","1","Nos","","0","","0","KCC220","","0","0","0","0","","FINISH","","","0","0","0","No","2026-06-04 15:47:20","2026-06-04 15:47:20"
"2719","Arm Liner (Top) ","Raw Material","1","Nos","","0","","0","KCC220","","0","0","0","0","","FINISH","","","0","0","0","No","2026-06-04 15:47:20","2026-06-04 15:47:20"
"2720","Arm Liner (Bottom) ","Raw Material","1","Nos","","0","","0","KCC220","","0","0","0","0","","FINISH","","","0","0","0","No","2026-06-04 15:47:20","2026-06-04 15:47:20"
"2721","Eccentric","Raw Material","1","Nos","","0","","0","KCC220","","0","0","0","0","","FINISH","","","0","0","0","No","2026-06-04 15:47:20","2026-06-04 15:47:20"
"2722","Top Counter Weight","Raw Material","1","Nos","","0","","0","KCC220","","0","0","0","0","","FINISH","","","0","0","0","No","2026-06-04 15:47:20","2026-06-04 15:47:20"
"2723","Head Center","Raw Material","1","Nos","","0","","0","KCC220","","0","0","0","0","","FINISH","","","0","0","0","No","2026-06-04 15:47:20","2026-06-04 15:47:20"
"2724","Cone Cave","Raw Material","1","Nos","","0","","0","KCC220","","0","0","0","0","","FINISH","","","0","0","0","No","2026-06-04 15:47:20","2026-06-04 15:47:20"
"2725","Mantle  ","Raw Material","1","Nos","","0","","0","KCC220","","0","0","0","0","","FINISH","","","0","0","0","No","2026-06-04 15:47:20","2026-06-04 15:47:20"
"2726","Inner Bush","Raw Material","1","Nos","","0","","0","KCC220","","0","0","0","0","","FINISH","","","0","0","0","No","2026-06-04 15:47:20","2026-06-04 15:47:20"
"2727","Outer Bush","Raw Material","1","Nos","","0","","0","KCC220","","0","0","0","0","","FINISH","","","0","0","0","No","2026-06-04 15:47:20","2026-06-04 15:47:20"
"2728","BUSH LOCKING Thrust Bearing","Raw Material","1","Nos","","0","","0","KCC220","","0","0","0","0","","FINISH","","","0","0","0","No","2026-06-04 15:47:20","2026-06-04 15:47:20"
"2729","Thrust Bearing","Raw Material","1","Nos","","0","","0","KCC220","","0","0","0","0","","FINISH","","","0","0","0","No","2026-06-04 15:47:20","2026-06-04 15:47:20"
"2730","Piston Step Bearing","Raw Material","1","Nos","","0","","0","KCC220","","0","0","0","0","","FINISH","","","0","0","0","No","2026-06-04 15:47:20","2026-06-04 15:47:20"
"2731","Shaft Step Bearing","Raw Material","1","Nos","","0","","0","KCC220","","0","0","0","0","","FINISH","","","0","0","0","No","2026-06-04 15:47:20","2026-06-04 15:47:20"
"2732","Crown","Raw Material","1","Nos","","0","","0","KCC220","","0","0","0","0","","FINISH","","","0","0","0","No","2026-06-04 15:47:20","2026-06-04 15:47:20"
"2733","Dust Retainer Plate","Raw Material","1","Nos","","0","","0","KCC220","","0","0","0","0","","FINISH","","","0","0","0","No","2026-06-04 15:47:20","2026-06-04 15:47:20"
"2734","Dust Seal Bonnet","Raw Material","1","Nos","","0","","0","KCC220","","0","0","0","0","","FINISH","","","0","0","0","No","2026-06-04 15:47:20","2026-06-04 15:47:20"
"2735","Head Nut","Raw Material","1","Nos","","0","","0","KCC220","","0","0","0","0","","FINISH","","","0","0","0","No","2026-06-04 15:47:20","2026-06-04 15:47:20"
"2736","Cone Pulley","Raw Material","1","Nos","","0","","0","KCC220","","0","0","0","0","","FINISH","","","0","0","0","No","2026-06-04 15:47:20","2026-06-04 15:47:20"
"2737","Motor Pulley","Raw Material","1","Nos","","0","","0","KCC220","","0","0","0","0","","FINISH","","","0","0","0","No","2026-06-04 15:47:20","2026-06-04 15:47:20"
"2738","Pinion Housing","Raw Material","1","Nos","","0","","0","KCC220","","0","0","0","0","","FINISH","","","0","0","0","No","2026-06-04 15:47:20","2026-06-04 15:47:20"
"2739","Piston","Raw Material","1","Nos","","0","","0","KCC220","","0","0","0","0","","FINISH","","","0","0","0","No","2026-06-04 15:47:20","2026-06-04 15:47:20"
"2740","Piston Housing","Raw Material","1","Nos","","0","","0","KCC220","","0","0","0","0","","FINISH","","","0","0","0","No","2026-06-04 15:47:20","2026-06-04 15:47:20"
"2741","Bearing Cover","Raw Material","1","Nos","","0","","0","KCC220","","0","0","0","0","","FINISH","","","0","0","0","No","2026-06-04 15:47:20","2026-06-04 15:47:20"
"2742","Piston Plate","Raw Material","1","Nos","","0","","0","KCC220","","0","0","0","0","","FINISH","","","0","0","0","No","2026-06-04 15:47:20","2026-06-04 15:47:20"
"2743","Bottom Plate","Raw Material","1","Nos","","0","","0","KCC220","","0","0","0","0","","FINISH","","","0","0","0","No","2026-06-04 15:47:20","2026-06-04 15:47:20"
"2744","Tapper Sleeve (Bush)","Raw Material","1","Nos","","0","","0","KCC220","","0","0","0","0","","FINISH","","","0","0","0","No","2026-06-04 15:47:20","2026-06-04 15:47:20"
"2745","Bearing GE260","Raw Material","1","Nos","","0","","0","KCC220","","0","0","0","0","","FINISH","","","0","0","0","No","2026-06-04 15:47:20","2026-06-04 15:47:20"
"2746","pinion collar","Raw Material","1","Nos","","0","","0","KCC220","","0","0","40","0","","FINISH","","Round bar En24","115","0","0","No","2026-06-04 15:47:21","2026-06-04 15:47:21"
"2747","Main Shaft","Raw Material","1","Nos","","0","","0","KCC220","","0","0","1800","0","","FINISH","","Round bar En24 forged","420","0","0","No","2026-06-04 15:47:21","2026-06-04 15:47:21"
"2748","Pinion Shaft KCC 1000","Raw Material","1","Nos","","0","","0","KCC220","","0","0","900","0","","FINISH","","Round bar En24","110","0","0","No","2026-06-04 15:47:21","2026-06-04 15:47:21"
"2749","Step Washer","Raw Material","1","Nos","","0","","0","KCC220","","0","0","0","40","","FINISH","","Circle En8","320","0","0","No","2026-06-04 15:47:21","2026-06-04 15:47:21"
"2750","Pinion Gear ","Raw Material","1","Nos","","0","","0","KCC220","","0","0","0","110","","FINISH","","Mn20cr5","270","80","0","No","2026-06-04 15:47:21","2026-06-04 15:47:21"
"2751","Bevel Gear","Raw Material","1","Nos","","0","","0","KCC220","","0","0","0","95","","FINISH","","Mn20cr5","775","580","0","No","2026-06-04 15:47:21","2026-06-04 15:47:21"
"2752","Piston Sleeve","Raw Material","1","Nos","","0","","0","KCC220","","0","0","300","0","","FINISH","","Round pipe En8","445","380","0","No","2026-06-04 15:47:21","2026-06-04 15:47:21"
"2753","Shaft Sleeve","Raw Material","1","Nos","","0","","0","KCC220","","0","0","400","0","","FINISH","","Round pipe En8","265","210","0","No","2026-06-04 15:47:21","2026-06-04 15:47:21"
"2754","Dust Seal","Raw Material","1","Nos","","0","","0","KCC220","","0","0","0","0","","FINISH","","As per drawing","0","0","0","No","2026-06-04 15:47:21","2026-06-04 15:47:21"
"2755","Piston Seal","Raw Material","1","Nos","","0","","0","KCC220","","0","0","0","0","","FINISH","","As per drawing","0","0","0","No","2026-06-04 15:47:21","2026-06-04 15:47:21"
"2756","Tapper Roller Bearing 30318","Raw Material","1","Nos","","0","","0","KCC220","","0","0","0","0","","FINISH","","","0","0","0","No","2026-06-04 15:47:21","2026-06-04 15:47:21"
"2757","Bearing NU318","Raw Material","1","Nos","","0","","0","KCC220","","0","0","0","0","","FINISH","","","0","0","0","No","2026-06-04 15:47:21","2026-06-04 15:47:21"
"2758","Concave T-Bolt with nut, Nylon nut, spring washer","Raw Material","1","Nos","","0","","0","KCC220","","0","0","320","0","","FINISH","","","30","0","0","No","2026-06-04 15:47:21","2026-06-04 15:47:21"
"2759","Hex Head Bolt with nut, check nut, spring washer","Raw Material","1","Nos","","0","","0","KCC220","","0","0","220","0","","FINISH","","","48","0","0","No","2026-06-04 15:47:21","2026-06-04 15:47:21"
"2760","Hex Head Bolt","Raw Material","1","Nos","","0","","0","KCC220","","0","0","120","0","","FINISH","","","48","0","0","No","2026-06-04 15:47:21","2026-06-04 15:47:21"
"2761","Hex Bolt","Raw Material","1","Nos","","0","","0","KCC220","","0","0","65","0","","FINISH","","","16","0","0","No","2026-06-04 15:47:21","2026-06-04 15:47:21"
"2762","Allen shocket head Bolt","Raw Material","1","Nos","","0","","0","KCC220","","0","0","40","0","","FINISH","","","12","0","0","No","2026-06-04 15:47:21","2026-06-04 15:47:21"
"2763","Allen shocket head  Bolt","Raw Material","1","Nos","","0","","0","KCC220","","0","0","30","0","","FINISH","","","10","0","0","No","2026-06-04 15:47:21","2026-06-04 15:47:21"
"2764","Oil Seal","Raw Material","1","Nos","","0","","0","KCC220","","0","0","0","13","","FINISH","","","140","110","0","No","2026-06-04 15:47:21","2026-06-04 15:47:21"
"2765","Grease seal","Raw Material","1","Nos","","0","","0","KCC220","","0","0","0","0","","FINISH","","As per drawing","0","0","0","No","2026-06-04 15:47:21","2026-06-04 15:47:21"
"2766","KM18","Raw Material","1","Nos","","0","","0","KCC220","","0","0","0","0","","FINISH","","","0","0","0","No","2026-06-04 15:47:21","2026-06-04 15:47:21"
"2767","MB18","Raw Material","1","Nos","","0","","0","KCC220","","0","0","0","0","","FINISH","","","0","0","0","No","2026-06-04 15:47:21","2026-06-04 15:47:21"
"2768","Key","Raw Material","1","Nos","","0","","0","KCC220","","0","22","320","16","","FINISH","","","0","0","0","No","2026-06-04 15:47:21","2026-06-04 15:47:21"
"2769","O ring","Raw Material","1","Nos","","0","","0","KCC220","","0","0","6000","0","","FINISH","","","5","0","0","No","2026-06-04 15:47:21","2026-06-04 15:47:21"
"2770","Lock tite 596","Raw Material","1","Nos","","0","","0","KCC220","","0","0","0","0","","FINISH","","","0","0","0","No","2026-06-04 15:47:21","2026-06-04 15:47:21"
"2771","Lock tite 638","Raw Material","1","Nos","","0","","0","KCC220","","0","0","0","0","","FINISH","","","0","0","0","No","2026-06-04 15:47:21","2026-06-04 15:47:21"
"2772","Favikvik","Raw Material","1","Nos","","0","","0","KCC220","","0","0","0","0","","FINISH","","","0","0","0","No","2026-06-04 15:47:21","2026-06-04 15:47:21"
"2773","Blue matching tube","Raw Material","1","Nos","","0","","0","KCC220","","0","0","0","0","","FINISH","","","0","0","0","No","2026-06-04 15:47:21","2026-06-04 15:47:21"
"2774","Grease nipple","Raw Material","1","Nos","","0","","0","KCC220","","0","0","0","0","","FINISH","","","12.2","0","0","No","2026-06-04 15:47:21","2026-06-04 15:47:21"
"2776","BEARING FOR ECCENTRIC SHAFT DTO 42X08","Raw Material","1","Nos","","0","","0","22328 C3","","0","0","0","0","","FINISH","","","0","0","0","No","2026-06-04 15:58:43","2026-06-04 15:58:43"
"2777","OIL SEAL 135-160-13","Raw Material","1","Nos","","0","","0","DTO 42X08","","0","0","0","0","","FINISH","","","0","0","0","No","2026-06-04 15:58:43","2026-06-04 15:58:43"
"2778","KM28","Raw Material","1","Nos","","0","","0","DTO 42X08","","0","0","0","0","","FINISH","","","0","0","0","No","2026-06-04 15:58:43","2026-06-04 15:58:43"
"2779","MB28","Raw Material","1","Nos","","0","","0","DTO 42X08","","0","0","0","0","","FINISH","","","0","0","0","No","2026-06-04 15:58:43","2026-06-04 15:58:43"
"2780","RUBBER OIL HOSE PIPE WITH CLAMP","Raw Material","1","Nos","","0","","0","DTO 42X08","","0","0","1500","0","","FINISH","","","0","38.1","0","No","2026-06-04 15:58:43","2026-06-04 15:58:43"
"2781","OIL LEVEL GAUGE 127","Raw Material","1","Nos","","0","","0","DTO 42X08","","0","0","0","0","","FINISH","","","0","127","0","No","2026-06-04 15:58:43","2026-06-04 15:58:43"
"2782","HEX HEAD BOLT WITH NUT, NYLON NUT, SPRING WASHER","Raw Material","1","Nos","","0","","0","DTO 42X08","","0","0","130","0","","FINISH","","MS","20","0","0","No","2026-06-04 15:58:43","2026-06-04 15:58:43"
"2783","HEX HEAD BOLT WITH WASHER","Raw Material","1","Nos","","0","","0","DTO 42X08","","0","0","90","0","","FINISH","","","20","0","0","No","2026-06-04 15:58:43","2026-06-04 15:58:43"
"2784","TURN BUCKEL PIN","Raw Material","1","Nos","","0","","0","DTO 42X08","","0","0","175","0","","FINISH","","MS ROUND BAR","32","0","0","No","2026-06-04 15:58:43","2026-06-04 15:58:43"
"2785","TURN BUCKEL","Raw Material","1","Nos","","0","","0","DTO 42X08","","0","0","0","0","","FINISH","","","0","0","0","No","2026-06-04 15:58:43","2026-06-04 15:58:43"
"2786","NIPPLE","Raw Material","1","Nos","","0","","0","DTO 42X08","","0","0","0","0","","FINISH","","","9.5","0","0","No","2026-06-04 15:58:43","2026-06-04 15:58:43"
"2787","NIPPLE NUT","Raw Material","1","Nos","","0","","0","DTO 42X08","","0","0","0","0","","FINISH","","","12.2","0","0","No","2026-06-04 15:58:43","2026-06-04 15:58:43"
"2788","GI PIPE","Raw Material","1","Nos","","0","","0","DTO 42X08","","0","0","1125","0","","FINISH","","","12.2","0","0","No","2026-06-04 15:58:43","2026-06-04 15:58:43"
"2789","ROUND BAR","Raw Material","1","Nos","","0","","0","DTO 42X08","","0","0","1210","0","","FINISH","","EN8 ROUND BAR","65","0","0","No","2026-06-04 15:58:43","2026-06-04 15:58:43"
"2790","D BAR","Raw Material","1","Nos","","0","","0","DTO 42X08","","0","0","1050","0","","FINISH","","EN8 ROUND BAR","65","0","0","No","2026-06-04 15:58:43","2026-06-04 15:58:43"
"2791","SPRING CAP","Raw Material","1","Nos","","0","","0","DTO 42X08","","0","0","0","50","","FINISH","","MS CIRCLE","180","0","0","No","2026-06-04 15:58:43","2026-06-04 15:58:43"
"2792","BODY CAP","Raw Material","1","Nos","","0","","0","DTO 42X08","","0","0","0","50","","FINISH","","MS CIRCLE","100","0","0","No","2026-06-04 15:58:43","2026-06-04 15:58:43"
"2793","OIL TRAY","Raw Material","1","Nos","","0","","0","DTO 42X08","","0","0","0","0","","FINISH","","","0","0","0","No","2026-06-04 15:58:43","2026-06-04 15:58:43"
"2794","PACKING RUBBER SHEET","Raw Material","1","Nos","","0","","0","DTO 42X08","","0","0","3500","8","","FINISH","","","0","0","0","No","2026-06-04 15:58:43","2026-06-04 15:58:43"
"2795","GAS KIT","Raw Material","1","Nos","","0","","0","DTO 42X08","","0","500","500","2","","FINISH","","","0","0","0","No","2026-06-04 15:58:43","2026-06-04 15:58:43"
"2796","PULL BACK PIPE","Raw Material","1","Nos","","0","","0","DTO 42X08","","0","0","300","0","","FINISH","","MS ROUND PIPE","65","45","0","No","2026-06-04 15:58:43","2026-06-04 15:58:43"
"2797","SETTING SEAM","Raw Material","1","Nos","","0","","0","DTO 42X08","","0","0","1380","10","","FINISH","","","0","0","0","No","2026-06-04 15:58:43","2026-06-04 15:58:43"
"2798","HEX HEAD BOLT WITH NUT, NYLON NUT, WASHER","Raw Material","1","Nos","","0","","0","DTO 42X08","","0","0","127","0","","FINISH","","","15.8","0","0","No","2026-06-04 15:58:43","2026-06-04 15:58:43"
"2799","HEX HEAD BOLT WITH NUT, WASHER","Raw Material","1","Nos","","0","","0","DTO 42X08","","0","0","300","0","","FINISH","","","15.8","0","0","No","2026-06-04 15:58:43","2026-06-04 15:58:43"
"2800","WOODEN BLOCK","Raw Material","1","Nos","","0","","0","DTO 42X08","","200","200","200","0","","FINISH","","","0","0","0","No","2026-06-04 15:58:43","2026-06-04 15:58:43"
"2801","V Belt A-56","Spare Parts","4","Nos","","0","","1","2026","","0","0","0","0","","FINISH","Store MHEL","","","","0","No","2026-06-04 17:00:09","2026-06-04 17:00:09"
"2802","Hydraulic Cylinder","Raw Material","1","Nos","","0","","2","250mm","C (Less Then 50kg)","0","0","0","0","","FINISH","Store MHEL","","","","0","No","2026-06-04 18:35:00","2026-06-04 18:35:00"
"2803","Bearing","Raw Material","1","Nos","","0","","2","23236 C3","B (50-150kg)","0","0","0","0","","FINISH","Store MHEL","","","","0","No","2026-06-04 18:35:33","2026-06-04 18:35:33"
"2804","Body Plate","Raw Material","1","Nos","","0","","0","KVS 20X06 4D","","0","2000","6300","10","","FINISH","","MS PLATE","0","0","0","No","2026-06-05 11:06:21","2026-06-05 11:06:21"
"2805","Extra supporting plate","Raw Material","1","Nos","","0","","0","KVS 20X06 4D","","0","1500","6300","8","","FINISH","","MS PLATE","0","0","0","No","2026-06-05 11:06:21","2026-06-05 11:06:21"
"2806","Column","Raw Material","1","Nos","","0","","0","KVS 20X06 4D","","75","200","6000","8","","FINISH","","MS CHANNEL","0","0","0","No","2026-06-05 11:06:21","2026-06-05 11:06:21"
"2807","Column Flat","Raw Material","1","Nos","","0","","0","KVS 20X06 4D","","0","75","6000","8","","FINISH","","MS FLAT","0","0","0","No","2026-06-05 11:06:21","2026-06-05 11:06:21"
"2808","Base Frame","Raw Material","1","Nos","","0","","0","KVS 20X06 4D","","150","150","6000","8","","FINISH","","MS SQ. PIPE","0","0","0","No","2026-06-05 11:06:21","2026-06-05 11:06:21"
"2809","Deck 1-2","Raw Material","1","Nos","","0","","0","KVS 20X06 4D","","75","150","6000","8","","FINISH","","MS CHANNEL","0","0","0","No","2026-06-05 11:06:21","2026-06-05 11:06:21"
"2810","Deck 3-4","Raw Material","1","Nos","","0","","0","KVS 20X06 4D","","65","125","6000","8","","FINISH","","MS CHANNEL","0","0","0","No","2026-06-05 11:06:21","2026-06-05 11:06:21"
"2811","Bearing 22330 C4","Raw Material","1","Nos","","0","","0","KVS 20X06 4D","","0","0","0","0","","FINISH","","","0","0","0","No","2026-06-05 11:06:21","2026-06-05 11:06:21"
"2812","Accelerator pipe","Raw Material","1","Nos","","0","","0","KVS 20X06 4D","","0","0","1820","8","","FINISH","","MS PIPE","273","0","0","No","2026-06-05 11:06:21","2026-06-05 11:06:21"
"2813","Flange","Raw Material","1","Nos","","0","","0","KVS 20X06 4D","","0","0","0","50","","FINISH","","MS CIRCLE","550","0","0","No","2026-06-05 11:06:21","2026-06-05 11:06:21"
"2814","Bearing Housing","Raw Material","1","Nos","","0","","0","KVS 20X06 4D","","0","0","0","0","","FINISH","","SG IRON","0","0","0","No","2026-06-05 11:06:21","2026-06-05 11:06:21"
"2815","Cover","Raw Material","1","Nos","","0","","0","KVS 20X06 4D","","0","0","0","0","","FINISH","","MS CASTING","0","0","0","No","2026-06-05 11:06:21","2026-06-05 11:06:21"
"2816","Laybrinth","Raw Material","1","Nos","","0","","0","KVS 20X06 4D","","0","0","0","0","","FINISH","","CAST IRON","0","0","0","No","2026-06-05 11:06:21","2026-06-05 11:06:21"
"2817","Counter weight","Raw Material","1","Nos","","0","","0","KVS 20X06 4D","","0","0","0","0","","FINISH","","MS FLAT","0","0","0","No","2026-06-05 11:06:21","2026-06-05 11:06:21"
"2818","Pulley C2","Raw Material","1","Nos","","0","","0","KVS 20X06 4D","","0","0","0","0","","FINISH","","","360","0","0","No","2026-06-05 11:06:21","2026-06-05 11:06:21"
"2819","Wire mesh 1st Deck","Raw Material","1","Nos","","0","","0","KVS 20X06 4D","","0","0","0","0","","FINISH","","","0","0","0","No","2026-06-05 11:06:21","2026-06-05 11:06:21"
"2820","Wire mesh 2nd Deck","Raw Material","1","Nos","","0","","0","KVS 20X06 4D","","0","0","0","0","","FINISH","","","0","0","0","No","2026-06-05 11:06:21","2026-06-05 11:06:21"
"2821","Wire mesh 3rd Deck","Raw Material","1","Nos","","0","","0","KVS 20X06 4D","","0","0","0","0","","FINISH","","","0","0","0","No","2026-06-05 11:06:21","2026-06-05 11:06:21"
"2822","Wire mesh 4th Deck","Raw Material","1","Nos","","0","","0","KVS 20X06 4D","","0","0","0","0","","FINISH","","","0","0","0","No","2026-06-05 11:06:21","2026-06-05 11:06:21"
"2823","Half OR 5th Deck ","Raw Material","1","Nos","","0","","0","KVS 20X06 4D","","0","0","0","0","","FINISH","","","0","0","0","No","2026-06-05 11:06:21","2026-06-05 11:06:21"
"2824","Doom 1","Raw Material","1","Nos","","0","","0","KVS 20X06 4D","","0","1500","6300","5","","FINISH","","MS PLATE","840","560","0","No","2026-06-05 11:06:21","2026-06-05 11:06:21"
"2825","Doom 2","Raw Material","1","Nos","","0","","0","KVS 20X06 4D","","0","1500","6300","8","","FINISH","","MS PLATE","0","0","0","No","2026-06-05 11:06:21","2026-06-05 11:06:21"
"2826","Chute 1","Raw Material","1","Nos","","0","","0","KVS 20X06 4D","","0","1500","6300","5","","FINISH","","MS PLATE","0","0","0","No","2026-06-05 11:06:21","2026-06-05 11:06:21"
"2827","Chute 2","Raw Material","1","Nos","","0","","0","KVS 20X06 4D","","0","1500","6300","8","","FINISH","","MS PLATE","0","0","0","No","2026-06-05 11:06:21","2026-06-05 11:06:21"
"2828","Chute structure","Raw Material","1","Nos","","0","","0","KVS 20X06 4D","","125","125","6000","8","","FINISH","","","0","0","0","No","2026-06-05 11:06:21","2026-06-05 11:06:21"
"2829","Chute structure column","Raw Material","1","Nos","","0","","0","KVS 20X06 4D","","100","100","6000","6","","FINISH","","","0","0","0","No","2026-06-05 11:06:21","2026-06-05 11:06:21"
"2830","Side clamp","Raw Material","1","Nos","","0","","0","KVS 20X06 4D","","0","1500","6300","6","","FINISH","","MS PLATE","0","0","0","No","2026-06-05 11:06:21","2026-06-05 11:06:21"
"2831","Spring","Raw Material","1","Nos","","0","","0","KVS 20X06 4D","","0","0","0","32","","FINISH","","","189","125","0","No","2026-06-05 11:06:21","2026-06-05 11:06:21"
"2832","Flat 1","Raw Material","1","Nos","","0","","0","KVS 20X06 4D","","0","30","6000","12","","FINISH","","MS FLAT","0","0","0","No","2026-06-05 11:06:21","2026-06-05 11:06:21"
"2833","Flat 2","Raw Material","1","Nos","","0","","0","KVS 20X06 4D","","0","40","6000","12","","FINISH","","MS FLAT","0","0","0","No","2026-06-05 11:06:21","2026-06-05 11:06:21"
"2834","Flat 3","Raw Material","1","Nos","","0","","0","KVS 20X06 4D","","0","50","6000","12","","FINISH","","MS FLAT","0","0","0","No","2026-06-05 11:06:21","2026-06-05 11:06:21"
"2835","Body Plate","Raw Material","1","Nos","","0","","0","KVS 18X05 4D","","0","2000","6300","10","","FINISH","","MS PLATE","0","0","0","No","2026-06-05 11:08:33","2026-06-05 11:08:33"
"2836","Extra supporting plate","Raw Material","1","Nos","","0","","0","KVS 18X05 4D","","0","1500","6300","8","","FINISH","","MS PLATE","0","0","0","No","2026-06-05 11:08:33","2026-06-05 11:08:33"
"2837","Column","Raw Material","1","Nos","","0","","0","KVS 18X05 4D","","75","175","6000","8","","FINISH","","MS CHANNEL","0","0","0","No","2026-06-05 11:08:33","2026-06-05 11:08:33"
"2838","Column Flat","Raw Material","1","Nos","","0","","0","KVS 18X05 4D","","0","75","6000","8","","FINISH","","MS FLAT","0","0","0","No","2026-06-05 11:08:33","2026-06-05 11:08:33"
"2839","Base Frame","Raw Material","1","Nos","","0","","0","KVS 18X05 4D","","150","150","6000","8","","FINISH","","MS SQ. PIPE","0","0","0","No","2026-06-05 11:08:33","2026-06-05 11:08:33"
"2840","Deck 1-2","Raw Material","1","Nos","","0","","0","KVS 18X05 4D","","50","100","6000","6","","FINISH","","MS CHANNEL","0","0","0","No","2026-06-05 11:08:33","2026-06-05 11:08:33"
"2841","Deck 3-4","Raw Material","1","Nos","","0","","0","KVS 18X05 4D","","65","125","6000","8","","FINISH","","MS CHANNEL","0","0","0","No","2026-06-05 11:08:33","2026-06-05 11:08:33"
"2842","Bearing 22326 C4","Raw Material","1","Nos","","0","","0","KVS 18X05 4D","","0","0","0","0","","FINISH","","","0","0","0","No","2026-06-05 11:08:33","2026-06-05 11:08:33"
"2843","Accelerator pipe","Raw Material","1","Nos","","0","","0","KVS 18X05 4D","","0","0","1500","8","","FINISH","","MS PIPE","273","0","0","No","2026-06-05 11:08:33","2026-06-05 11:08:33"
"2844","Flange","Raw Material","1","Nos","","0","","0","KVS 18X05 4D","","0","0","0","50","","FINISH","","MS CIRCLE","452","0","0","No","2026-06-05 11:08:33","2026-06-05 11:08:33"
"2845","Bearing Housing","Raw Material","1","Nos","","0","","0","KVS 18X05 4D","","0","0","0","0","","FINISH","","SG IRON","0","0","0","No","2026-06-05 11:08:33","2026-06-05 11:08:33"
"2846","Cover","Raw Material","1","Nos","","0","","0","KVS 18X05 4D","","0","0","0","0","","FINISH","","MS CASTING","0","0","0","No","2026-06-05 11:08:33","2026-06-05 11:08:33"
"2847","Laybrinth","Raw Material","1","Nos","","0","","0","KVS 18X05 4D","","0","0","0","0","","FINISH","","CAST IRON","0","0","0","No","2026-06-05 11:08:33","2026-06-05 11:08:33"
"2848","Counter weight","Raw Material","1","Nos","","0","","0","KVS 18X05 4D","","0","0","0","0","","FINISH","","MS FLAT","0","0","0","No","2026-06-05 11:08:33","2026-06-05 11:08:33"
"2849","Pulley C2","Raw Material","1","Nos","","0","","0","KVS 18X05 4D","","0","0","0","0","","FINISH","","","360","0","0","No","2026-06-05 11:08:33","2026-06-05 11:08:33"
"2850","Wire mesh 1st Deck","Raw Material","1","Nos","","0","","0","KVS 18X05 4D","","0","0","0","0","","FINISH","","","0","0","0","No","2026-06-05 11:08:33","2026-06-05 11:08:33"
"2851","Wire mesh 2nd Deck","Raw Material","1","Nos","","0","","0","KVS 18X05 4D","","0","0","0","0","","FINISH","","","0","0","0","No","2026-06-05 11:08:33","2026-06-05 11:08:33"
"2852","Wire mesh 3rd Deck","Raw Material","1","Nos","","0","","0","KVS 18X05 4D","","0","0","0","0","","FINISH","","","0","0","0","No","2026-06-05 11:08:33","2026-06-05 11:08:33"
"2853","Wire mesh 4th Deck","Raw Material","1","Nos","","0","","0","KVS 18X05 4D","","0","0","0","0","","FINISH","","","0","0","0","No","2026-06-05 11:08:33","2026-06-05 11:08:33"
"2854","Half OR 5th Deck ","Raw Material","1","Nos","","0","","0","KVS 18X05 4D","","0","0","0","0","","FINISH","","","0","0","0","No","2026-06-05 11:08:33","2026-06-05 11:08:33"
"2855","Doom 1","Raw Material","1","Nos","","0","","0","KVS 18X05 4D","","0","1500","6300","5","","FINISH","","MS PLATE","840","560","0","No","2026-06-05 11:08:33","2026-06-05 11:08:33"
"2856","Doom 2","Raw Material","1","Nos","","0","","0","KVS 18X05 4D","","0","1500","6300","8","","FINISH","","MS PLATE","0","0","0","No","2026-06-05 11:08:33","2026-06-05 11:08:33"
"2857","Chute 1","Raw Material","1","Nos","","0","","0","KVS 18X05 4D","","0","1500","6300","5","","FINISH","","MS PLATE","0","0","0","No","2026-06-05 11:08:33","2026-06-05 11:08:33"
"2858","Chute 2","Raw Material","1","Nos","","0","","0","KVS 18X05 4D","","0","1500","6300","8","","FINISH","","MS PLATE","0","0","0","No","2026-06-05 11:08:33","2026-06-05 11:08:33"
"2859","Chute structure","Raw Material","1","Nos","","0","","0","KVS 18X05 4D","","125","125","6000","8","","FINISH","","","0","0","0","No","2026-06-05 11:08:33","2026-06-05 11:08:33"
"2860","Chute structure column","Raw Material","1","Nos","","0","","0","KVS 18X05 4D","","100","100","6000","6","","FINISH","","","0","0","0","No","2026-06-05 11:08:33","2026-06-05 11:08:33"
"2861","Side clamp","Raw Material","1","Nos","","0","","0","KVS 18X05 4D","","0","1500","6300","6","","FINISH","","MS PLATE","0","0","0","No","2026-06-05 11:08:33","2026-06-05 11:08:33"
"2862","Spring","Raw Material","1","Nos","","0","","0","KVS 18X05 4D","","0","0","0","25","","FINISH","","","175","125","0","No","2026-06-05 11:08:33","2026-06-05 11:08:33"
"2863","Flat 1","Raw Material","1","Nos","","0","","0","KVS 18X05 4D","","0","50","6000","12","","FINISH","","MS FLAT","0","0","0","No","2026-06-05 11:08:33","2026-06-05 11:08:33"
"2864","Flat 2","Raw Material","1","Nos","","0","","0","KVS 18X05 4D","","0","40","6000","12","","FINISH","","MS FLAT","0","0","0","No","2026-06-05 11:08:33","2026-06-05 11:08:33"
"2865","HEX BOLT WITH NUT, WASHER, NYLONE NUT","Raw Material","1","Nos","","0","","0","KVS 18X05 4D","","0","0","150","0","","FINISH","","","24","0","0","No","2026-06-05 11:08:33","2026-06-05 11:08:33"
"2866","HEX BOLT WITH NUT, WASHER","Raw Material","1","Nos","","0","","0","KVS 18X05 4D","","0","0","65","0","","FINISH","","","15.8","0","0","No","2026-06-05 11:08:33","2026-06-05 11:08:33"
"2867","HEX BOLT WITH WASHER","Raw Material","1","Nos","","0","","0","KVS 18X05 4D","","0","0","50","0","","FINISH","","","12","0","0","No","2026-06-05 11:08:33","2026-06-05 11:08:33"
"2868","TEE BOLT WITH NUT WASHER","Raw Material","1","Nos","","0","","0","KVS 18X05 4D","","0","0","150","0","","FINISH","","","18","0","0","No","2026-06-05 11:08:33","2026-06-05 11:08:33"
"2869","ANGLE","Raw Material","1","Nos","","0","","0","KVS 18X05 4D","","65","65","6000","8","","FINISH","","","0","0","0","No","2026-06-05 11:08:33","2026-06-05 11:08:33"
"2870","RUBBER BEAD","Raw Material","1","Nos","","0","","0","KVS 18X05 4D","","0","0","88000","0","","FINISH","","","0","0","0","No","2026-06-05 11:08:33","2026-06-05 11:08:33"
"2871","SHAFT","Raw Material","1","Nos","","0","","0","KVS 18X05 4D","","0","0","2130","0","","FINISH","","ROUND BAR EN8","160","0","0","No","2026-06-05 11:08:33","2026-06-05 11:08:33"
"2872","Body Plate","Raw Material","1","Nos","","0","","0","KVS 20X05 4D","","0","2000","6300","10","","FINISH","","MS PLATE","0","0","0","No","2026-06-05 11:09:34","2026-06-05 11:09:34"
"2873","Extra supporting plate","Raw Material","1","Nos","","0","","0","KVS 20X05 4D","","0","1500","6300","8","","FINISH","","MS PLATE","0","0","0","No","2026-06-05 11:09:34","2026-06-05 11:09:34"
"2874","Column","Raw Material","1","Nos","","0","","0","KVS 20X05 4D","","75","200","6000","8","","FINISH","","MS CHANNEL","0","0","0","No","2026-06-05 11:09:34","2026-06-05 11:09:34"
"2875","Column Flat","Raw Material","1","Nos","","0","","0","KVS 20X05 4D","","0","75","6000","8","","FINISH","","MS FLAT","0","0","0","No","2026-06-05 11:09:34","2026-06-05 11:09:34"
"2876","Base Frame","Raw Material","1","Nos","","0","","0","KVS 20X05 4D","","150","150","6000","8","","FINISH","","MS SQ. PIPE","0","0","0","No","2026-06-05 11:09:34","2026-06-05 11:09:34"
"2877","Deck 1-2","Raw Material","1","Nos","","0","","0","KVS 20X05 4D","","75","150","6000","8","","FINISH","","MS CHANNEL","0","0","0","No","2026-06-05 11:09:34","2026-06-05 11:09:34"
"2878","Deck 3-4","Raw Material","1","Nos","","0","","0","KVS 20X05 4D","","65","125","6000","8","","FINISH","","MS CHANNEL","0","0","0","No","2026-06-05 11:09:34","2026-06-05 11:09:34"
"2879","Bearing 22328 C4","Raw Material","1","Nos","","0","","0","KVS 20X05 4D","","0","0","0","0","","FINISH","","","0","0","0","No","2026-06-05 11:09:34","2026-06-05 11:09:34"
"2880","Accelerator pipe","Raw Material","1","Nos","","0","","0","KVS 20X05 4D","","0","0","1500","8","","FINISH","","MS PIPE","273","0","0","No","2026-06-05 11:09:34","2026-06-05 11:09:34"
"2881","Flange","Raw Material","1","Nos","","0","","0","KVS 20X05 4D","","0","0","0","50","","FINISH","","MS CIRCLE","510","0","0","No","2026-06-05 11:09:34","2026-06-05 11:09:34"
"2882","Bearing Housing","Raw Material","1","Nos","","0","","0","KVS 20X05 4D","","0","0","0","0","","FINISH","","SG IRON","0","0","0","No","2026-06-05 11:09:34","2026-06-05 11:09:34"
"2883","Cover","Raw Material","1","Nos","","0","","0","KVS 20X05 4D","","0","0","0","0","","FINISH","","MS CASTING","0","0","0","No","2026-06-05 11:09:34","2026-06-05 11:09:34"
"2884","Laybrinth","Raw Material","1","Nos","","0","","0","KVS 20X05 4D","","0","0","0","0","","FINISH","","CAST IRON","0","0","0","No","2026-06-05 11:09:34","2026-06-05 11:09:34"
"2885","Counter weight","Raw Material","1","Nos","","0","","0","KVS 20X05 4D","","0","0","0","0","","FINISH","","MS FLAT","0","0","0","No","2026-06-05 11:09:34","2026-06-05 11:09:34"
"2886","Pulley C2","Raw Material","1","Nos","","0","","0","KVS 20X05 4D","","0","0","0","0","","FINISH","","","360","0","0","No","2026-06-05 11:09:34","2026-06-05 11:09:34"
"2887","Wire mesh 1st Deck","Raw Material","1","Nos","","0","","0","KVS 20X05 4D","","0","0","0","0","","FINISH","","","0","0","0","No","2026-06-05 11:09:34","2026-06-05 11:09:34"
"2888","Wire mesh 2nd Deck","Raw Material","1","Nos","","0","","0","KVS 20X05 4D","","0","0","0","0","","FINISH","","","0","0","0","No","2026-06-05 11:09:34","2026-06-05 11:09:34"
"2889","Wire mesh 3rd Deck","Raw Material","1","Nos","","0","","0","KVS 20X05 4D","","0","0","0","0","","FINISH","","","0","0","0","No","2026-06-05 11:09:34","2026-06-05 11:09:34"
"2890","Wire mesh 4th Deck","Raw Material","1","Nos","","0","","0","KVS 20X05 4D","","0","0","0","0","","FINISH","","","0","0","0","No","2026-06-05 11:09:34","2026-06-05 11:09:34"
"2891","Half OR 5th Deck ","Raw Material","1","Nos","","0","","0","KVS 20X05 4D","","0","0","0","0","","FINISH","","","0","0","0","No","2026-06-05 11:09:34","2026-06-05 11:09:34"
"2892","Doom 1","Raw Material","1","Nos","","0","","0","KVS 20X05 4D","","0","1500","6300","5","","FINISH","","MS PLATE","840","560","0","No","2026-06-05 11:09:34","2026-06-05 11:09:34"
"2893","Doom 2","Raw Material","1","Nos","","0","","0","KVS 20X05 4D","","0","1500","6300","8","","FINISH","","MS PLATE","0","0","0","No","2026-06-05 11:09:34","2026-06-05 11:09:34"
"2894","Chute 1","Raw Material","1","Nos","","0","","0","KVS 20X05 4D","","0","1500","6300","5","","FINISH","","MS PLATE","0","0","0","No","2026-06-05 11:09:34","2026-06-05 11:09:34"
"2895","Chute 2","Raw Material","1","Nos","","0","","0","KVS 20X05 4D","","0","1500","6300","8","","FINISH","","MS PLATE","0","0","0","No","2026-06-05 11:09:34","2026-06-05 11:09:34"
"2896","Chute structure","Raw Material","1","Nos","","0","","0","KVS 20X05 4D","","125","125","6000","8","","FINISH","","","0","0","0","No","2026-06-05 11:09:34","2026-06-05 11:09:34"
"2897","Chute structure column","Raw Material","1","Nos","","0","","0","KVS 20X05 4D","","100","100","6000","6","","FINISH","","","0","0","0","No","2026-06-05 11:09:34","2026-06-05 11:09:34"
"2898","Side clamp","Raw Material","1","Nos","","0","","0","KVS 20X05 4D","","0","1500","6300","6","","FINISH","","MS PLATE","0","0","0","No","2026-06-05 11:09:34","2026-06-05 11:09:34"
"2899","Spring","Raw Material","1","Nos","","0","","0","KVS 20X05 4D","","0","0","0","28","","FINISH","","","181","125","0","No","2026-06-05 11:09:34","2026-06-05 11:09:34"
"2900","Flat 1","Raw Material","1","Nos","","0","","0","KVS 20X05 4D","","0","50","6000","12","","FINISH","","MS FLAT","0","0","0","No","2026-06-05 11:09:34","2026-06-05 11:09:34"
"2901","Flat 2","Raw Material","1","Nos","","0","","0","KVS 20X05 4D","","0","40","6000","12","","FINISH","","MS FLAT","0","0","0","No","2026-06-05 11:09:34","2026-06-05 11:09:34"
"2902","HEX BOLT WITH NUT, WASHER, NYLONE NUT","Raw Material","1","Nos","","0","","0","KVS 20X05 4D","","0","0","150","0","","FINISH","","","24","0","0","No","2026-06-05 11:09:34","2026-06-05 11:09:34"
"2903","HEX BOLT WITH NUT, WASHER","Raw Material","1","Nos","","0","","0","KVS 20X05 4D","","0","0","65","0","","FINISH","","","15.8","0","0","No","2026-06-05 11:09:34","2026-06-05 11:09:34"
"2904","HEX BOLT WITH WASHER","Raw Material","1","Nos","","0","","0","KVS 20X05 4D","","0","0","50","0","","FINISH","","","12","0","0","No","2026-06-05 11:09:34","2026-06-05 11:09:34"
"2905","TEE BOLT WITH NUT WASHER","Raw Material","1","Nos","","0","","0","KVS 20X05 4D","","0","0","150","0","","FINISH","","","18","0","0","No","2026-06-05 11:09:34","2026-06-05 11:09:34"
"2906","ANGLE","Raw Material","1","Nos","","0","","0","KVS 20X05 4D","","65","65","6000","8","","FINISH","","","0","0","0","No","2026-06-05 11:09:34","2026-06-05 11:09:34"
"2907","RUBBER BEAD","Raw Material","1","Nos","","0","","0","KVS 20X05 4D","","0","0","98000","0","","FINISH","","","0","0","0","No","2026-06-05 11:09:34","2026-06-05 11:09:34"
"2908","SHAFT","Raw Material","1","Nos","","0","","0","KVS 20X05 4D","","0","0","2160","0","","FINISH","","ROUND BAR EN8 ","170","0","0","No","2026-06-05 11:09:34","2026-06-05 11:09:34"
"2909","Body Plate","Raw Material","1","Nos","","0","","0","KVS 16X05 4D","","0","2000","6300","8","","FINISH","","MS PLATE","0","0","0","No","2026-06-05 11:10:38","2026-06-05 11:10:38"
"2910","Extra supporting plate","Raw Material","1","Nos","","0","","0","KVS 16X05 4D","","0","1500","6300","8","","FINISH","","MS PLATE","0","0","0","No","2026-06-05 11:10:38","2026-06-05 11:10:38"
"2911","Column","Raw Material","1","Nos","","0","","0","KVS 16X05 4D","","75","150","6000","8","","FINISH","","MS CHANNEL","0","0","0","No","2026-06-05 11:10:38","2026-06-05 11:10:38"
"2912","Column Flat","Raw Material","1","Nos","","0","","0","KVS 16X05 4D","","0","75","6000","8","","FINISH","","MS FLAT","0","0","0","No","2026-06-05 11:10:38","2026-06-05 11:10:38"
"2913","Base Frame","Raw Material","1","Nos","","0","","0","KVS 16X05 4D","","125","125","6000","8","","FINISH","","MS SQ. PIPE","0","0","0","No","2026-06-05 11:10:38","2026-06-05 11:10:38"
"2914","Deck 1-2","Raw Material","1","Nos","","0","","0","KVS 16X05 4D","","50","100","6000","6","","FINISH","","MS CHANNEL","0","0","0","No","2026-06-05 11:10:38","2026-06-05 11:10:38"
"2915","Deck 3-4","Raw Material","1","Nos","","0","","0","KVS 16X05 4D","","65","125","6000","8","","FINISH","","MS CHANNEL","0","0","0","No","2026-06-05 11:10:38","2026-06-05 11:10:38"
"2916","Bearing 22324 C4","Raw Material","1","Nos","","0","","0","KVS 16X05 4D","","0","0","0","0","","FINISH","","","0","0","0","No","2026-06-05 11:10:38","2026-06-05 11:10:38"
"2917","Accelerator pipe","Raw Material","1","Nos","","0","","0","KVS 16X05 4D","","0","0","1500","8","","FINISH","","MS PIPE","273","0","0","No","2026-06-05 11:10:38","2026-06-05 11:10:38"
"2918","Flange","Raw Material","1","Nos","","0","","0","KVS 16X05 4D","","0","0","0","50","","FINISH","","MS CIRCLE","410","0","0","No","2026-06-05 11:10:38","2026-06-05 11:10:38"
"2919","Bearing Housing","Raw Material","1","Nos","","0","","0","KVS 16X05 4D","","0","0","0","0","","FINISH","","SG IRON","0","0","0","No","2026-06-05 11:10:38","2026-06-05 11:10:38"
"2920","Cover","Raw Material","1","Nos","","0","","0","KVS 16X05 4D","","0","0","0","0","","FINISH","","MS CASTING","0","0","0","No","2026-06-05 11:10:38","2026-06-05 11:10:38"
"2921","Laybrinth","Raw Material","1","Nos","","0","","0","KVS 16X05 4D","","0","0","0","0","","FINISH","","CAST IRON","0","0","0","No","2026-06-05 11:10:38","2026-06-05 11:10:38"
"2922","Counter weight","Raw Material","1","Nos","","0","","0","KVS 16X05 4D","","0","0","0","0","","FINISH","","MS FLAT","0","0","0","No","2026-06-05 11:10:38","2026-06-05 11:10:38"
"2923","Pulley C2","Raw Material","1","Nos","","0","","0","KVS 16X05 4D","","0","0","0","0","","FINISH","","","360","0","0","No","2026-06-05 11:10:38","2026-06-05 11:10:38"
"2924","Wire mesh 1st Deck","Raw Material","1","Nos","","0","","0","KVS 16X05 4D","","0","0","0","0","","FINISH","","","0","0","0","No","2026-06-05 11:10:38","2026-06-05 11:10:38"
"2925","Wire mesh 2nd Deck","Raw Material","1","Nos","","0","","0","KVS 16X05 4D","","0","0","0","0","","FINISH","","","0","0","0","No","2026-06-05 11:10:38","2026-06-05 11:10:38"
"2926","Wire mesh 3rd Deck","Raw Material","1","Nos","","0","","0","KVS 16X05 4D","","0","0","0","0","","FINISH","","","0","0","0","No","2026-06-05 11:10:38","2026-06-05 11:10:38"
"2927","Wire mesh 4th Deck","Raw Material","1","Nos","","0","","0","KVS 16X05 4D","","0","0","0","0","","FINISH","","","0","0","0","No","2026-06-05 11:10:38","2026-06-05 11:10:38"
"2928","Half OR 5th Deck ","Raw Material","1","Nos","","0","","0","KVS 16X05 4D","","0","0","0","0","","FINISH","","","0","0","0","No","2026-06-05 11:10:38","2026-06-05 11:10:38"
"2929","Doom 1","Raw Material","1","Nos","","0","","0","KVS 16X05 4D","","0","1500","6300","5","","FINISH","","MS PLATE","840","560","0","No","2026-06-05 11:10:38","2026-06-05 11:10:38"
"2930","Doom 2","Raw Material","1","Nos","","0","","0","KVS 16X05 4D","","0","1500","6300","8","","FINISH","","MS PLATE","0","0","0","No","2026-06-05 11:10:38","2026-06-05 11:10:38"
"2931","Chute 1","Raw Material","1","Nos","","0","","0","KVS 16X05 4D","","0","1500","6300","5","","FINISH","","MS PLATE","0","0","0","No","2026-06-05 11:10:38","2026-06-05 11:10:38"
"2932","Chute 2","Raw Material","1","Nos","","0","","0","KVS 16X05 4D","","0","1500","6300","8","","FINISH","","MS PLATE","0","0","0","No","2026-06-05 11:10:38","2026-06-05 11:10:38"
"2933","Chute structure","Raw Material","1","Nos","","0","","0","KVS 16X05 4D","","125","125","6000","8","","FINISH","","","0","0","0","No","2026-06-05 11:10:38","2026-06-05 11:10:38"
"2934","Chute structure column","Raw Material","1","Nos","","0","","0","KVS 16X05 4D","","100","100","6000","6","","FINISH","","","0","0","0","No","2026-06-05 11:10:38","2026-06-05 11:10:38"
"2935","Side clamp","Raw Material","1","Nos","","0","","0","KVS 16X05 4D","","0","1500","6300","6","","FINISH","","MS PLATE","0","0","0","No","2026-06-05 11:10:38","2026-06-05 11:10:38"
"2936","Spring","Raw Material","1","Nos","","0","","0","KVS 16X05 4D","","0","0","0","25","","FINISH","","","175","125","0","No","2026-06-05 11:10:38","2026-06-05 11:10:38"
"2937","Flat 1","Raw Material","1","Nos","","0","","0","KVS 16X05 4D","","0","50","6000","12","","FINISH","","MS FLAT","0","0","0","No","2026-06-05 11:10:38","2026-06-05 11:10:38"
"2938","Flat 2","Raw Material","1","Nos","","0","","0","KVS 16X05 4D","","0","40","6000","12","","FINISH","","MS FLAT","0","0","0","No","2026-06-05 11:10:38","2026-06-05 11:10:38"
"2939","HEX BOLT WITH NUT, WASHER, NYLONE NUT","Raw Material","1","Nos","","0","","0","KVS 16X05 4D","","0","0","150","0","","FINISH","","","24","0","0","No","2026-06-05 11:10:38","2026-06-05 11:10:38"
"2940","HEX BOLT WITH NUT, WASHER","Raw Material","1","Nos","","0","","0","KVS 16X05 4D","","0","0","65","0","","FINISH","","","15.8","0","0","No","2026-06-05 11:10:38","2026-06-05 11:10:38"
"2941","HEX BOLT WITH WASHER","Raw Material","1","Nos","","0","","0","KVS 16X05 4D","","0","0","50","0","","FINISH","","","12","0","0","No","2026-06-05 11:10:38","2026-06-05 11:10:38"
"2942","TEE BOLT WITH NUT WASHER","Raw Material","1","Nos","","0","","0","KVS 16X05 4D","","0","0","150","0","","FINISH","","","18","0","0","No","2026-06-05 11:10:38","2026-06-05 11:10:38"
"2943","ANGLE","Raw Material","1","Nos","","0","","0","KVS 16X05 4D","","65","65","6000","8","","FINISH","","","0","0","0","No","2026-06-05 11:10:38","2026-06-05 11:10:38"
"2944","RUBBER BEAD","Raw Material","1","Nos","","0","","0","KVS 16X05 4D","","0","0","78000","0","","FINISH","","","0","0","0","No","2026-06-05 11:10:38","2026-06-05 11:10:38"
"2945","SHAFT","Raw Material","1","Nos","","0","","0","KVS 16X05 4D","","0","0","2100","0","","FINISH","","ROUND BAR EN8 ","160","0","0","No","2026-06-05 11:10:38","2026-06-05 11:10:38"
"2946","Body Plate","Raw Material","1","Nos","","0","","0","KVS 14X05 4D","","0","2000","6300","8","","FINISH","","MS PLATE","0","0","0","No","2026-06-05 11:11:34","2026-06-05 11:11:34"
"2947","Extra supporting plate","Raw Material","1","Nos","","0","","0","KVS 14X05 4D","","0","1500","6300","8","","FINISH","","MS PLATE","0","0","0","No","2026-06-05 11:11:34","2026-06-05 11:11:34"
"2948","Column","Raw Material","1","Nos","","0","","0","KVS 14X05 4D","","75","150","6000","8","","FINISH","","MS CHANNEL","0","0","0","No","2026-06-05 11:11:34","2026-06-05 11:11:34"
"2949","Column Flat","Raw Material","1","Nos","","0","","0","KVS 14X05 4D","","0","75","6000","8","","FINISH","","MS FLAT","0","0","0","No","2026-06-05 11:11:34","2026-06-05 11:11:34"
"2950","Base Frame","Raw Material","1","Nos","","0","","0","KVS 14X05 4D","","125","125","6000","8","","FINISH","","MS SQ. PIPE","0","0","0","No","2026-06-05 11:11:34","2026-06-05 11:11:34"
"2951","Deck 1-2","Raw Material","1","Nos","","0","","0","KVS 14X05 4D","","50","100","6000","6","","FINISH","","MS CHANNEL","0","0","0","No","2026-06-05 11:11:34","2026-06-05 11:11:34"
"2952","Deck 3-4","Raw Material","1","Nos","","0","","0","KVS 14X05 4D","","40","75","6000","5","","FINISH","","MS CHANNEL","0","0","0","No","2026-06-05 11:11:34","2026-06-05 11:11:34"
"2953","Bearing 22322 C4","Raw Material","1","Nos","","0","","0","KVS 14X05 4D","","0","0","0","0","","FINISH","","","0","0","0","No","2026-06-05 11:11:34","2026-06-05 11:11:34"
"2954","Accelerator pipe","Raw Material","1","Nos","","0","","0","KVS 14X05 4D","","0","0","1500","8","","FINISH","","MS PIPE","220","0","0","No","2026-06-05 11:11:34","2026-06-05 11:11:34"
"2955","Flange","Raw Material","1","Nos","","0","","0","KVS 14X05 4D","","0","0","0","50","","FINISH","","MS CIRCLE","410","0","0","No","2026-06-05 11:11:34","2026-06-05 11:11:34"
"2956","Bearing Housing","Raw Material","1","Nos","","0","","0","KVS 14X05 4D","","0","0","0","0","","FINISH","","SG IRON","0","0","0","No","2026-06-05 11:11:34","2026-06-05 11:11:34"
"2957","Cover","Raw Material","1","Nos","","0","","0","KVS 14X05 4D","","0","0","0","0","","FINISH","","MS CASTING","0","0","0","No","2026-06-05 11:11:34","2026-06-05 11:11:34"
"2958","Laybrinth","Raw Material","1","Nos","","0","","0","KVS 14X05 4D","","0","0","0","0","","FINISH","","CAST IRON","0","0","0","No","2026-06-05 11:11:34","2026-06-05 11:11:34"
"2959","Counter weight","Raw Material","1","Nos","","0","","0","KVS 14X05 4D","","0","0","0","0","","FINISH","","MS FLAT","0","0","0","No","2026-06-05 11:11:34","2026-06-05 11:11:34"
"2960","Pulley C2","Raw Material","1","Nos","","0","","0","KVS 14X05 4D","","0","0","0","0","","FINISH","","","360","0","0","No","2026-06-05 11:11:34","2026-06-05 11:11:34"
"2961","Wire mesh 1st Deck","Raw Material","1","Nos","","0","","0","KVS 14X05 4D","","0","0","0","0","","FINISH","","","0","0","0","No","2026-06-05 11:11:34","2026-06-05 11:11:34"
"2962","Wire mesh 2nd Deck","Raw Material","1","Nos","","0","","0","KVS 14X05 4D","","0","0","0","0","","FINISH","","","0","0","0","No","2026-06-05 11:11:34","2026-06-05 11:11:34"
"2963","Wire mesh 3rd Deck","Raw Material","1","Nos","","0","","0","KVS 14X05 4D","","0","0","0","0","","FINISH","","","0","0","0","No","2026-06-05 11:11:34","2026-06-05 11:11:34"
"2964","Wire mesh 4th Deck","Raw Material","1","Nos","","0","","0","KVS 14X05 4D","","0","0","0","0","","FINISH","","","0","0","0","No","2026-06-05 11:11:34","2026-06-05 11:11:34"
"2965","Half OR 5th Deck ","Raw Material","1","Nos","","0","","0","KVS 14X05 4D","","0","0","0","0","","FINISH","","","0","0","0","No","2026-06-05 11:11:34","2026-06-05 11:11:34"
"2966","Doom 1","Raw Material","1","Nos","","0","","0","KVS 14X05 4D","","0","1500","6300","5","","FINISH","","MS PLATE","840","560","0","No","2026-06-05 11:11:34","2026-06-05 11:11:34"
"2967","Doom 2","Raw Material","1","Nos","","0","","0","KVS 14X05 4D","","0","1500","6300","8","","FINISH","","MS PLATE","0","0","0","No","2026-06-05 11:11:34","2026-06-05 11:11:34"
"2968","Chute 1","Raw Material","1","Nos","","0","","0","KVS 14X05 4D","","0","1500","6300","5","","FINISH","","MS PLATE","0","0","0","No","2026-06-05 11:11:34","2026-06-05 11:11:34"
"2969","Chute 2","Raw Material","1","Nos","","0","","0","KVS 14X05 4D","","0","1500","6300","8","","FINISH","","MS PLATE","0","0","0","No","2026-06-05 11:11:34","2026-06-05 11:11:34"
"2970","Chute structure","Raw Material","1","Nos","","0","","0","KVS 14X05 4D","","125","125","6000","8","","FINISH","","","0","0","0","No","2026-06-05 11:11:34","2026-06-05 11:11:34"
"2971","Chute structure column","Raw Material","1","Nos","","0","","0","KVS 14X05 4D","","100","100","6000","6","","FINISH","","","0","0","0","No","2026-06-05 11:11:34","2026-06-05 11:11:34"
"2972","Side clamp","Raw Material","1","Nos","","0","","0","KVS 14X05 4D","","0","1500","6300","6","","FINISH","","MS PLATE","0","0","0","No","2026-06-05 11:11:34","2026-06-05 11:11:34"
"2973","Spring","Raw Material","1","Nos","","0","","0","KVS 14X05 4D","","0","0","0","25","","FINISH","","","175","125","0","No","2026-06-05 11:11:34","2026-06-05 11:11:34"
"2974","Flat 1","Raw Material","1","Nos","","0","","0","KVS 14X05 4D","","0","50","6000","12","","FINISH","","MS FLAT","0","0","0","No","2026-06-05 11:11:34","2026-06-05 11:11:34"
"2975","Flat 2","Raw Material","1","Nos","","0","","0","KVS 14X05 4D","","0","40","6000","12","","FINISH","","MS FLAT","0","0","0","No","2026-06-05 11:11:34","2026-06-05 11:11:34"
"2976","HEX BOLT WITH NUT, WASHER, NYLONE NUT","Raw Material","1","Nos","","0","","0","KVS 14X05 4D","","0","0","150","0","","FINISH","","","20","0","0","No","2026-06-05 11:11:34","2026-06-05 11:11:34"
"2977","HEX BOLT WITH NUT, WASHER","Raw Material","1","Nos","","0","","0","KVS 14X05 4D","","0","0","65","0","","FINISH","","","15.8","0","0","No","2026-06-05 11:11:34","2026-06-05 11:11:34"
"2978","HEX BOLT WITH WASHER","Raw Material","1","Nos","","0","","0","KVS 14X05 4D","","0","0","50","0","","FINISH","","","12","0","0","No","2026-06-05 11:11:34","2026-06-05 11:11:34"
"2979","TEE BOLT WITH NUT WASHER","Raw Material","1","Nos","","0","","0","KVS 14X05 4D","","0","0","150","0","","FINISH","","","18","0","0","No","2026-06-05 11:11:34","2026-06-05 11:11:34"
"2980","ANGLE","Raw Material","1","Nos","","0","","0","KVS 14X05 4D","","65","65","6000","8","","FINISH","","","0","0","0","No","2026-06-05 11:11:34","2026-06-05 11:11:34"
"2981","RUBBER BEAD","Raw Material","1","Nos","","0","","0","KVS 14X05 4D","","0","0","69000","0","","FINISH","","","0","0","0","No","2026-06-05 11:11:34","2026-06-05 11:11:34"
"2982","SHAFT","Raw Material","1","Nos","","0","","0","KVS 14X05 4D","","0","0","2100","0","","FINISH","","ROUND BAR EN8 ","145","0","0","No","2026-06-05 11:11:34","2026-06-05 11:11:34"
"2983","Body Plate","Raw Material","1","Nos","","0","","0","KVS 12X04 4D","","0","2000","6300","6","","FINISH","","MS PLATE","0","0","0","No","2026-06-05 11:12:21","2026-06-05 11:12:21"
"2984","Column","Raw Material","1","Nos","","0","","0","KVS 12X04 4D","","65","125","6000","6","","FINISH","","MS CHANNEL","0","0","0","No","2026-06-05 11:12:21","2026-06-05 11:12:21"
"2985","Column Flat","Raw Material","1","Nos","","0","","0","KVS 12X04 4D","","0","75","6000","8","","FINISH","","MS FLAT","0","0","0","No","2026-06-05 11:12:21","2026-06-05 11:12:21"
"2986","Base Frame","Raw Material","1","Nos","","0","","0","KVS 12X04 4D","","125","125","6000","8","","FINISH","","MS SQ. PIPE","0","0","0","No","2026-06-05 11:12:21","2026-06-05 11:12:21"
"2987","Deck 1-2","Raw Material","1","Nos","","0","","0","KVS 12X04 4D","","50","100","6000","6","","FINISH","","MS CHANNEL","0","0","0","No","2026-06-05 11:12:21","2026-06-05 11:12:21"
"2988","Deck 3-4","Raw Material","1","Nos","","0","","0","KVS 12X04 4D","","40","75","6000","5","","FINISH","","MS CHANNEL","0","0","0","No","2026-06-05 11:12:21","2026-06-05 11:12:21"
"2989","Bearing 22319 C4","Raw Material","1","Nos","","0","","0","KVS 12X04 4D","","0","0","0","0","","FINISH","","","0","0","0","No","2026-06-05 11:12:21","2026-06-05 11:12:21"
"2990","Accelerator pipe","Raw Material","1","Nos","","0","","0","KVS 12X04 4D","","0","0","1500","8","","FINISH","","MS PIPE","220","0","0","No","2026-06-05 11:12:21","2026-06-05 11:12:21"
"2991","Flange","Raw Material","1","Nos","","0","","0","KVS 12X04 4D","","0","0","0","40","","FINISH","","MS CIRCLE","360","0","0","No","2026-06-05 11:12:21","2026-06-05 11:12:21"
"2992","Bearing Housing","Raw Material","1","Nos","","0","","0","KVS 12X04 4D","","0","0","0","0","","FINISH","","SG IRON","0","0","0","No","2026-06-05 11:12:21","2026-06-05 11:12:21"
"2993","Cover","Raw Material","1","Nos","","0","","0","KVS 12X04 4D","","0","0","0","0","","FINISH","","MS CASTING","0","0","0","No","2026-06-05 11:12:21","2026-06-05 11:12:21"
"2994","Laybrinth","Raw Material","1","Nos","","0","","0","KVS 12X04 4D","","0","0","0","0","","FINISH","","CAST IRON","0","0","0","No","2026-06-05 11:12:21","2026-06-05 11:12:21"
"2995","Counter weight","Raw Material","1","Nos","","0","","0","KVS 12X04 4D","","0","0","0","0","","FINISH","","MS FLAT","0","0","0","No","2026-06-05 11:12:21","2026-06-05 11:12:21"
"2996","Pulley C2","Raw Material","1","Nos","","0","","0","KVS 12X04 4D","","0","0","0","0","","FINISH","","","300","0","0","No","2026-06-05 11:12:21","2026-06-05 11:12:21"
"2997","Wire mesh 1st Deck","Raw Material","1","Nos","","0","","0","KVS 12X04 4D","","0","0","0","0","","FINISH","","","0","0","0","No","2026-06-05 11:12:21","2026-06-05 11:12:21"
"2998","Wire mesh 2nd Deck","Raw Material","1","Nos","","0","","0","KVS 12X04 4D","","0","0","0","0","","FINISH","","","0","0","0","No","2026-06-05 11:12:21","2026-06-05 11:12:21"
"2999","Wire mesh 3rd Deck","Raw Material","1","Nos","","0","","0","KVS 12X04 4D","","0","0","0","0","","FINISH","","","0","0","0","No","2026-06-05 11:12:21","2026-06-05 11:12:21"
"3000","Wire mesh 4th Deck","Raw Material","1","Nos","","0","","0","KVS 12X04 4D","","0","0","0","0","","FINISH","","","0","0","0","No","2026-06-05 11:12:21","2026-06-05 11:12:21"
"3001","Half OR 5th Deck ","Raw Material","1","Nos","","0","","0","KVS 12X04 4D","","0","0","0","0","","FINISH","","","0","0","0","No","2026-06-05 11:12:21","2026-06-05 11:12:21"
"3002","Doom 1","Raw Material","1","Nos","","0","","0","KVS 12X04 4D","","0","1500","6300","5","","FINISH","","MS PLATE","840","560","0","No","2026-06-05 11:12:21","2026-06-05 11:12:21"
"3003","Doom 2","Raw Material","1","Nos","","0","","0","KVS 12X04 4D","","0","1500","6300","8","","FINISH","","MS PLATE","0","0","0","No","2026-06-05 11:12:21","2026-06-05 11:12:21"
"3004","Chute 1","Raw Material","1","Nos","","0","","0","KVS 12X04 4D","","0","1500","6300","5","","FINISH","","MS PLATE","0","0","0","No","2026-06-05 11:12:21","2026-06-05 11:12:21"
"3005","Chute 2","Raw Material","1","Nos","","0","","0","KVS 12X04 4D","","0","1500","6300","8","","FINISH","","MS PLATE","0","0","0","No","2026-06-05 11:12:21","2026-06-05 11:12:21"
"3006","Chute structure","Raw Material","1","Nos","","0","","0","KVS 12X04 4D","","125","125","6000","8","","FINISH","","","0","0","0","No","2026-06-05 11:12:21","2026-06-05 11:12:21"
"3007","Chute structure column","Raw Material","1","Nos","","0","","0","KVS 12X04 4D","","100","100","6000","6","","FINISH","","","0","0","0","No","2026-06-05 11:12:21","2026-06-05 11:12:21"
"3008","Side clamp","Raw Material","1","Nos","","0","","0","KVS 12X04 4D","","0","1500","6300","6","","FINISH","","MS PLATE","0","0","0","No","2026-06-05 11:12:21","2026-06-05 11:12:21"
"3009","Spring","Raw Material","1","Nos","","0","","0","KVS 12X04 4D","","0","0","0","17","","FINISH","","","116","82","0","No","2026-06-05 11:12:21","2026-06-05 11:12:21"
"3010","Flat 1","Raw Material","1","Nos","","0","","0","KVS 12X04 4D","","0","50","6000","12","","FINISH","","MS FLAT","0","0","0","No","2026-06-05 11:12:21","2026-06-05 11:12:21"
"3011","Flat 2","Raw Material","1","Nos","","0","","0","KVS 12X04 4D","","0","40","6000","12","","FINISH","","MS FLAT","0","0","0","No","2026-06-05 11:12:21","2026-06-05 11:12:21"
"3012","HEX BOLT WITH NUT, WASHER, NYLONE NUT","Raw Material","1","Nos","","0","","0","KVS 12X04 4D","","0","0","150","0","","FINISH","","","20","0","0","No","2026-06-05 11:12:21","2026-06-05 11:12:21"
"3013","HEX BOLT WITH NUT, WASHER","Raw Material","1","Nos","","0","","0","KVS 12X04 4D","","0","0","65","0","","FINISH","","","15.8","0","0","No","2026-06-05 11:12:21","2026-06-05 11:12:21"
"3014","HEX BOLT WITH WASHER","Raw Material","1","Nos","","0","","0","KVS 12X04 4D","","0","0","50","0","","FINISH","","","12","0","0","No","2026-06-05 11:12:21","2026-06-05 11:12:21"
"3015","TEE BOLT WITH NUT WASHER","Raw Material","1","Nos","","0","","0","KVS 12X04 4D","","0","0","150","0","","FINISH","","","18","0","0","No","2026-06-05 11:12:21","2026-06-05 11:12:21"
"3016","ANGLE","Raw Material","1","Nos","","0","","0","KVS 12X04 4D","","65","65","6000","8","","FINISH","","","0","0","0","No","2026-06-05 11:12:21","2026-06-05 11:12:21"
"3017","RUBBER BEAD","Raw Material","1","Nos","","0","","0","KVS 12X04 4D","","0","0","50000","0","","FINISH","","","0","0","0","No","2026-06-05 11:12:21","2026-06-05 11:12:21"
"3018","SHAFT","Raw Material","1","Nos","","0","","0","KVS 12X04 4D","","0","0","1770","0","","FINISH","","ROUND BAR EN8 ","125","0","0","No","2026-06-05 11:12:21","2026-06-05 11:12:21"
"3019","Bearing","Raw Material","1","Nos","","0","","4","23240","B (50-150kg)","0","0","0","0","","FINISH","Store MHEL","","","","0","No","2026-06-05 11:47:43","2026-06-05 11:47:43"
"3020","Pedestal","Raw Material","1","Nos","","0","","0","STG 24X18","","0","0","0","0","","FINISH","","","0","0","0","No","2026-06-05 15:32:25","2026-06-05 15:32:25"
"3021","Body ","Raw Material","1","Nos","","0","","0","STG 24X15","","0","1830","1600","50","","FINISH","","MS PLATE","0","0","0","No","2026-06-05 15:32:25","2026-06-05 15:32:25"
"3022","Body Block","Raw Material","1","Nos","","0","","0","STG 24X15","","0","2500","700","40","","FINISH","","MS PLATE","0","0","0","No","2026-06-05 15:32:25","2026-06-05 15:32:25"
"3023","Swing Jaw ","Raw Material","1","Nos","","0","","0","STG 24X18","","0","0","0","0","","FINISH","","MS CASTING","0","0","0","No","2026-06-05 15:32:25","2026-06-05 15:32:25"
"3024","Holder","Raw Material","1","Nos","","0","","0","STG 24X18","","0","0","0","0","","FINISH","","MS CASTING","0","0","0","No","2026-06-05 15:32:25","2026-06-05 15:32:25"
"3025","Eccentric Shaft","Raw Material","1","Nos","","0","","0","STG 24X18","","0","0","1510","0","","FINISH","","ROUND BAR En8","200","0","0","No","2026-06-05 15:32:25","2026-06-05 15:32:25"
"3026","Swing Jaw Bearing","Raw Material","1","Nos","","0","","0","23238 C3","","0","0","0","0","","FINISH","","","0","0","0","No","2026-06-05 15:32:25","2026-06-05 15:32:25"
"3027","Pedestal Bearing","Raw Material","1","Nos","","0","","0","22330 C3","","0","0","0","0","","FINISH","","","0","0","0","No","2026-06-05 15:32:25","2026-06-05 15:32:25"
"3028","Inner ring","Raw Material","1","Nos","","0","","0","STG 24X18","","0","0","0","0","","FINISH","","MS CASTING","0","0","0","No","2026-06-05 15:32:25","2026-06-05 15:32:25"
"3029","Pedestal inside labyrinth","Raw Material","1","Nos","","0","","0","STG 24X18","","0","0","0","0","","FINISH","","CAST IRON","0","0","0","No","2026-06-05 15:32:25","2026-06-05 15:32:25"
"3030","Pedestal outside labyrinth","Raw Material","1","Nos","","0","","0","STG 24X18","","0","0","0","0","","FINISH","","CAST IRON","0","0","0","No","2026-06-05 15:32:25","2026-06-05 15:32:25"
"3031","Swing jaw labyrinth","Raw Material","1","Nos","","0","","0","STG 24X18","","0","0","0","0","","FINISH","","CAST IRON","0","0","0","No","2026-06-05 15:32:25","2026-06-05 15:32:25"
"3032","Pedestal Outside Cover","Raw Material","1","Nos","","0","","0","STG 24X18","","0","0","0","0","","FINISH","","MS CASTING","0","0","0","No","2026-06-05 15:32:25","2026-06-05 15:32:25"
"3033","Swing jaw Cover","Raw Material","1","Nos","","0","","0","STG 24X18","","0","0","0","0","","FINISH","","MS CASTING","0","0","0","No","2026-06-05 15:32:25","2026-06-05 15:32:25"
"3034","Jaw Plate Move","Raw Material","1","Nos","","0","","0","STG 24X18","","0","0","0","0","","FINISH","","MN STEEL","0","0","0","No","2026-06-05 15:32:25","2026-06-05 15:32:25"
"3035","Jaw Plate Fix","Raw Material","1","Nos","","0","","0","STG 24X18","","0","0","0","0","","FINISH","","MN STEEL","0","0","0","No","2026-06-05 15:32:25","2026-06-05 15:32:25"
"3036","Side Plate R.H. & L.H.","Raw Material","1","Nos","","0","","0","STG 24X18","","0","0","0","0","","FINISH","","MN STEEL","0","0","0","No","2026-06-05 15:32:25","2026-06-05 15:32:25"
"3037","Toggle Seat Block","Raw Material","1","Nos","","0","","0","STG 24X18","","0","0","0","0","","FINISH","","MS CASTING","0","0","0","No","2026-06-05 15:32:25","2026-06-05 15:32:25"
"3038","Toggle Seat","Raw Material","1","Nos","","0","","0","STG 24X18","","0","0","0","0","","FINISH","","MS CASTING","0","0","0","No","2026-06-05 15:32:25","2026-06-05 15:32:25"
"3039","Toggle Plate","Raw Material","1","Nos","","0","","0","STG 24X18","","0","0","0","0","","FINISH","","CAST IRON","0","0","0","No","2026-06-05 15:32:25","2026-06-05 15:32:25"
"3040","Keeper","Raw Material","1","Nos","","0","","0","STG 24X18","","0","0","0","0","","FINISH","","MS CASTING","0","0","0","No","2026-06-05 15:32:25","2026-06-05 15:32:25"
"3041","Fly Wheel","Raw Material","1","Nos","","0","","0","STG 24X18","","0","0","0","0","","FINISH","","","1020","0","0","No","2026-06-05 15:32:25","2026-06-05 15:32:25"
"3042","Jack bolt","Raw Material","1","Nos","","0","","0","STG 24X18","","0","0","460","0","","FINISH","","Round bar En8","40","0","0","No","2026-06-05 15:32:25","2026-06-05 15:32:25"
"3043","Taper bush","Raw Material","1","Nos","","0","","0","STG 24X18","","0","0","0","0","","FINISH","","","0","0","0","No","2026-06-05 15:32:25","2026-06-05 15:32:25"
"3044","Pull Back Rod","Raw Material","1","Nos","","0","","0","STG 24X18","","0","0","1350","0","","FINISH","","Round bar En8","40","0","0","No","2026-06-05 15:32:25","2026-06-05 15:32:25"
"3045","Hex Head bolt ","Raw Material","1","Nos","","0","","0","STG 24X18","","0","0","150","0","","FINISH","","","24","0","0","No","2026-06-05 15:32:25","2026-06-05 15:32:25"
"3046","Sq head bolt with nut, nylon nut, washer ","Raw Material","1","Nos","","0","","0","STG 24X18","","0","0","460","0","","FINISH","","","25.4","0","0","No","2026-06-05 15:32:25","2026-06-05 15:32:25"
"3047","Hex Head bolt with nut, nylon nut, washer","Raw Material","1","Nos","","0","","0","STG 24X18","","0","0","150","0","","FINISH","","","16","0","0","No","2026-06-05 15:32:25","2026-06-05 15:32:25"
"3048","Grease nipple ","Raw Material","1","Nos","","0","","0","STG 24X18","","0","0","0","0","","FINISH","","","6.35","0","0","No","2026-06-05 15:32:25","2026-06-05 15:32:25"
"3049","Wooden block","Raw Material","1","Nos","","0","","0","STG 24X18","","200","200","200","0","","FINISH","","","6.35","0","0","No","2026-06-05 15:32:25","2026-06-05 15:32:25"
"3050","Hex Head bolt with nut, washer","Raw Material","1","Nos","","0","","0","STG 24X18","","0","0","300","0","","FINISH","","MS ","24","0","0","No","2026-06-05 15:32:25","2026-06-05 15:32:25"
"3051","Pull Back Spring","Raw Material","1","Nos","","0","","0","STG 24X18","","0","0","360","28","","FINISH","","","175","119","0","No","2026-06-05 15:32:25","2026-06-05 15:32:25"
"3052","Spring cap","Raw Material","1","Nos","","0","","0","STG 36X08","","0","0","0","40","","FINISH","","MS Circle","175","0","0","No","2026-06-05 15:32:25","2026-06-05 15:32:25"
"3053","Pedestal","Raw Material","1","Nos","","0","","0","STG 24X12","","0","0","0","0","","FINISH","","","0","0","0","No","2026-06-05 15:37:08","2026-06-05 15:37:08"
"3054","Body ","Raw Material","1","Nos","","0","","0","STG 24X12","","0","1830","1540","50","","FINISH","","MS PLATE","0","0","0","No","2026-06-05 15:37:08","2026-06-05 15:37:08"
"3055","Body Block","Raw Material","1","Nos","","0","","0","STG 24X12","","0","2500","700","40","","FINISH","","MS PLATE","0","0","0","No","2026-06-05 15:37:08","2026-06-05 15:37:08"
"3056","Swing Jaw ","Raw Material","1","Nos","","0","","0","STG 24X12","","0","0","0","0","","FINISH","","MS CASTING","0","0","0","No","2026-06-05 15:37:08","2026-06-05 15:37:08"
"3057","Holder","Raw Material","1","Nos","","0","","0","STG 24X12","","0","0","0","0","","FINISH","","MS CASTING","0","0","0","No","2026-06-05 15:37:08","2026-06-05 15:37:08"
"3058","Eccentric Shaft","Raw Material","1","Nos","","0","","0","STG 24X12","","0","0","1510","0","","FINISH","","ROUND BAR En8","200","0","0","No","2026-06-05 15:37:08","2026-06-05 15:37:08"
"3059","Swing Jaw Bearing","Raw Material","1","Nos","","0","","0","23138 C3","","0","0","0","0","","FINISH","","","0","0","0","No","2026-06-05 15:37:08","2026-06-05 15:37:08"
"3060","Inner ring","Raw Material","1","Nos","","0","","0","STG 24X12","","0","0","0","0","","FINISH","","MS CASTING","0","0","0","No","2026-06-05 15:37:08","2026-06-05 15:37:08"
"3061","Pedestal inside labyrinth","Raw Material","1","Nos","","0","","0","STG 24X12","","0","0","0","0","","FINISH","","CAST IRON","0","0","0","No","2026-06-05 15:37:08","2026-06-05 15:37:08"
"3062","Pedestal outside labyrinth","Raw Material","1","Nos","","0","","0","STG 24X12","","0","0","0","0","","FINISH","","CAST IRON","0","0","0","No","2026-06-05 15:37:08","2026-06-05 15:37:08"
"3063","Swing jaw labyrinth","Raw Material","1","Nos","","0","","0","STG 24X12","","0","0","0","0","","FINISH","","CAST IRON","0","0","0","No","2026-06-05 15:37:08","2026-06-05 15:37:08"
"3064","Pedestal Outside Cover","Raw Material","1","Nos","","0","","0","STG 24X12","","0","0","0","0","","FINISH","","MS CASTING","0","0","0","No","2026-06-05 15:37:08","2026-06-05 15:37:08"
"3065","Swing jaw Cover","Raw Material","1","Nos","","0","","0","STG 24X12","","0","0","0","0","","FINISH","","MS CASTING","0","0","0","No","2026-06-05 15:37:08","2026-06-05 15:37:08"
"3066","Jaw Plate Move","Raw Material","1","Nos","","0","","0","STG 24X12","","0","0","0","0","","FINISH","","MN STEEL","0","0","0","No","2026-06-05 15:37:08","2026-06-05 15:37:08"
"3067","Jaw Plate Fix","Raw Material","1","Nos","","0","","0","STG 24X12","","0","0","0","0","","FINISH","","MN STEEL","0","0","0","No","2026-06-05 15:37:08","2026-06-05 15:37:08"
"3068","Side Plate R.H. & L.H.","Raw Material","1","Nos","","0","","0","STG 24X12","","0","0","0","0","","FINISH","","MN STEEL","0","0","0","No","2026-06-05 15:37:08","2026-06-05 15:37:08"
"3069","Toggle Seat Block","Raw Material","1","Nos","","0","","0","STG 24X12","","0","0","0","0","","FINISH","","MS CASTING","0","0","0","No","2026-06-05 15:37:08","2026-06-05 15:37:08"
"3070","Toggle Seat","Raw Material","1","Nos","","0","","0","STG 24X12","","0","0","0","0","","FINISH","","MS CASTING","0","0","0","No","2026-06-05 15:37:08","2026-06-05 15:37:08"
"3071","Toggle Plate","Raw Material","1","Nos","","0","","0","STG 24X12","","0","0","0","0","","FINISH","","CAST IRON","0","0","0","No","2026-06-05 15:37:08","2026-06-05 15:37:08"
"3072","Keeper","Raw Material","1","Nos","","0","","0","STG 24X12","","0","0","0","0","","FINISH","","MS CASTING","0","0","0","No","2026-06-05 15:37:08","2026-06-05 15:37:08"
"3073","Fly Wheel","Raw Material","1","Nos","","0","","0","STG 24X12","","0","0","0","0","","FINISH","","","1020","0","0","No","2026-06-05 15:37:08","2026-06-05 15:37:08"
"3074","Jack bolt","Raw Material","1","Nos","","0","","0","STG 24X12","","0","0","460","0","","FINISH","","Round bar En8","40","0","0","No","2026-06-05 15:37:08","2026-06-05 15:37:08"
"3075","Taper bush","Raw Material","1","Nos","","0","","0","STG 24X12","","0","0","0","0","","FINISH","","","0","0","0","No","2026-06-05 15:37:08","2026-06-05 15:37:08"
"3076","Pull Back Rod","Raw Material","1","Nos","","0","","0","STG 24X12","","0","0","1350","0","","FINISH","","Round bar En8","40","0","0","No","2026-06-05 15:37:08","2026-06-05 15:37:08"
"3077","Hex Head bolt ","Raw Material","1","Nos","","0","","0","STG 24X12","","0","0","150","0","","FINISH","","","24","0","0","No","2026-06-05 15:37:08","2026-06-05 15:37:08"
"3078","Sq head bolt with nut, nylon nut, washer ","Raw Material","1","Nos","","0","","0","STG 24X12","","0","0","460","0","","FINISH","","","25.4","0","0","No","2026-06-05 15:37:08","2026-06-05 15:37:08"
"3079","Hex Head bolt with nut, nylon nut, washer","Raw Material","1","Nos","","0","","0","STG 24X12","","0","0","150","0","","FINISH","","","16","0","0","No","2026-06-05 15:37:08","2026-06-05 15:37:08"
"3080","Grease nipple ","Raw Material","1","Nos","","0","","0","STG 24X12","","0","0","0","0","","FINISH","","","6.35","0","0","No","2026-06-05 15:37:08","2026-06-05 15:37:08"
"3081","Wooden block","Raw Material","1","Nos","","0","","0","STG 24X12","","200","200","200","0","","FINISH","","","6.35","0","0","No","2026-06-05 15:37:08","2026-06-05 15:37:08"
"3082","Hex Head bolt with nut, washer","Raw Material","1","Nos","","0","","0","STG 24X12","","0","0","300","0","","FINISH","","MS ","24","0","0","No","2026-06-05 15:37:08","2026-06-05 15:37:08"
"3083","Pull Back Spring","Raw Material","1","Nos","","0","","0","STG 24X15","","0","0","360","28","","FINISH","","","175","119","0","No","2026-06-05 15:37:08","2026-06-05 15:37:08"
"3084","Pedestal","Raw Material","1","Nos","","0","","0","STG 24X15","","0","0","0","0","","FINISH","","","0","0","0","No","2026-06-05 15:40:31","2026-06-05 15:40:31"
"3085","Swing Jaw ","Raw Material","1","Nos","","0","","0","STG 24X15","","0","0","0","0","","FINISH","","MS CASTING","0","0","0","No","2026-06-05 15:40:31","2026-06-05 15:40:31"
"3086","Holder","Raw Material","1","Nos","","0","","0","STG 24X15","","0","0","0","0","","FINISH","","MS CASTING","0","0","0","No","2026-06-05 15:40:31","2026-06-05 15:40:31"
"3087","Eccentric Shaft","Raw Material","1","Nos","","0","","0","STG 24X15","","0","0","1510","0","","FINISH","","ROUND BAR En8","200","0","0","No","2026-06-05 15:40:31","2026-06-05 15:40:31"
"3088","Inner ring","Raw Material","1","Nos","","0","","0","STG 24X15","","0","0","0","0","","FINISH","","MS CASTING","0","0","0","No","2026-06-05 15:40:31","2026-06-05 15:40:31"
"3089","Pedestal inside lyb.","Raw Material","1","Nos","","0","","0","STG 24X15","","0","0","0","0","","FINISH","","CAST IRON","0","0","0","No","2026-06-05 15:40:31","2026-06-05 15:40:31"
"3090","Pedestal outside lyb.","Raw Material","1","Nos","","0","","0","STG 24X15","","0","0","0","0","","FINISH","","CAST IRON","0","0","0","No","2026-06-05 15:40:31","2026-06-05 15:40:31"
"3091","Swing jaw Lyb.","Raw Material","1","Nos","","0","","0","STG 24X15","","0","0","0","0","","FINISH","","CAST IRON","0","0","0","No","2026-06-05 15:40:31","2026-06-05 15:40:31"
"3092","P.  Outside Cover","Raw Material","1","Nos","","0","","0","STG 24X15","","0","0","0","0","","FINISH","","MS CASTING","0","0","0","No","2026-06-05 15:40:31","2026-06-05 15:40:31"
"3093","Swing jaw Cover","Raw Material","1","Nos","","0","","0","STG 24X15","","0","0","0","0","","FINISH","","MS CASTING","0","0","0","No","2026-06-05 15:40:31","2026-06-05 15:40:31"
"3094","Jaw Plate Move","Raw Material","1","Nos","","0","","0","STG 24X15","","0","0","0","0","","FINISH","","MN STEEL","0","0","0","No","2026-06-05 15:40:31","2026-06-05 15:40:31"
"3095","Jaw Plate Fix","Raw Material","1","Nos","","0","","0","STG 24X15","","0","0","0","0","","FINISH","","MN STEEL","0","0","0","No","2026-06-05 15:40:31","2026-06-05 15:40:31"
"3096","Side Plate R.H. & L.H.","Raw Material","1","Nos","","0","","0","STG 24X15","","0","0","0","0","","FINISH","","MN STEEL","0","0","0","No","2026-06-05 15:40:31","2026-06-05 15:40:31"
"3097","Toggle Seat Block","Raw Material","1","Nos","","0","","0","STG 24X15","","0","0","0","0","","FINISH","","MS CASTING","0","0","0","No","2026-06-05 15:40:31","2026-06-05 15:40:31"
"3098","Toggle Seat","Raw Material","1","Nos","","0","","0","STG 24X15","","0","0","0","0","","FINISH","","MS CASTING","0","0","0","No","2026-06-05 15:40:31","2026-06-05 15:40:31"
"3099","Toggle Plate","Raw Material","1","Nos","","0","","0","STG 24X15","","0","0","0","0","","FINISH","","CAST IRON","0","0","0","No","2026-06-05 15:40:31","2026-06-05 15:40:31"
"3100","Keeper","Raw Material","1","Nos","","0","","0","STG 24X15","","0","0","0","0","","FINISH","","MS CASTING","0","0","0","No","2026-06-05 15:40:31","2026-06-05 15:40:31"
"3101","Fly Wheel","Raw Material","1","Nos","","0","","0","STG 24X15","","0","0","460","0","","FINISH","","Round bar En8","40","0","0","No","2026-06-05 15:40:31","2026-06-05 15:40:31"
"3102","Jack bolt","Raw Material","1","Nos","","0","","0","STG 24X15","","0","0","0","0","","FINISH","","","0","0","0","No","2026-06-05 15:40:31","2026-06-05 15:40:31"
"3103","Taper bush","Raw Material","1","Nos","","0","","0","STG 24X15","","0","0","1350","0","","FINISH","","Round bar En8","40","0","0","No","2026-06-05 15:40:31","2026-06-05 15:40:31"
"3104","Pull Back Rod","Raw Material","1","Nos","","0","","0","STG 24X15","","0","0","150","0","","FINISH","","","24","0","0","No","2026-06-05 15:40:31","2026-06-05 15:40:31"
"3105","Hex Head bolt ","Raw Material","1","Nos","","0","","0","STG 24X15","","0","0","50","0","","FINISH","","","16","0","0","No","2026-06-05 15:40:31","2026-06-05 15:40:31"
"3106","Sq head bolt with nut, nylon nut, washer ","Raw Material","1","Nos","","0","","0","STG 24X15","","0","0","150","0","","FINISH","","","16","0","0","No","2026-06-05 15:40:31","2026-06-05 15:40:31"
"3107","Hex Head bolt with nut, nylon nut, washer","Raw Material","1","Nos","","0","","0","STG 24X15","","0","0","100","0","","FINISH","","","20","0","0","No","2026-06-05 15:40:31","2026-06-05 15:40:31"
"3108","Grease nipple ","Raw Material","1","Nos","","0","","0","STG 24X15","","200","200","200","0","","FINISH","","","6.35","0","0","No","2026-06-05 15:40:31","2026-06-05 15:40:31"
"3109","Wooden block","Raw Material","1","Nos","","0","","0","STG 24X15","","0","0","300","0","","FINISH","","MS ","24","0","0","No","2026-06-05 15:40:31","2026-06-05 15:40:31"
"3110","Hex Head bolt with nut, washer","Raw Material","1","Nos","","0","","0","STG 24X15","","0","0","360","28","","FINISH","","","175","119","0","No","2026-06-05 15:40:31","2026-06-05 15:40:31"
"3111","Pedestal","Raw Material","1","Nos","","0","","0","STG 36X08","","0","0","0","0","","FINISH","","","0","0","0","No","2026-06-05 15:44:50","2026-06-05 15:44:50"
"3112","Body ","Raw Material","1","Nos","","0","","0","STG 36X08","","0","1700","1680","50","","FINISH","","MS PLATE","0","0","0","No","2026-06-05 15:44:50","2026-06-05 15:44:50"
"3113","Body Block","Raw Material","1","Nos","","0","","0","STG 36X08","","0","2500","1000","40","","FINISH","","MS PLATE","0","0","0","No","2026-06-05 15:44:50","2026-06-05 15:44:50"
"3114","Swing Jaw ","Raw Material","1","Nos","","0","","0","STG 36X08","","0","0","0","0","","FINISH","","MS CASTING","0","0","0","No","2026-06-05 15:44:50","2026-06-05 15:44:50"
"3115","Holder","Raw Material","1","Nos","","0","","0","STG 36X08","","0","0","0","0","","FINISH","","MS CASTING","0","0","0","No","2026-06-05 15:44:50","2026-06-05 15:44:50"
"3116","Eccentric Shaft","Raw Material","1","Nos","","0","","0","STG 36X08","","0","0","1810","0","","FINISH","","Round bar En8","205","0","0","No","2026-06-05 15:44:50","2026-06-05 15:44:50"
"3117","Swing Jaw Bearing","Raw Material","1","Nos","","0","","0","23140 C3","","0","0","0","0","","FINISH","","","0","0","0","No","2026-06-05 15:44:50","2026-06-05 15:44:50"
"3118","Pedestal Bearing","Raw Material","1","Nos","","0","","0","22332 C3","","0","0","0","0","","FINISH","","","0","0","0","No","2026-06-05 15:44:50","2026-06-05 15:44:50"
"3119","Inner ring","Raw Material","1","Nos","","0","","0","STG 36X08","","0","0","0","0","","FINISH","","MS CASTING","0","0","0","No","2026-06-05 15:44:50","2026-06-05 15:44:50"
"3120","Pedestal inside labyrinth","Raw Material","1","Nos","","0","","0","STG 36X08","","0","0","0","0","","FINISH","","CAST IRON","0","0","0","No","2026-06-05 15:44:50","2026-06-05 15:44:50"
"3121","Pedestal outside labyrinth","Raw Material","1","Nos","","0","","0","STG 36X08","","0","0","0","0","","FINISH","","CAST IRON","0","0","0","No","2026-06-05 15:44:50","2026-06-05 15:44:50"
"3122","Swing jaw labyrinth","Raw Material","1","Nos","","0","","0","STG 36X08","","0","0","0","0","","FINISH","","CAST IRON","0","0","0","No","2026-06-05 15:44:50","2026-06-05 15:44:50"
"3123","Pedestal Outside Cover","Raw Material","1","Nos","","0","","0","STG 36X08","","0","0","0","0","","FINISH","","MS CASTING","0","0","0","No","2026-06-05 15:44:50","2026-06-05 15:44:50"
"3124","Swing jaw Cover","Raw Material","1","Nos","","0","","0","STG 36X08","","0","0","0","0","","FINISH","","MS CASTING","0","0","0","No","2026-06-05 15:44:50","2026-06-05 15:44:50"
"3125","Jaw Plate Move","Raw Material","1","Nos","","0","","0","STG 36X08","","0","0","0","0","","FINISH","","MN STEEL","0","0","0","No","2026-06-05 15:44:50","2026-06-05 15:44:50"
"3126","Jaw Plate Fix","Raw Material","1","Nos","","0","","0","STG 36X08","","0","0","0","0","","FINISH","","MN STEEL","0","0","0","No","2026-06-05 15:44:51","2026-06-05 15:44:51"
"3127","Side Plate R.H. & L.H.","Raw Material","1","Nos","","0","","0","STG 36X08","","0","0","0","0","","FINISH","","MN STEEL","0","0","0","No","2026-06-05 15:44:51","2026-06-05 15:44:51"
"3128","Toggle Seat Block","Raw Material","1","Nos","","0","","0","STG 36X08","","0","0","0","0","","FINISH","","MS CASTING","0","0","0","No","2026-06-05 15:44:51","2026-06-05 15:44:51"
"3129","Toggle Seat","Raw Material","1","Nos","","0","","0","STG 36X08","","0","0","0","0","","FINISH","","MS CASTING","0","0","0","No","2026-06-05 15:44:51","2026-06-05 15:44:51"
"3130","Toggle Plate","Raw Material","1","Nos","","0","","0","STG 36X08","","0","0","0","0","","FINISH","","CAST IRON","0","0","0","No","2026-06-05 15:44:51","2026-06-05 15:44:51"
"3131","Keeper","Raw Material","1","Nos","","0","","0","STG 36X08","","0","0","0","0","","FINISH","","MS CASTING","0","0","0","No","2026-06-05 15:44:51","2026-06-05 15:44:51"
"3132","Fly Wheel","Raw Material","1","Nos","","0","","0","STG 36X08","","0","0","0","0","","FINISH","","","1020","0","0","No","2026-06-05 15:44:51","2026-06-05 15:44:51"
"3133","Jack bolt","Raw Material","1","Nos","","0","","0","STG 36X08","","0","0","510","0","","FINISH","","Round bar En8","40","0","0","No","2026-06-05 15:44:51","2026-06-05 15:44:51"
"3134","Taper bush","Raw Material","1","Nos","","0","","0","STG 36X08","","0","0","0","0","","FINISH","","","0","0","0","No","2026-06-05 15:44:51","2026-06-05 15:44:51"
"3135","Pull Back Rod","Raw Material","1","Nos","","0","","0","STG 36X08","","0","0","1200","0","","FINISH","","Round bar En8","40","0","0","No","2026-06-05 15:44:51","2026-06-05 15:44:51"
"3136","Hex Head bolt ","Raw Material","1","Nos","","0","","0","STG 36X08","","0","0","150","0","","FINISH","","","24","0","0","No","2026-06-05 15:44:51","2026-06-05 15:44:51"
"3137","Sq head bolt with nut, nylon nut, washer ","Raw Material","1","Nos","","0","","0","STG 36X08","","0","0","500","0","","FINISH","","","25.4","0","0","No","2026-06-05 15:44:51","2026-06-05 15:44:51"
"3138","Hex Head bolt with nut, nylon nut, washer","Raw Material","1","Nos","","0","","0","STG 36X08","","0","0","180","0","","FINISH","","","20","0","0","No","2026-06-05 15:44:51","2026-06-05 15:44:51"
"3139","Grease nipple ","Raw Material","1","Nos","","0","","0","STG 36X08","","0","0","0","0","","FINISH","","","6.35","0","0","No","2026-06-05 15:44:51","2026-06-05 15:44:51"
"3140","Wooden block","Raw Material","1","Nos","","0","","0","STG 36X08","","200","200","200","0","","FINISH","","","6.35","0","0","No","2026-06-05 15:44:51","2026-06-05 15:44:51"
"3141","Hex Head bolt with nut, washer","Raw Material","1","Nos","","0","","0","STG 36X08","","0","0","300","0","","FINISH","","MS ","24","0","0","No","2026-06-05 15:44:51","2026-06-05 15:44:51"
"3142","Pull Back Spring","Raw Material","1","Nos","","0","","0","STG 36X08","","0","0","360","28","","FINISH","","","175","119","0","No","2026-06-05 15:44:51","2026-06-05 15:44:51"
"3143","Pedestal","Raw Material","1","Nos","","0","","0","STG 42X08","","0","0","0","0","","FINISH","","","0","0","0","No","2026-06-05 15:49:05","2026-06-05 15:49:05"
"3144","Body ","Raw Material","1","Nos","","0","","0","STG 42X08","","0","1900","1830","50","","FINISH","","MS PLATE","0","0","0","No","2026-06-05 15:49:05","2026-06-05 15:49:05"
"3145","Body Block","Raw Material","1","Nos","","0","","0","STG 42X08","","0","2500","1130","40","","FINISH","","MS PLATE","0","0","0","No","2026-06-05 15:49:05","2026-06-05 15:49:05"
"3146","Swing Jaw ","Raw Material","1","Nos","","0","","0","STG 42X08","","0","0","0","0","","FINISH","","MS CASTING","0","0","0","No","2026-06-05 15:49:05","2026-06-05 15:49:05"
"3147","Holder","Raw Material","1","Nos","","0","","0","STG 42X08","","0","0","0","0","","FINISH","","MS CASTING","0","0","0","No","2026-06-05 15:49:05","2026-06-05 15:49:05"
"3148","Eccentric Shaft","Raw Material","1","Nos","","0","","0","STG 42X08","","0","0","2050","0","","FINISH","","Round bar En8","230","0","0","No","2026-06-05 15:49:05","2026-06-05 15:49:05"
"3149","Swing Jaw Bearing","Raw Material","1","Nos","","0","","0","23144 C3","","0","0","0","0","","FINISH","","","0","0","0","No","2026-06-05 15:49:05","2026-06-05 15:49:05"
"3150","Pedestal Bearing","Raw Material","1","Nos","","0","","0","22336 C3","","0","0","0","0","","FINISH","","","0","0","0","No","2026-06-05 15:49:05","2026-06-05 15:49:05"
"3151","Inner ring","Raw Material","1","Nos","","0","","0","STG 42X08","","0","0","0","0","","FINISH","","MS CASTING","0","0","0","No","2026-06-05 15:49:05","2026-06-05 15:49:05"
"3152","Pedestal inside labyrinth","Raw Material","1","Nos","","0","","0","STG 42X08","","0","0","0","0","","FINISH","","CAST IRON","0","0","0","No","2026-06-05 15:49:05","2026-06-05 15:49:05"
"3153","Pedestal outside labyrinth","Raw Material","1","Nos","","0","","0","STG 42X08","","0","0","0","0","","FINISH","","CAST IRON","0","0","0","No","2026-06-05 15:49:05","2026-06-05 15:49:05"
"3154","Swing jaw labyrinth","Raw Material","1","Nos","","0","","0","STG 42X08","","0","0","0","0","","FINISH","","CAST IRON","0","0","0","No","2026-06-05 15:49:05","2026-06-05 15:49:05"
"3155","Pedestal Outside Cover","Raw Material","1","Nos","","0","","0","STG 42X08","","0","0","0","0","","FINISH","","MS CASTING","0","0","0","No","2026-06-05 15:49:05","2026-06-05 15:49:05"
"3156","Swing jaw Cover","Raw Material","1","Nos","","0","","0","STG 42X08","","0","0","0","0","","FINISH","","MS CASTING","0","0","0","No","2026-06-05 15:49:05","2026-06-05 15:49:05"
"3157","Jaw Plate Move","Raw Material","1","Nos","","0","","0","STG 42X08","","0","0","0","0","","FINISH","","MN STEEL","0","0","0","No","2026-06-05 15:49:05","2026-06-05 15:49:05"
"3158","Jaw Plate Fix","Raw Material","1","Nos","","0","","0","STG 42X08","","0","0","0","0","","FINISH","","MN STEEL","0","0","0","No","2026-06-05 15:49:05","2026-06-05 15:49:05"
"3159","Side Plate R.H. & L.H.","Raw Material","1","Nos","","0","","0","STG 42X08","","0","0","0","0","","FINISH","","MN STEEL","0","0","0","No","2026-06-05 15:49:05","2026-06-05 15:49:05"
"3160","Toggle Seat Block","Raw Material","1","Nos","","0","","0","STG 42X08","","0","0","0","0","","FINISH","","MS CASTING","0","0","0","No","2026-06-05 15:49:05","2026-06-05 15:49:05"
"3161","Toggle Seat","Raw Material","1","Nos","","0","","0","STG 42X08","","0","0","0","0","","FINISH","","MS CASTING","0","0","0","No","2026-06-05 15:49:05","2026-06-05 15:49:05"
"3162","Toggle Plate","Raw Material","1","Nos","","0","","0","STG 42X08","","0","0","0","0","","FINISH","","CAST IRON","0","0","0","No","2026-06-05 15:49:05","2026-06-05 15:49:05"
"3163","Keeper","Raw Material","1","Nos","","0","","0","STG 42X08","","0","0","0","0","","FINISH","","MS CASTING","0","0","0","No","2026-06-05 15:49:05","2026-06-05 15:49:05"
"3164","Fly Wheel","Raw Material","1","Nos","","0","","0","STG 42X08","","0","0","0","0","","FINISH","","CAST IRON","1120","0","0","No","2026-06-05 15:49:05","2026-06-05 15:49:05"
"3165","Counter weight","Raw Material","1","Nos","","0","","0","STG 42X08","","0","0","0","0","","FINISH","","","0","0","0","No","2026-06-05 15:49:05","2026-06-05 15:49:05"
"3166","Hydraulic cylinder strock 250","Raw Material","1","Nos","","0","","0","STG 42X08","","0","0","0","0","","FINISH","","","0","0","0","No","2026-06-05 15:49:05","2026-06-05 15:49:05"
"3167","Power pack with direction valve","Raw Material","1","Nos","","0","","0","STG 42X08","","0","0","0","0","","FINISH","","","0","0","0","No","2026-06-05 15:49:05","2026-06-05 15:49:05"
"3168","Taper bush","Raw Material","1","Nos","","0","","0","STG 42X08","","0","0","0","0","","FINISH","","","0","0","0","No","2026-06-05 15:49:05","2026-06-05 15:49:05"
"3169","Pull Back Rod","Raw Material","1","Nos","","0","","0","STG 42X08","","0","0","1250","0","","FINISH","","Round bar En8","40","0","0","No","2026-06-05 15:49:05","2026-06-05 15:49:05"
"3170","Hex Head bolt ","Raw Material","1","Nos","","0","","0","STG 42X08","","0","0","180","0","","FINISH","","","36","0","0","No","2026-06-05 15:49:05","2026-06-05 15:49:05"
"3171","Spring washer","Raw Material","1","Nos","","0","","0","STG 42X08","","0","0","0","0","","FINISH","","","0","0","0","No","2026-06-05 15:49:05","2026-06-05 15:49:05"
"3172","Sq head bolt with nut, nylon nut, washer ","Raw Material","1","Nos","","0","","0","STG 42X08","","0","0","550","0","","FINISH","","","25.4","0","0","No","2026-06-05 15:49:05","2026-06-05 15:49:05"
"3173","Hex Head bolt with nut, nylon nut, washer","Raw Material","1","Nos","","0","","0","STG 42X08","","0","0","180","0","","FINISH","","","20","0","0","No","2026-06-05 15:49:05","2026-06-05 15:49:05"
"3174","Grease nipple ","Raw Material","1","Nos","","0","","0","STG 42X08","","0","0","0","0","","FINISH","","","6.35","0","0","No","2026-06-05 15:49:05","2026-06-05 15:49:05"
"3175","Wooden block","Raw Material","1","Nos","","0","","0","STG 42X08","","200","200","200","0","","FINISH","","","6.35","0","0","No","2026-06-05 15:49:05","2026-06-05 15:49:05"
"3176","Hex Head bolt with nut, washer","Raw Material","1","Nos","","0","","0","STG 42X08","","0","0","300","0","","FINISH","","MS ","24","0","0","No","2026-06-05 15:49:05","2026-06-05 15:49:05"
"3177","Pull Back Spring","Raw Material","1","Nos","","0","","0","STG 42X08","","0","0","360","28","","FINISH","","","175","119","0","No","2026-06-05 15:49:05","2026-06-05 15:49:05"
"3178","Spring cap","Raw Material","1","Nos","","0","","0","STG 42X08","","0","0","0","40","","FINISH","","MS Circle","175","0","0","No","2026-06-05 15:49:05","2026-06-05 15:49:05"
"3179","Pedestal","Raw Material","1","Nos","","0","","0","STG 48X08","","0","0","0","0","","FINISH","","","0","0","0","No","2026-06-05 15:52:59","2026-06-05 15:52:59"
"3180","Body ","Raw Material","1","Nos","","0","","0","STG 48X08","","0","1920","1830","50","","FINISH","","MS PLATE","0","0","0","No","2026-06-05 15:52:59","2026-06-05 15:52:59"
"3181","Body Block","Raw Material","1","Nos","","0","","0","STG 48X08","","0","2500","1300","50","","FINISH","","MS PLATE","0","0","0","No","2026-06-05 15:52:59","2026-06-05 15:52:59"
"3182","Swing Jaw ","Raw Material","1","Nos","","0","","0","STG 48X08","","0","2500","2500","50","","FINISH","","MS PLATE","0","0","0","No","2026-06-05 15:52:59","2026-06-05 15:52:59"
"3183","Holder","Raw Material","1","Nos","","0","","0","STG 48X08","","0","0","0","0","","FINISH","","MS CASTING","0","0","0","No","2026-06-05 15:52:59","2026-06-05 15:52:59"
"3184","Eccentric Shaft","Raw Material","1","Nos","","0","","0","STG 48X08","","0","0","2050","0","","FINISH","","Round bar En8","230","0","0","No","2026-06-05 15:52:59","2026-06-05 15:52:59"
"3185","Inner ring","Raw Material","1","Nos","","0","","0","STG 48X08","","0","0","0","0","","FINISH","","MS CASTING","0","0","0","No","2026-06-05 15:52:59","2026-06-05 15:52:59"
"3186","Pedestal inside labyrinth","Raw Material","1","Nos","","0","","0","STG 48X08","","0","0","0","0","","FINISH","","CAST IRON","0","0","0","No","2026-06-05 15:52:59","2026-06-05 15:52:59"
"3187","Pedestal outside labyrinth","Raw Material","1","Nos","","0","","0","STG 48X08","","0","0","0","0","","FINISH","","CAST IRON","0","0","0","No","2026-06-05 15:52:59","2026-06-05 15:52:59"
"3188","Swing jaw labyrinth","Raw Material","1","Nos","","0","","0","STG 48X08","","0","0","0","0","","FINISH","","CAST IRON","0","0","0","No","2026-06-05 15:52:59","2026-06-05 15:52:59"
"3189","Pedestal Outside Cover","Raw Material","1","Nos","","0","","0","STG 48X08","","0","0","0","0","","FINISH","","MS CASTING","0","0","0","No","2026-06-05 15:52:59","2026-06-05 15:52:59"
"3190","Swing jaw Cover","Raw Material","1","Nos","","0","","0","STG 48X08","","0","0","0","0","","FINISH","","MS CASTING","0","0","0","No","2026-06-05 15:52:59","2026-06-05 15:52:59"
"3191","Jaw Plate Move","Raw Material","1","Nos","","0","","0","STG 48X08","","0","0","0","0","","FINISH","","MN STEEL","0","0","0","No","2026-06-05 15:52:59","2026-06-05 15:52:59"
"3192","Jaw Plate Fix","Raw Material","1","Nos","","0","","0","STG 48X08","","0","0","0","0","","FINISH","","MN STEEL","0","0","0","No","2026-06-05 15:52:59","2026-06-05 15:52:59"
"3193","Side Plate R.H. & L.H.","Raw Material","1","Nos","","0","","0","STG 48X08","","0","0","0","0","","FINISH","","MN STEEL","0","0","0","No","2026-06-05 15:52:59","2026-06-05 15:52:59"
"3194","Toggle Seat Block","Raw Material","1","Nos","","0","","0","STG 48X08","","0","0","0","0","","FINISH","","MS CASTING","0","0","0","No","2026-06-05 15:52:59","2026-06-05 15:52:59"
"3195","Toggle Seat","Raw Material","1","Nos","","0","","0","STG 48X08","","0","0","0","0","","FINISH","","MS CASTING","0","0","0","No","2026-06-05 15:52:59","2026-06-05 15:52:59"
"3196","Toggle Plate","Raw Material","1","Nos","","0","","0","STG 48X08","","0","0","0","0","","FINISH","","CAST IRON","0","0","0","No","2026-06-05 15:52:59","2026-06-05 15:52:59"
"3197","Keeper","Raw Material","1","Nos","","0","","0","STG 48X08","","0","0","0","0","","FINISH","","MS CASTING","0","0","0","No","2026-06-05 15:52:59","2026-06-05 15:52:59"
"3198","Fly Wheel","Raw Material","1","Nos","","0","","0","STG 48X08","","0","0","0","0","","FINISH","","CAST IRON","1120","0","0","No","2026-06-05 15:52:59","2026-06-05 15:52:59"
"3199","Counter weight","Raw Material","1","Nos","","0","","0","STG 48X08","","0","0","0","0","","FINISH","","","0","0","0","No","2026-06-05 15:52:59","2026-06-05 15:52:59"
"3200","Hydraulic cylinder strock 250","Raw Material","1","Nos","","0","","0","STG 48X08","","0","0","0","0","","FINISH","","","0","0","0","No","2026-06-05 15:52:59","2026-06-05 15:52:59"
"3201","Power pack with direction valve","Raw Material","1","Nos","","0","","0","STG 48X08","","0","0","510","0","","FINISH","","Round bar En8","40","0","0","No","2026-06-05 15:52:59","2026-06-05 15:52:59"
"3202","Taper bush","Raw Material","1","Nos","","0","","0","STG 48X08","","0","0","0","0","","FINISH","","","0","0","0","No","2026-06-05 15:52:59","2026-06-05 15:52:59"
"3203","Pull Back Rod","Raw Material","1","Nos","","0","","0","STG 48X08","","0","0","1250","0","","FINISH","","Round bar En8","40","0","0","No","2026-06-05 15:52:59","2026-06-05 15:52:59"
"3204","Hex Head bolt ","Raw Material","1","Nos","","0","","0","STG 48X08","","0","0","180","0","","FINISH","","","36","0","0","No","2026-06-05 15:52:59","2026-06-05 15:52:59"
"3205","Spring washer","Raw Material","1","Nos","","0","","0","STG 48X08","","0","0","0","0","","FINISH","","","0","0","0","No","2026-06-05 15:52:59","2026-06-05 15:52:59"
"3206","Sq head bolt with nut, nylon nut, washer ","Raw Material","1","Nos","","0","","0","STG 48X08","","0","0","550","0","","FINISH","","","25.4","0","0","No","2026-06-05 15:52:59","2026-06-05 15:52:59"
"3207","Hex Head bolt with nut, nylon nut, washer","Raw Material","1","Nos","","0","","0","STG 48X08","","0","0","180","0","","FINISH","","","20","0","0","No","2026-06-05 15:52:59","2026-06-05 15:52:59"
"3208","Grease nipple ","Raw Material","1","Nos","","0","","0","STG 48X08","","0","0","0","0","","FINISH","","","6.35","0","0","No","2026-06-05 15:52:59","2026-06-05 15:52:59"
"3209","Wooden block","Raw Material","1","Nos","","0","","0","STG 48X08","","200","200","200","0","","FINISH","","","6.35","0","0","No","2026-06-05 15:52:59","2026-06-05 15:52:59"
"3210","Hex Head bolt with nut, washer","Raw Material","1","Nos","","0","","0","STG 48X08","","200","0","300","0","","FINISH","","MS ","24","0","0","No","2026-06-05 15:52:59","2026-06-05 15:52:59"
"3211","Pull Back Spring","Raw Material","1","Nos","","0","","0","STG 48X08","","200","0","360","28","","FINISH","","","175","119","0","No","2026-06-05 15:52:59","2026-06-05 15:52:59"
"3212","Spring cap","Raw Material","1","Nos","","0","","0","STG 48X08","","200","0","0","40","","FINISH","","MS Circle","175","0","0","No","2026-06-05 15:52:59","2026-06-05 15:52:59"
"3213","Pedestal","Raw Material","1","Nos","","0","","0","STG 30X15","","0","0","0","0","","FINISH","","","0","0","0","No","2026-06-05 15:57:09","2026-06-05 15:57:09"
"3214","Body ","Raw Material","1","Nos","","0","","0","STG 30X15","","0","2000","1972","50","","FINISH","","MS PLATE","0","0","0","No","2026-06-05 15:57:09","2026-06-05 15:57:09"
"3215","Body Block","Raw Material","1","Nos","","0","","0","STG 30X15","","0","2500","800","40","","FINISH","","MS PLATE","0","0","0","No","2026-06-05 15:57:09","2026-06-05 15:57:09"
"3216","Swing Jaw ","Raw Material","1","Nos","","0","","0","STG 30X15","","0","0","0","0","","FINISH","","MS CASTING","0","0","0","No","2026-06-05 15:57:09","2026-06-05 15:57:09"
"3217","Holder","Raw Material","1","Nos","","0","","0","STG 30X15","","0","0","0","0","","FINISH","","MS CASTING","0","0","0","No","2026-06-05 15:57:09","2026-06-05 15:57:09"
"3218","Eccentric Shaft","Raw Material","1","Nos","","0","","0","STG 30X15","","0","0","1800","0","","FINISH","","Round bar En8","230","0","0","No","2026-06-05 15:57:09","2026-06-05 15:57:09"
"3219","Swing Jaw Bearing","Raw Material","1","Nos","","0","","0","23044 C3","","0","0","0","0","","FINISH","","","0","0","0","No","2026-06-05 15:57:09","2026-06-05 15:57:09"
"3220","Pedestal Bearing","Raw Material","1","Nos","","0","","0","23138K C3","","0","0","0","0","","FINISH","","","0","0","0","No","2026-06-05 15:57:09","2026-06-05 15:57:09"
"3221","Adaptor sleeve","Raw Material","1","Nos","","0","","0","H3138","","0","0","0","0","","FINISH","","","0","0","0","No","2026-06-05 15:57:09","2026-06-05 15:57:09"
"3222","Inner ring","Raw Material","1","Nos","","0","","0","STG 30X15","","0","0","0","0","","FINISH","","MS CASTING","0","0","0","No","2026-06-05 15:57:09","2026-06-05 15:57:09"
"3223","Pedestal inside labyrinth","Raw Material","1","Nos","","0","","0","STG 30X15","","0","0","0","0","","FINISH","","CAST IRON","0","0","0","No","2026-06-05 15:57:09","2026-06-05 15:57:09"
"3224","Pedestal outside labyrinth","Raw Material","1","Nos","","0","","0","STG 30X15","","0","0","0","0","","FINISH","","CAST IRON","0","0","0","No","2026-06-05 15:57:09","2026-06-05 15:57:09"
"3225","Swing jaw labyrinth","Raw Material","1","Nos","","0","","0","STG 30X15","","0","0","0","0","","FINISH","","CAST IRON","0","0","0","No","2026-06-05 15:57:09","2026-06-05 15:57:09"
"3226","Pedestal Outside Cover","Raw Material","1","Nos","","0","","0","STG 30X15","","0","0","0","0","","FINISH","","MS CASTING","0","0","0","No","2026-06-05 15:57:09","2026-06-05 15:57:09"
"3227","Swing jaw Cover","Raw Material","1","Nos","","0","","0","STG 30X15","","0","0","0","0","","FINISH","","MS CASTING","0","0","0","No","2026-06-05 15:57:09","2026-06-05 15:57:09"
"3228","Jaw Plate Move","Raw Material","1","Nos","","0","","0","STG 30X15","","0","0","0","0","","FINISH","","MN CASTING","0","0","0","No","2026-06-05 15:57:09","2026-06-05 15:57:09"
"3229","Jaw Plate Fix","Raw Material","1","Nos","","0","","0","STG 30X15","","0","0","0","0","","FINISH","","MN CASTING","0","0","0","No","2026-06-05 15:57:09","2026-06-05 15:57:09"
"3230","Side Plate R.H. & L.H.","Raw Material","1","Nos","","0","","0","STG 30X15","","0","0","0","0","","FINISH","","MN CASTING","0","0","0","No","2026-06-05 15:57:09","2026-06-05 15:57:09"
"3231","Toggle Seat Block","Raw Material","1","Nos","","0","","0","STG 30X15","","0","0","0","0","","FINISH","","MS CASTING","0","0","0","No","2026-06-05 15:57:09","2026-06-05 15:57:09"
"3232","Toggle Seat","Raw Material","1","Nos","","0","","0","STG 30X15","","0","0","0","0","","FINISH","","MS CASTING","0","0","0","No","2026-06-05 15:57:09","2026-06-05 15:57:09"
"3233","Toggle Plate","Raw Material","1","Nos","","0","","0","STG 30X15","","0","0","0","0","","FINISH","","CAST IRON","0","0","0","No","2026-06-05 15:57:09","2026-06-05 15:57:09"
"3234","Keeper","Raw Material","1","Nos","","0","","0","STG 30X15","","0","0","0","0","","FINISH","","MS CASTING","0","0","0","No","2026-06-05 15:57:09","2026-06-05 15:57:09"
"3235","Fly Wheel","Raw Material","1","Nos","","0","","0","STG 30X15","","0","0","0","0","","FINISH","","CAST IRON","1120","0","0","No","2026-06-05 15:57:09","2026-06-05 15:57:09"
"3236","Counter weight","Raw Material","1","Nos","","0","","0","STG 30X15","","0","0","0","0","","FINISH","","MS CASTING","0","0","0","No","2026-06-05 15:57:09","2026-06-05 15:57:09"
"3237","Hydraulic cylinder strock 250","Raw Material","1","Nos","","0","","0","STG 30X15","","0","0","0","0","","FINISH","","","0","0","0","No","2026-06-05 15:57:09","2026-06-05 15:57:09"
"3238","Power pack with direction valve","Raw Material","1","Nos","","0","","0","STG 30X15","","0","0","0","0","","FINISH","","","0","0","0","No","2026-06-05 15:57:09","2026-06-05 15:57:09"
"3239","Taper bush","Raw Material","1","Nos","","0","","0","STG 30X15","","0","0","0","0","","FINISH","","MS CASTING","0","0","0","No","2026-06-05 15:57:09","2026-06-05 15:57:09"
"3240","Pull Back Rod","Raw Material","1","Nos","","0","","0","STG 30X15","","0","0","1250","0","","FINISH","","Round bar En8","40","0","0","No","2026-06-05 15:57:09","2026-06-05 15:57:09"
"3241","Hex Head bolt ","Raw Material","1","Nos","","0","","0","STG 30X15","","0","0","180","0","","FINISH","","","36","0","0","No","2026-06-05 15:57:09","2026-06-05 15:57:09"
"3242","Spring washer","Raw Material","1","Nos","","0","","0","STG 30X15","","0","0","0","0","","FINISH","","","0","0","0","No","2026-06-05 15:57:09","2026-06-05 15:57:09"
"3243","Sq head bolt with nut, nylon nut, washer ","Raw Material","1","Nos","","0","","0","STG 30X15","","0","0","550","0","","FINISH","","","25.4","0","0","No","2026-06-05 15:57:09","2026-06-05 15:57:09"
"3244","Hex Head bolt with nut, nylon nut, washer","Raw Material","1","Nos","","0","","0","STG 30X15","","0","0","180","0","","FINISH","","","20","0","0","No","2026-06-05 15:57:09","2026-06-05 15:57:09"
"3245","Grease nipple ","Raw Material","1","Nos","","0","","0","STG 30X15","","0","0","0","0","","FINISH","","","6.35","0","0","No","2026-06-05 15:57:09","2026-06-05 15:57:09"
"3246","Wooden block","Raw Material","1","Nos","","0","","0","STG 30X15","","200","200","200","0","","FINISH","","","6.35","0","0","No","2026-06-05 15:57:09","2026-06-05 15:57:09"
"3247","Hex Head bolt with nut, washer","Raw Material","1","Nos","","0","","0","STG 30X15","","0","0","300","0","","FINISH","","MS ","24","0","0","No","2026-06-05 15:57:09","2026-06-05 15:57:09"
"3248","Pull Back Spring","Raw Material","1","Nos","","0","","0","STG 30X15","","0","0","360","28","","FINISH","","","175","119","0","No","2026-06-05 15:57:09","2026-06-05 15:57:09"
"3249","Spring cap","Raw Material","1","Nos","","0","","0","STG 30X15","","0","0","0","40","","FINISH","","MS Circle","175","0","0","No","2026-06-05 15:57:09","2026-06-05 15:57:09"
"3250","Pedestal","Raw Material","1","Nos","","0","","0","STG 36X24","","0","0","0","0","","FINISH","","","0","0","0","No","2026-06-05 16:00:46","2026-06-05 16:00:46"
"3251","Body ","Raw Material","1","Nos","","0","","0","STG 36X24","","0","2030","3160","50","","FINISH","","MS PLATE","0","0","0","No","2026-06-05 16:00:46","2026-06-05 16:00:46"
"3252","Body Block","Raw Material","1","Nos","","0","","0","STG 36X24","","0","1970","1010","50","","FINISH","","MS PLATE","0","0","0","No","2026-06-05 16:00:46","2026-06-05 16:00:46"
"3253","Swing Jaw ","Raw Material","1","Nos","","0","","0","STG 36X24","","0","0","0","0","","FINISH","","MS CASTING","0","0","0","No","2026-06-05 16:00:46","2026-06-05 16:00:46"
"3254","Holder","Raw Material","1","Nos","","0","","0","STG 36X24","","0","0","0","0","","FINISH","","MS CASTING","0","0","0","No","2026-06-05 16:00:46","2026-06-05 16:00:46"
"3255","Eccentric Shaft","Raw Material","1","Nos","","0","","0","STG 36X24","","0","0","2050","0","","FINISH","","ROUND BAR EN24","280","0","0","No","2026-06-05 16:00:46","2026-06-05 16:00:46"
"3256","Swing Jaw Bearing","Raw Material","1","Nos","","0","","0","23248 C3","","0","0","0","0","","FINISH","","","0","0","0","No","2026-06-05 16:00:46","2026-06-05 16:00:46"
"3257","Pedestal Bearing","Raw Material","1","Nos","","0","","0","22344K C3","","0","0","0","0","","FINISH","","","0","0","0","No","2026-06-05 16:00:46","2026-06-05 16:00:46"
"3258","Adaptor sleeve","Raw Material","1","Nos","","0","","0","H2344","","0","0","0","0","","FINISH","","","0","0","0","No","2026-06-05 16:00:46","2026-06-05 16:00:46"
"3259","KM+MB 40","Raw Material","1","Nos","","0","","0","STG 36X24","","0","0","0","0","","FINISH","","","0","0","0","No","2026-06-05 16:00:46","2026-06-05 16:00:46"
"3260","Inner ring","Raw Material","1","Nos","","0","","0","STG 36X24","","0","0","0","0","","FINISH","","MS CASTING","0","0","0","No","2026-06-05 16:00:46","2026-06-05 16:00:46"
"3261","Pedestal inside labyrinth","Raw Material","1","Nos","","0","","0","STG 36X24","","0","0","0","0","","FINISH","","CAST IRON","0","0","0","No","2026-06-05 16:00:46","2026-06-05 16:00:46"
"3262","Pedestal outside labyrinth","Raw Material","1","Nos","","0","","0","STG 36X24","","0","0","0","0","","FINISH","","CAST IRON","0","0","0","No","2026-06-05 16:00:46","2026-06-05 16:00:46"
"3263","Swing jaw labyrinth","Raw Material","1","Nos","","0","","0","STG 36X24","","0","0","0","0","","FINISH","","CAST IRON","0","0","0","No","2026-06-05 16:00:46","2026-06-05 16:00:46"
"3264","Pedestal Outside Cover","Raw Material","1","Nos","","0","","0","STG 36X24","","0","0","0","0","","FINISH","","MS CASTING","0","0","0","No","2026-06-05 16:00:46","2026-06-05 16:00:46"
"3265","Pedestal Inside Cover","Raw Material","1","Nos","","0","","0","STG 36X24","","0","0","0","0","","FINISH","","MS CASTING","0","0","0","No","2026-06-05 16:00:46","2026-06-05 16:00:46"
"3266","Swing jaw Cover","Raw Material","1","Nos","","0","","0","STG 36X24","","0","0","0","0","","FINISH","","MS CASTING","0","0","0","No","2026-06-05 16:00:46","2026-06-05 16:00:46"
"3267","Jaw Plate Move","Raw Material","1","Nos","","0","","0","STG 36X24","","0","0","0","0","","FINISH","","MN CASTING","0","0","0","No","2026-06-05 16:00:46","2026-06-05 16:00:46"
"3268","Jaw Plate Fix","Raw Material","1","Nos","","0","","0","STG 36X24","","0","0","0","0","","FINISH","","MN CASTING","0","0","0","No","2026-06-05 16:00:46","2026-06-05 16:00:46"
"3269","Side Plate R.H. & L.H.","Raw Material","1","Nos","","0","","0","STG 36X24","","0","0","0","0","","FINISH","","MN CASTING","0","0","0","No","2026-06-05 16:00:46","2026-06-05 16:00:46"
"3270","Toggle Seat Block","Raw Material","1","Nos","","0","","0","STG 36X24","","0","0","0","0","","FINISH","","MS CASTING","0","0","0","No","2026-06-05 16:00:46","2026-06-05 16:00:46"
"3271","Toggle Seat","Raw Material","1","Nos","","0","","0","STG 36X24","","0","0","0","0","","FINISH","","MS CASTING","0","0","0","No","2026-06-05 16:00:46","2026-06-05 16:00:46"
"3272","Toggle Plate","Raw Material","1","Nos","","0","","0","STG 36X24","","0","0","0","0","","FINISH","","CAST IRON","0","0","0","No","2026-06-05 16:00:46","2026-06-05 16:00:46"
"3273","Keeper","Raw Material","1","Nos","","0","","0","STG 36X24","","0","0","0","0","","FINISH","","MS CASTING","0","0","0","No","2026-06-05 16:00:46","2026-06-05 16:00:46"
"3274","Fly Wheel","Raw Material","1","Nos","","0","","0","STG 36X24","","0","0","0","0","","FINISH","","CAST IRON","1220","0","0","No","2026-06-05 16:00:46","2026-06-05 16:00:46"
"3275","Counter weight","Raw Material","1","Nos","","0","","0","STG 36X24","","0","0","0","0","","FINISH","","MS CASTING","0","0","0","No","2026-06-05 16:00:46","2026-06-05 16:00:46"
"3276","Hydraulic cylinder strock 250","Raw Material","1","Nos","","0","","0","STG 36X24","","0","0","0","0","","FINISH","","","0","0","0","No","2026-06-05 16:00:46","2026-06-05 16:00:46"
"3277","Power pack with direction valve","Raw Material","1","Nos","","0","","0","STG 36X24","","0","0","0","0","","FINISH","","","0","0","0","No","2026-06-05 16:00:47","2026-06-05 16:00:47"
"3278","Taper bush","Raw Material","1","Nos","","0","","0","STG 36X24","","0","0","0","0","","FINISH","","","0","0","0","No","2026-06-05 16:00:47","2026-06-05 16:00:47"
"3279","Pull Back Rod","Raw Material","1","Nos","","0","","0","STG 36X24","","0","0","1300","0","","FINISH","","Round bar En8","50","0","0","No","2026-06-05 16:00:47","2026-06-05 16:00:47"
"3280","Hex Head bolt ","Raw Material","1","Nos","","0","","0","STG 36X24","","0","0","180","0","","FINISH","","","39","0","0","No","2026-06-05 16:00:47","2026-06-05 16:00:47"
"3281","Spring washer","Raw Material","1","Nos","","0","","0","STG 36X24","","0","0","0","0","","FINISH","","","39","0","0","No","2026-06-05 16:00:47","2026-06-05 16:00:47"
"3282","CSK Head bolt ","Raw Material","1","Nos","","0","","0","STG 36X24","","0","0","50","0","","FINISH","","","16","0","0","No","2026-06-05 16:00:47","2026-06-05 16:00:47"
"3283","Sq head bolt with nut, nylon nut, washer ","Raw Material","1","Nos","","0","","0","STG 36X24","","0","0","500","0","","FINISH","","","25.4","0","0","No","2026-06-05 16:00:47","2026-06-05 16:00:47"
"3284","Hex Head bolt with nut, nylon nut, washer","Raw Material","1","Nos","","0","","0","STG 36X24","","0","0","120","0","","FINISH","","","24","0","0","No","2026-06-05 16:00:47","2026-06-05 16:00:47"
"3285","Grease nipple ","Raw Material","1","Nos","","0","","0","STG 36X24","","0","0","0","0","","FINISH","","","6.35","0","0","No","2026-06-05 16:00:47","2026-06-05 16:00:47"
"3286","Wooden block","Raw Material","1","Nos","","0","","0","STG 36X24","","200","200","200","0","","FINISH","","","6.35","0","0","No","2026-06-05 16:00:47","2026-06-05 16:00:47"
"3287","Hex Head bolt with nut, washer","Raw Material","1","Nos","","0","","0","STG 36X24","","0","0","300","0","","FINISH","","MS ","24","0","0","No","2026-06-05 16:00:47","2026-06-05 16:00:47"
"3288","Pull Back Spring","Raw Material","1","Nos","","0","","0","STG 36X24","","0","0","360","28","","FINISH","","","175","119","0","No","2026-06-05 16:00:47","2026-06-05 16:00:47"
"3289","Spring cap","Raw Material","1","Nos","","0","","0","STG 36X24","","0","0","0","40","","FINISH","","MS Circle","175","0","0","No","2026-06-05 16:00:47","2026-06-05 16:00:47"
"3290","Pedestal","Raw Material","1","Nos","","0","","0","STG 36X30","","0","0","0","0","","FINISH","","MS CASTING","0","0","0","No","2026-06-05 16:04:39","2026-06-05 16:04:39"
"3291","Body ","Raw Material","1","Nos","","0","","0","STG 36X30","","0","2440","3550","50","","FINISH","","MS PLATE","0","0","0","No","2026-06-05 16:04:39","2026-06-05 16:04:39"
"3292","Body Block","Raw Material","1","Nos","","0","","0","STG 36X30","","0","2500","2000","50","","FINISH","","MS PLATE","0","0","0","No","2026-06-05 16:04:39","2026-06-05 16:04:39"
"3293","Swing Jaw ","Raw Material","1","Nos","","0","","0","STG 36X30","","0","0","0","0","","FINISH","","MS CASTING","0","0","0","No","2026-06-05 16:04:39","2026-06-05 16:04:39"
"3294","Holder","Raw Material","1","Nos","","0","","0","STG 36X30","","0","0","0","0","","FINISH","","MS CASTING","0","0","0","No","2026-06-05 16:04:39","2026-06-05 16:04:39"
"3295","Eccentric Shaft","Raw Material","1","Nos","","0","","0","STG 36X30","","0","0","2050","0","","FINISH","","ROUND BAR EN24","280","0","0","No","2026-06-05 16:04:39","2026-06-05 16:04:39"
"3296","KM+MB 40","Raw Material","1","Nos","","0","","0","STG 36X30","","0","0","0","0","","FINISH","","","0","0","0","No","2026-06-05 16:04:39","2026-06-05 16:04:39"
"3297","Inner ring","Raw Material","1","Nos","","0","","0","STG 36X30","","0","0","0","0","","FINISH","","MS CASTING","0","0","0","No","2026-06-05 16:04:39","2026-06-05 16:04:39"
"3298","Pedestal inside labyrinth","Raw Material","1","Nos","","0","","0","STG 36X30","","0","0","0","0","","FINISH","","CAST IRON","0","0","0","No","2026-06-05 16:04:39","2026-06-05 16:04:39"
"3299","Pedestal outside labyrinth","Raw Material","1","Nos","","0","","0","STG 36X30","","0","0","0","0","","FINISH","","CAST IRON","0","0","0","No","2026-06-05 16:04:39","2026-06-05 16:04:39"
"3300","Swing jaw labyrinth","Raw Material","1","Nos","","0","","0","STG 36X30","","0","0","0","0","","FINISH","","CAST IRON","0","0","0","No","2026-06-05 16:04:39","2026-06-05 16:04:39"
"3301","Pedestal Outside Cover","Raw Material","1","Nos","","0","","0","STG 36X30","","0","0","0","0","","FINISH","","MS CASTING","0","0","0","No","2026-06-05 16:04:39","2026-06-05 16:04:39"
"3302","Pedestal Inside Cover","Raw Material","1","Nos","","0","","0","STG 36X30","","0","0","0","0","","FINISH","","MS CASTING","0","0","0","No","2026-06-05 16:04:39","2026-06-05 16:04:39"
"3303","Swing jaw Cover","Raw Material","1","Nos","","0","","0","STG 36X30","","0","0","0","0","","FINISH","","MS CASTING","0","0","0","No","2026-06-05 16:04:39","2026-06-05 16:04:39"
"3304","Jaw Plate Move","Raw Material","1","Nos","","0","","0","STG 36X30","","0","0","0","0","","FINISH","","MN CASTING","0","0","0","No","2026-06-05 16:04:39","2026-06-05 16:04:39"
"3305","Jaw Plate Fix","Raw Material","1","Nos","","0","","0","STG 36X30","","0","0","0","0","","FINISH","","MN CASTING","0","0","0","No","2026-06-05 16:04:39","2026-06-05 16:04:39"
"3306","Side Plate R.H. & L.H.","Raw Material","1","Nos","","0","","0","STG 36X30","","0","0","0","0","","FINISH","","MN CASTING","0","0","0","No","2026-06-05 16:04:39","2026-06-05 16:04:39"
"3307","Toggle Seat Block","Raw Material","1","Nos","","0","","0","STG 36X30","","0","0","0","0","","FINISH","","MS CASTING","0","0","0","No","2026-06-05 16:04:39","2026-06-05 16:04:39"
"3308","Toggle Seat","Raw Material","1","Nos","","0","","0","STG 36X30","","0","0","0","0","","FINISH","","MS CASTING","0","0","0","No","2026-06-05 16:04:39","2026-06-05 16:04:39"
"3309","Toggle Plate","Raw Material","1","Nos","","0","","0","STG 36X30","","0","0","0","0","","FINISH","","CAST IRON","0","0","0","No","2026-06-05 16:04:39","2026-06-05 16:04:39"
"3310","Keeper","Raw Material","1","Nos","","0","","0","STG 36X30","","0","0","0","0","","FINISH","","MS CASTING","0","0","0","No","2026-06-05 16:04:39","2026-06-05 16:04:39"
"3311","Fly Wheel","Raw Material","1","Nos","","0","","0","STG 36X30","","0","0","0","0","","FINISH","","CAST IRON","1420","0","0","No","2026-06-05 16:04:39","2026-06-05 16:04:39"
"3312","Counter weight","Raw Material","1","Nos","","0","","0","STG 36X30","","0","0","0","0","","FINISH","","MS CASTING","0","0","0","No","2026-06-05 16:04:39","2026-06-05 16:04:39"
"3313","Hydraulic cylinder strock 250","Raw Material","1","Nos","","0","","0","STG 36X30","","0","0","0","0","","FINISH","","","0","0","0","No","2026-06-05 16:04:39","2026-06-05 16:04:39"
"3314","Power pack with direction valve","Raw Material","1","Nos","","0","","0","STG 36X30","","0","0","0","0","","FINISH","","","0","0","0","No","2026-06-05 16:04:39","2026-06-05 16:04:39"
"3315","Taper bush","Raw Material","1","Nos","","0","","0","STG 36X30","","0","0","0","0","","FINISH","","","0","0","0","No","2026-06-05 16:04:39","2026-06-05 16:04:39"
"3316","Pull Back Rod","Raw Material","1","Nos","","0","","0","STG 36X30","","0","0","1650","0","","FINISH","","Round bar En8","50","0","0","No","2026-06-05 16:04:39","2026-06-05 16:04:39"
"3317","Hex Head bolt ","Raw Material","1","Nos","","0","","0","STG 36X30","","0","0","180","0","","FINISH","","","39","0","0","No","2026-06-05 16:04:39","2026-06-05 16:04:39"
"3318","Spring washer","Raw Material","1","Nos","","0","","0","STG 36X30","","0","0","0","0","","FINISH","","","39","0","0","No","2026-06-05 16:04:39","2026-06-05 16:04:39"
"3319","CSK Head bolt ","Raw Material","1","Nos","","0","","0","STG 36X30","","0","0","50","0","","FINISH","","","16","0","0","No","2026-06-05 16:04:39","2026-06-05 16:04:39"
"3320","Sq head bolt with nut, nylon nut, washer ","Raw Material","1","Nos","","0","","0","STG 36X30","","0","0","500","0","","FINISH","","","25.4","0","0","No","2026-06-05 16:04:39","2026-06-05 16:04:39"
"3321","Hex Head bolt with nut, nylon nut, washer","Raw Material","1","Nos","","0","","0","STG 36X30","","0","0","120","0","","FINISH","","","24","0","0","No","2026-06-05 16:04:39","2026-06-05 16:04:39"
"3322","Grease nipple ","Raw Material","1","Nos","","0","","0","STG 36X30","","0","0","0","0","","FINISH","","","6.35","0","0","No","2026-06-05 16:04:39","2026-06-05 16:04:39"
"3323","Wooden block","Raw Material","1","Nos","","0","","0","STG 36X30","","300","300","200","0","","FINISH","","","6.35","0","0","No","2026-06-05 16:04:39","2026-06-05 16:04:39"
"3324","Hex Head bolt with nut, washer","Raw Material","1","Nos","","0","","0","STG 36X30","","0","0","300","0","","FINISH","","MS ","24","0","0","No","2026-06-05 16:04:39","2026-06-05 16:04:39"
"3325","Pull Back Spring","Raw Material","1","Nos","","0","","0","STG 36X30","","0","0","360","28","","FINISH","","","175","119","0","No","2026-06-05 16:04:39","2026-06-05 16:04:39"
"3326","Spring cap","Raw Material","1","Nos","","0","","0","STG 36X30","","0","0","0","40","","FINISH","","MS Circle","175","0","0","No","2026-06-05 16:04:39","2026-06-05 16:04:39"
"3327","Pedestal","Raw Material","1","Nos","","0","","0","STG 42X30","","0","0","0","0","","FINISH","","MS CASTING","0","0","0","No","2026-06-05 16:07:44","2026-06-05 16:07:44"
"3328","Body ","Raw Material","1","Nos","","0","","0","STG 42X30","","0","2406","3560","50","","FINISH","","MS PLATE","0","0","0","No","2026-06-05 16:07:44","2026-06-05 16:07:44"
"3329","Body Block","Raw Material","1","Nos","","0","","0","STG 42X30","","0","2500","2400","50","","FINISH","","MS PLATE","0","0","0","No","2026-06-05 16:07:44","2026-06-05 16:07:44"
"3330","Swing Jaw ","Raw Material","1","Nos","","0","","0","STG 42X30","","0","0","0","0","","FINISH","","MS CASTING","0","0","0","No","2026-06-05 16:07:44","2026-06-05 16:07:44"
"3331","Holder","Raw Material","1","Nos","","0","","0","STG 42X30","","0","0","0","0","","FINISH","","MS CASTING","0","0","0","No","2026-06-05 16:07:44","2026-06-05 16:07:44"
"3332","Eccentric Shaft","Raw Material","1","Nos","","0","","0","STG 42X30","","0","0","2300","0","","FINISH","","ROUND BAR EN24","340","0","0","No","2026-06-05 16:07:44","2026-06-05 16:07:44"
"3333","Swing Jaw Bearing","Raw Material","1","Nos","","0","","0","24060 C3","","0","0","0","0","","FINISH","","","0","0","0","No","2026-06-05 16:07:44","2026-06-05 16:07:44"
"3334","Pedestal Bearing","Raw Material","1","Nos","","0","","0","23156K C3","","0","0","0","0","","FINISH","","","0","0","0","No","2026-06-05 16:07:44","2026-06-05 16:07:44"
"3335","Adaptor sleeve","Raw Material","1","Nos","","0","","0","H3156","","0","0","0","0","","FINISH","","","0","0","0","No","2026-06-05 16:07:44","2026-06-05 16:07:44"
"3336","KM+MB 56","Raw Material","1","Nos","","0","","0","STG 42X30","","0","0","0","0","","FINISH","","","0","0","0","No","2026-06-05 16:07:44","2026-06-05 16:07:44"
"3337","KM+MB 60","Raw Material","1","Nos","","0","","0","STG 42X30","","0","0","0","0","","FINISH","","","0","0","0","No","2026-06-05 16:07:44","2026-06-05 16:07:44"
"3338","Inner ring","Raw Material","1","Nos","","0","","0","STG 42X30","","0","0","0","0","","FINISH","","MS CASTING","0","0","0","No","2026-06-05 16:07:44","2026-06-05 16:07:44"
"3339","Pedestal inside labyrinth","Raw Material","1","Nos","","0","","0","STG 42X30","","0","0","0","0","","FINISH","","CAST IRON","0","0","0","No","2026-06-05 16:07:44","2026-06-05 16:07:44"
"3340","Pedestal outside labyrinth","Raw Material","1","Nos","","0","","0","STG 42X30","","0","0","0","0","","FINISH","","CAST IRON","0","0","0","No","2026-06-05 16:07:44","2026-06-05 16:07:44"
"3341","Swing jaw labyrinth","Raw Material","1","Nos","","0","","0","STG 42X30","","0","0","0","0","","FINISH","","CAST IRON","0","0","0","No","2026-06-05 16:07:44","2026-06-05 16:07:44"
"3342","Pedestal Outside Cover","Raw Material","1","Nos","","0","","0","STG 42X30","","0","0","0","0","","FINISH","","MS CASTING","0","0","0","No","2026-06-05 16:07:44","2026-06-05 16:07:44"
"3343","Pedestal Inside Cover","Raw Material","1","Nos","","0","","0","STG 42X30","","0","0","0","0","","FINISH","","MS CASTING","0","0","0","No","2026-06-05 16:07:44","2026-06-05 16:07:44"
"3344","Swing jaw Cover","Raw Material","1","Nos","","0","","0","STG 42X30","","0","0","0","0","","FINISH","","MS CASTING","0","0","0","No","2026-06-05 16:07:44","2026-06-05 16:07:44"
"3345","Jaw Plate Move","Raw Material","1","Nos","","0","","0","STG 42X30","","0","0","0","0","","FINISH","","MN CASTING","0","0","0","No","2026-06-05 16:07:44","2026-06-05 16:07:44"
"3346","Jaw Plate Fix","Raw Material","1","Nos","","0","","0","STG 42X30","","0","0","0","0","","FINISH","","MN CASTING","0","0","0","No","2026-06-05 16:07:44","2026-06-05 16:07:44"
"3347","Side Plate R.H. & L.H.","Raw Material","1","Nos","","0","","0","STG 42X30","","0","0","0","0","","FINISH","","MN CASTING","0","0","0","No","2026-06-05 16:07:44","2026-06-05 16:07:44"
"3348","Toggle Seat Block","Raw Material","1","Nos","","0","","0","STG 42X30","","0","0","0","0","","FINISH","","MS CASTING","0","0","0","No","2026-06-05 16:07:44","2026-06-05 16:07:44"
"3349","Toggle Seat","Raw Material","1","Nos","","0","","0","STG 42X30","","0","0","0","0","","FINISH","","MS CASTING","0","0","0","No","2026-06-05 16:07:44","2026-06-05 16:07:44"
"3350","Toggle Plate","Raw Material","1","Nos","","0","","0","STG 42X30","","0","0","0","0","","FINISH","","CAST IRON","0","0","0","No","2026-06-05 16:07:44","2026-06-05 16:07:44"
"3351","Keeper","Raw Material","1","Nos","","0","","0","STG 42X30","","0","0","0","0","","FINISH","","MS CASTING","0","0","0","No","2026-06-05 16:07:44","2026-06-05 16:07:44"
"3352","Fly Wheel","Raw Material","1","Nos","","0","","0","STG 42X30","","0","0","0","0","","FINISH","","CAST IRON","1460","0","0","No","2026-06-05 16:07:44","2026-06-05 16:07:44"
"3353","Counter weight","Raw Material","1","Nos","","0","","0","STG 42X30","","0","0","0","0","","FINISH","","MS CASTING","0","0","0","No","2026-06-05 16:07:44","2026-06-05 16:07:44"
"3354","Hydraulic cylinder strock 250","Raw Material","1","Nos","","0","","0","STG 42X30","","0","0","0","0","","FINISH","","","0","0","0","No","2026-06-05 16:07:44","2026-06-05 16:07:44"
"3355","Power pack with direction valve","Raw Material","1","Nos","","0","","0","STG 42X30","","0","0","0","0","","FINISH","","","0","0","0","No","2026-06-05 16:07:44","2026-06-05 16:07:44"
"3356","Taper bush","Raw Material","1","Nos","","0","","0","STG 42X30","","0","0","0","0","","FINISH","","","0","0","0","No","2026-06-05 16:07:44","2026-06-05 16:07:44"
"3357","Pull Back Rod","Raw Material","1","Nos","","0","","0","STG 42X30","","0","0","1850","0","","FINISH","","Round bar En8","50","0","0","No","2026-06-05 16:07:44","2026-06-05 16:07:44"
"3358","Hex Head bolt ","Raw Material","1","Nos","","0","","0","STG 42X30","","0","0","180","0","","FINISH","","","39","0","0","No","2026-06-05 16:07:44","2026-06-05 16:07:44"
"3359","Spring washer","Raw Material","1","Nos","","0","","0","STG 42X30","","0","0","0","0","","FINISH","","","39","0","0","No","2026-06-05 16:07:44","2026-06-05 16:07:44"
"3360","CSK Head bolt ","Raw Material","1","Nos","","0","","0","STG 42X30","","0","0","50","0","","FINISH","","","16","0","0","No","2026-06-05 16:07:44","2026-06-05 16:07:44"
"3361","Sq head bolt with nut, nylon nut, washer ","Raw Material","1","Nos","","0","","0","STG 42X30","","0","0","550","0","","FINISH","","","25.4","0","0","No","2026-06-05 16:07:44","2026-06-05 16:07:44"
"3362","Hex Head bolt with nut, nylon nut, washer","Raw Material","1","Nos","","0","","0","STG 42X30","","0","0","120","0","","FINISH","","","24","0","0","No","2026-06-05 16:07:44","2026-06-05 16:07:44"
"3363","Grease nipple ","Raw Material","1","Nos","","0","","0","STG 42X30","","0","0","0","0","","FINISH","","","6.35","0","0","No","2026-06-05 16:07:44","2026-06-05 16:07:44"
"3364","Wooden block","Raw Material","1","Nos","","0","","0","STG 42X30","","300","300","200","0","","FINISH","","","6.35","0","0","No","2026-06-05 16:07:44","2026-06-05 16:07:44"
"3365","Hex Head bolt with nut, washer","Raw Material","1","Nos","","0","","0","STG 42X30","","0","0","300","0","","FINISH","","MS ","24","0","0","No","2026-06-05 16:07:44","2026-06-05 16:07:44"
"3366","Pull Back Spring","Raw Material","1","Nos","","0","","0","STG 42X30","","0","0","360","28","","FINISH","","","175","119","0","No","2026-06-05 16:07:44","2026-06-05 16:07:44"
"3367","Spring cap","Raw Material","1","Nos","","0","","0","STG 42X30","","0","0","0","40","","FINISH","","MS Circle","175","0","0","No","2026-06-05 16:07:44","2026-06-05 16:07:44"
"3368","Bearing","Raw Material","1","Nos","","0","","3","6309 ZZ","C (Less Then 50kg)","0","0","0","0","","FINISH","Store MHEL","","","","0","No","2026-06-08 14:06:14","2026-06-08 14:06:14"
"3369","Solid Pulley","Raw Material","1","Nos","","0","","1","7'' D2","C (Less Then 50kg)","0","0","0","0","","FINISH","Store MHEL","","","","0","No","2026-06-08 14:06:54","2026-06-08 14:06:54"
"3370","Bearing","Raw Material","1","Nos","","0","","1","22219 C3","C (Less Then 50kg)","0","0","0","0","","FINISH","Store MHEL","","","","0","No","2026-06-08 14:07:34","2026-06-08 14:07:34"
"3371","Bearing","Raw Material","1","Nos","","0","","1","22319 C3","C (Less Then 50kg)","0","0","0","0","","FINISH","Store MHEL","","","","0","No","2026-06-08 14:08:00","2026-06-08 14:08:00"
"3372","Seamless Pipe","Raw Material","1","Nos","","0","","1","272x210x420mm","C (Less Then 50kg)","0","0","0","0","","FINISH","Hacksaw Machine Ke Pass","","","","0","No","2026-06-08 14:20:39","2026-06-08 14:20:39"
"3373","Bearing","Raw Material","1","Nos","","0","","2000","6204 2RS","B (50-150kg)","0","0","0","0","","FINISH","Store MHEL","","","","0","No","2026-06-08 15:00:40","2026-06-08 15:00:40"
"3374","Plate","Raw Material","1","Nos","","0","","2","6mm  1500x6300","B (50-150kg)","0","0","0.01","0","","FINISH","2 Unit CNC M/C Ke Pass","","","","0","No","2026-06-08 15:05:27","2026-06-08 15:05:27"
"3375","Plate","Raw Material","1","Nos","","0","","3","8mm 1500x6300","A (150kg)","0","0","0","0","","FINISH","2 Unit CNC M/C Ke Pass","","","","0","No","2026-06-08 15:06:09","2026-06-08 15:06:09"
"3376","MS Flat","Raw Material","1","Nos","","0","","4","200x50","A (150kg)","0","0","0","0","","FINISH","2 Unit CNC M/C Ke Pass","","","","0","No","2026-06-08 18:33:17","2026-06-08 18:33:17"
"3377","Gear Box","Raw Material","1","Nos","","0","","1","K-4 ID:50mm","A (150kg)","0","0","0","0","","FINISH","Cone Dept. Ke Pass","","","","0","No","2026-06-08 18:34:11","2026-06-08 18:34:11"
"3378","Grease Seal","Raw Material","1","Nos","","0","","3","310x260x20","C (Less Then 50kg)","0","0","0","0","","FINISH","Store MHEL","","","","0","No","2026-06-08 18:35:08","2026-06-08 18:35:08"
"3379","Ferro Mn Medium","Raw Material","1","Kg","","0","","1","2026","","0","0","0","0","","SEMI_FINISH","MTPL","","","","0","No","2026-06-11 17:35:13","2026-06-11 17:35:13"
"3380","Temprature Tips (consumable)","Others","5","Nos","","0","","10","2026","","0","0","0","0","","FINISH","MTPL","","","","0","No","2026-06-11 19:10:24","2026-06-11 19:10:24"
"3381","White Metal","Raw Material","1","Kg","","0","","1","2026","","0","0","0","0","","FINISH","Admin Block","","","","0","No","2026-06-17 14:43:36","2026-06-17 16:17:25"
